fighter_name,first,last,nickname,height_cm,weight_lbs,reach_cm,stance,dob,url
Tom Aaron,Tom,Aaron,,,155.0,,,1978-07-13,http://ufcstats.com/fighter-details/93fe7332d16c6ad9
Danny Abbadi,Danny,Abbadi,The Assassin,180.3,155.0,,Orthodox,1983-07-03,http://ufcstats.com/fighter-details/15df64c02b6b0fde
Nariman Abbasov,Nariman,Abbasov,Bayraktar,172.7,155.0,167.6,Orthodox,1994-02-01,http://ufcstats.com/fighter-details/59a9d6dac61c2540
Darion Abbey,Darion,Abbey,,188.0,265.0,203.2,Orthodox,1993-02-25,http://ufcstats.com/fighter-details/4961467134abd8be
David Abbott,David,Abbott,Tank,182.9,265.0,,Switch,1965-04-26,http://ufcstats.com/fighter-details/b361180739bed4b0
Hamdy Abdelwahab,Hamdy,Abdelwahab,The Hammer,188.0,264.0,182.9,Southpaw,1993-01-22,http://ufcstats.com/fighter-details/3329d692aea4dc28
Farida Abdueva,Farida,Abdueva,,,115.0,,,2004-05-15,http://ufcstats.com/fighter-details/8f3837b4c06f3d1e
Mansur Abdul-Malik,Mansur,Abdul-Malik,,188.0,185.0,203.2,Orthodox,1997-10-07,http://ufcstats.com/fighter-details/841695e02c99a521
Akbar Abdullaev,Akbar,Abdullaev,Bakal,,155.0,,,1997-09-20,http://ufcstats.com/fighter-details/24cb8f04de1310cb
Tahir Abdullayev,Tahir,Abdullayev,Tank,172.7,170.0,185.4,Orthodox,1997-02-02,http://ufcstats.com/fighter-details/e047d3b541afd4a7
Shamil Abdurakhimov,Shamil,Abdurakhimov,Abrek,190.5,235.0,193.0,Orthodox,1981-09-02,http://ufcstats.com/fighter-details/2f5cbecbbe18bac4
Hiroyuki Abe,Hiroyuki,Abe,Abe Ani,167.6,145.0,,Orthodox,,http://ufcstats.com/fighter-details/c0ed7b208197e8de
Daichi Abe,Daichi,Abe,,180.3,170.0,180.3,Orthodox,1991-11-27,http://ufcstats.com/fighter-details/5140122c3eecd307
Papy Abedi,Papy,Abedi,Makambo,180.3,185.0,,Southpaw,1978-06-30,http://ufcstats.com/fighter-details/c9f6385af6df66d7
Ricardo Abreu,Ricardo,Abreu,Demente,180.3,185.0,,Orthodox,1984-04-27,http://ufcstats.com/fighter-details/aa6e591c2a2cdecd
Klidson Abreu,Klidson,Abreu,White Bear,182.9,205.0,188.0,Orthodox,1992-12-24,http://ufcstats.com/fighter-details/7279654c7674cd24
Cyborg Abreu,Cyborg,Abreu,,,,,,1980-12-20,http://ufcstats.com/fighter-details/f689bd7bbd14b392
Daniel Acacio,Daniel,Acacio,,172.7,180.0,,Orthodox,1977-12-27,http://ufcstats.com/fighter-details/1c5879330d42255f
John Adajar,John,Adajar,The Outlaw,175.3,170.0,190.5,Orthodox,1991-06-22,http://ufcstats.com/fighter-details/989b85f6540c86b1
Scott Adams,Scott,Adams,,182.9,225.0,,Southpaw,,http://ufcstats.com/fighter-details/2620f3eb21c79614
Juan Adams,Juan,Adams,The Kraken,195.6,265.0,203.2,Orthodox,1992-01-16,http://ufcstats.com/fighter-details/83b00f7597e5ac83
Anthony Adams,Anthony,Adams,Sugafoot,185.4,185.0,193.0,Orthodox,1988-01-13,http://ufcstats.com/fighter-details/a77633a989013265
Matt Adams,Matt,Adams,Bad,,256.0,,,1997-09-07,http://ufcstats.com/fighter-details/acff8cdcfc634cb5
Zarrukh Adashev,Zarrukh,Adashev,The Lion,165.1,125.0,165.1,Southpaw,1992-07-29,http://ufcstats.com/fighter-details/79cb2a690b9ba5e8
Israel Adesanya,Israel,Adesanya,The Last Stylebender,193.0,185.0,203.2,Switch,1989-07-22,http://ufcstats.com/fighter-details/1338e2c7480bdf9e
Sam Adkins,Sam,Adkins,The Experience,190.5,225.0,,Orthodox,1965-04-26,http://ufcstats.com/fighter-details/0e9869d712e81f8f
Mohamed Ado,Mohamed,Ado,,180.3,170.0,193.0,Switch,2000-05-03,http://ufcstats.com/fighter-details/7a846fcbf182a7c8
Nick Agallar,Nick,Agallar,,172.7,155.0,,Orthodox,1979-01-13,http://ufcstats.com/fighter-details/ebc5af72ad5a28cb
Mariya Agapova,Mariya,Agapova,Money Mashka,167.6,125.0,172.7,Southpaw,1997-04-07,http://ufcstats.com/fighter-details/a08ddd04eaffd81d
Kantharaj Agasa,Kantharaj,Agasa,Kannadiga,,135.0,,,1992-02-16,http://ufcstats.com/fighter-details/26f4288e83188c61
Marcelo Aguiar,Marcelo,Aguiar,,177.8,170.0,,Orthodox,,http://ufcstats.com/fighter-details/44aa652b181bcf68
Fabio Aguiar,Fabio,Aguiar,,182.9,185.0,,,1988-02-10,http://ufcstats.com/fighter-details/501821d7fb7b95c1
Edwin Aguilar,Edwin,Aguilar,Tigre,177.8,185.0,,,,http://ufcstats.com/fighter-details/6cadc0a0ba7dc015
Jessica Aguilar,Jessica,Aguilar,Jag,160.0,115.0,160.0,Orthodox,1982-05-08,http://ufcstats.com/fighter-details/8f382b3baa954d2a
Kevin Aguilar,Kevin,Aguilar,Angel of Death,170.2,155.0,185.4,Orthodox,1988-09-07,http://ufcstats.com/fighter-details/cf946e03ba2e7666
Jesus Aguilar,Jesus,Aguilar,,162.6,125.0,157.5,Orthodox,1996-03-13,http://ufcstats.com/fighter-details/c051c2e12d692b8a
Christian Aguilera,Christian,Aguilera,The Beast,175.3,170.0,182.9,Switch,1991-11-25,http://ufcstats.com/fighter-details/ae071698e1a3ccd4
Nick Aguirre,Nick,Aguirre,Slick,175.3,135.0,188.0,Southpaw,1996-01-15,http://ufcstats.com/fighter-details/0978385b2bd9ef9b
Agulali,,Agulali,,175.3,125.0,170.2,Switch,2005-04-07,http://ufcstats.com/fighter-details/b2efa582adf73604
Ahejiang Ailinuer,Ahejiang,Ailinuer,,,145.0,,,,http://ufcstats.com/fighter-details/ff584c17bccbae0b
Mike Aina,Mike,Aina,Iron,175.3,155.0,,Orthodox,,http://ufcstats.com/fighter-details/9e3dbb9c68ed5d1a
Ashiek Ajim,Ashiek,Ajim,Peak Physique,172.7,135.0,180.3,Switch,1994-06-19,http://ufcstats.com/fighter-details/49dea784f6cfed71
Hitomi Akano,Hitomi,Akano,Girlfight Monster,162.6,135.0,,Southpaw,1974-07-27,http://ufcstats.com/fighter-details/2eada40ac8801559
Omari Akhmedov,Omari,Akhmedov,Wolverine,182.9,185.0,185.4,Orthodox,1987-10-12,http://ufcstats.com/fighter-details/16690d100f995f8f
Yoshihiro Akiyama,Yoshihiro,Akiyama,,177.8,170.0,190.5,Orthodox,1975-07-29,http://ufcstats.com/fighter-details/b0550072e5f0afa7
Rostem Akman,Rostem,Akman,,177.8,170.0,182.9,Switch,1991-12-19,http://ufcstats.com/fighter-details/1fc64507a0cb38cf
Razak Al-Hassan,Razak,Al-Hassan,,188.0,205.0,,Orthodox,1982-05-14,http://ufcstats.com/fighter-details/38b50fd1e1b5b656
Abdul-Kareem Al-Selwady,Abdul-Kareem,Al-Selwady,Pride of Palestine,172.7,155.0,175.3,Orthodox,1995-04-10,http://ufcstats.com/fighter-details/597499ac7a5aac62
Mostapha Al-Turk,Mostapha,Al-Turk,,188.0,245.0,195.6,Orthodox,1973-07-14,http://ufcstats.com/fighter-details/1cf1310684a841f5
Herdem Alacabek,Herdem,Alacabek,,188.0,205.0,190.5,Orthodox,1991-06-07,http://ufcstats.com/fighter-details/7578cc6bd750206b
Javi Alanis,Javi,Alanis,,167.6,135.0,,,,http://ufcstats.com/fighter-details/2144954270be834d
Alatengheili,,Alatengheili,The Mongolian Knight,165.1,135.0,167.6,Orthodox,1991-12-14,http://ufcstats.com/fighter-details/1897b7b913736a7c
Amir Albazi,Amir,Albazi,The Prince,165.1,125.0,172.7,Orthodox,1993-10-27,http://ufcstats.com/fighter-details/6d35bf94f7d30241
Brett Albee,Brett,Albee,,,225.0,,,,http://ufcstats.com/fighter-details/9b28292abe3166d5
John Albert,John,Albert,Prince,172.7,135.0,172.7,Orthodox,1986-10-13,http://ufcstats.com/fighter-details/7bd94b60d7521e4a
Junior Albini,Junior,Albini,Baby,190.5,264.0,188.0,Orthodox,1991-03-15,http://ufcstats.com/fighter-details/c482c8605455a213
Wes Albritton,Wes,Albritton,,177.8,188.0,,Orthodox,,http://ufcstats.com/fighter-details/184b955181bdef52
Aleksandra Albu,Aleksandra,Albu,Stitch,157.5,115.0,160.0,Orthodox,1990-07-14,http://ufcstats.com/fighter-details/e76d9f656ceb82ab
Israel Albuquerque,Israel,Albuquerque,,,185.0,,Orthodox,,http://ufcstats.com/fighter-details/dd1b90eea08887f6
Juan Alcain,Juan,Alcain,,,,,,,http://ufcstats.com/fighter-details/39f62b833e4cf126
Iuri Alcantara,Iuri,Alcantara,Marajo,175.3,135.0,180.3,Southpaw,1980-08-04,http://ufcstats.com/fighter-details/2f95a3c6d58b2aad
Ildemar Alcantara,Ildemar,Alcantara,Marajo,188.0,185.0,198.1,Orthodox,1982-11-18,http://ufcstats.com/fighter-details/7c6e87729e824ef4
Alfonso Alcarez,Alfonso,Alcarez,,160.0,145.0,,,1970-06-10,http://ufcstats.com/fighter-details/1e38bba6738b7b10
Gilbert Aldana,Gilbert,Aldana,El Peligro,185.4,250.0,,Orthodox,1977-08-25,http://ufcstats.com/fighter-details/d26934530dc5b248
Irene Aldana,Irene,Aldana,,175.3,135.0,172.7,Orthodox,1988-03-26,http://ufcstats.com/fighter-details/578ef12674df1e6a
Hector Aldana,Hector,Aldana,,180.3,170.0,182.9,Orthodox,1988-08-17,http://ufcstats.com/fighter-details/c487223b0289bda9
Jose Alday,Jose,Alday,Pochito,170.2,135.0,172.7,Orthodox,1991-09-14,http://ufcstats.com/fighter-details/7460ddef986d3144
Jose Aldo,Jose,Aldo,,170.2,135.0,177.8,Orthodox,1986-09-09,http://ufcstats.com/fighter-details/d0f3959b4a9747e6
JJ Aldrich,JJ,Aldrich,,165.1,125.0,170.2,Southpaw,1992-09-29,http://ufcstats.com/fighter-details/6fd953151d981979
Irina Alekseeva,Irina,Alekseeva,Russian Ronda,172.7,135.0,170.2,Orthodox,1990-06-27,http://ufcstats.com/fighter-details/103e2e33a60683e1
Talita Alencar,Talita,Alencar,Problem Child,154.9,115.0,147.3,Orthodox,1990-10-17,http://ufcstats.com/fighter-details/d35298b6df168456
Jim Alers,Jim,Alers,The Beast,175.3,145.0,180.3,Orthodox,1986-10-14,http://ufcstats.com/fighter-details/fe5a9547479396ab
John Alessio,John,Alessio,The Natural,177.8,155.0,182.9,Orthodox,1979-07-05,http://ufcstats.com/fighter-details/7a15f3694c5cbc02
Houston Alexander,Houston,Alexander,The Assassin,182.9,205.0,182.9,Orthodox,1972-03-22,http://ufcstats.com/fighter-details/0541480fbf719d86
Kenneth Alexander,Kenneth,Alexander,The Machine,175.3,155.0,,Orthodox,1977-09-25,http://ufcstats.com/fighter-details/8fd76e1b49c00ae2
Lucas Alexander,Lucas,Alexander,The Lion,180.3,145.0,185.4,Orthodox,1995-07-28,http://ufcstats.com/fighter-details/11583163f45c7b31
Marcio Alexandre Junior,Marcio,Alexandre Junior,Lyoto,182.9,185.0,190.5,Southpaw,1989-05-05,http://ufcstats.com/fighter-details/d53482bef23235ba
Olaf Alfonso,Olaf,Alfonso,,188.0,170.0,,Orthodox,1974-08-06,http://ufcstats.com/fighter-details/b757c73f443d4fca
Pablo Alfonso,Pablo,Alfonso,The Hurricane,172.7,145.0,,,1983-05-09,http://ufcstats.com/fighter-details/4b37a0bc2ab4cae1
Levi Alford,Levi,Alford,,,,,,,http://ufcstats.com/fighter-details/41b34b7f11f6d085
Bill Algeo,Bill,Algeo,Senor Perfecto,182.9,145.0,185.4,Switch,1989-06-09,http://ufcstats.com/fighter-details/9abc648e76c4493a
Royce Alger,Royce,Alger,,177.8,199.0,,Orthodox,,http://ufcstats.com/fighter-details/669a3cb6e394f515
Amir Aliakbari,Amir,Aliakbari,,190.5,250.0,,,1984-06-10,http://ufcstats.com/fighter-details/e17770faae3ca54c
Sultan Aliev,Sultan,Aliev,,180.3,170.0,188.0,Orthodox,1984-09-17,http://ufcstats.com/fighter-details/e70de1859b7ee78e
Nurullo Aliev,Nurullo,Aliev,Tajik Eagle,177.8,155.0,182.9,Orthodox,2000-12-08,http://ufcstats.com/fighter-details/ca28cdf526d6b6e9
Kimbert Alintozon,Kimbert,Alintozon,The Hunter,,135.0,,,1999-01-21,http://ufcstats.com/fighter-details/a075a34d7527fadf
Ikram Aliskerov,Ikram,Aliskerov,,182.9,185.0,193.0,Southpaw,1992-12-07,http://ufcstats.com/fighter-details/b07aed698fba8624
Leon Aliu,Leon,Aliu,The Albanian Lion,182.9,185.0,188.0,Orthodox,1989-07-14,http://ufcstats.com/fighter-details/6db394bf6c3b017c
John Allan,John,Allan,,185.4,205.0,190.5,Orthodox,1993-02-22,http://ufcstats.com/fighter-details/6ebe96a116e79e52
George Allen,George,Allen,,188.0,205.0,,Open Stance,1967-01-13,http://ufcstats.com/fighter-details/1e13936d708bcff7
Arnold Allen,Arnold,Allen,Almighty,172.7,145.0,177.8,Southpaw,1994-01-22,http://ufcstats.com/fighter-details/040a74bb0a465c54
Brendan Allen,Brendan,Allen,All In,188.0,185.0,190.5,Orthodox,1995-12-28,http://ufcstats.com/fighter-details/2f181c0467965b98
Daniel Allen,Daniel,Allen,,182.9,155.0,190.5,Southpaw,1992-08-10,http://ufcstats.com/fighter-details/adf9a901308fb8e3
Ben Alloway,Ben,Alloway,Blanco,180.3,170.0,193.0,Orthodox,1981-02-19,http://ufcstats.com/fighter-details/c4fe2e9a06ea5bcb
Asu Almabayev,Asu,Almabayev,Zulfikar,162.6,125.0,165.1,Orthodox,1994-01-25,http://ufcstats.com/fighter-details/8d3273573b85be09
Bekzat Almakhan,Bekzat,Almakhan,The Turan Warrior,170.2,135.0,172.7,Orthodox,1997-10-08,http://ufcstats.com/fighter-details/a4dc0f2b95df4cc1
John Dave Almanza,John Dave,Almanza,The Striker,170.2,125.0,170.2,Southpaw,2004-03-22,http://ufcstats.com/fighter-details/088aa1b19b2dc14a
Ricardo Almeida,Ricardo,Almeida,Big Dog,182.9,170.0,188.0,Orthodox,1976-11-29,http://ufcstats.com/fighter-details/91186547a7f3f758
Magno Almeida,Magno,Almeida,,182.9,155.0,,,1985-06-06,http://ufcstats.com/fighter-details/d615d6a10a4704cd
Thomas Almeida,Thomas,Almeida,Thominhas,170.2,145.0,177.8,Southpaw,1991-07-31,http://ufcstats.com/fighter-details/2b074403b7c6cdb4
Ericka Almeida,Ericka,Almeida,,167.6,115.0,,Orthodox,1989-03-05,http://ufcstats.com/fighter-details/67a992d4cff22466
Estefani Almeida,Estefani,Almeida,,162.6,125.0,,Orthodox,1988-10-17,http://ufcstats.com/fighter-details/f16ddfa31236efed
Jailton Almeida,Jailton,Almeida,Malhadinho,190.5,205.0,200.7,Orthodox,1991-06-26,http://ufcstats.com/fighter-details/41e83a89929d1327
Lucas Almeida,Lucas,Almeida,,180.3,145.0,180.3,Orthodox,1991-01-31,http://ufcstats.com/fighter-details/710f0f8c5d5c9d41
Cesar Almeida,Cesar,Almeida,Cesinha,185.4,185.0,188.0,Orthodox,1988-03-28,http://ufcstats.com/fighter-details/64d47ef881a437a4
Mauricio Alonso,Mauricio,Alonso,,188.0,170.0,,,1980-02-27,http://ufcstats.com/fighter-details/c6bf75775b278ed8
Sarah Alpar,Sarah,Alpar,Too Sweet,162.6,135.0,160.0,Southpaw,1991-06-01,http://ufcstats.com/fighter-details/49b130de1da2e1bf
Ali AlQaisi,Ali,AlQaisi,The Royal Fighter,167.6,135.0,172.7,Orthodox,1990-09-23,http://ufcstats.com/fighter-details/e87a13e02c01331d
Abe Alsaghir,Abe,Alsaghir,The Killer,,155.0,,,2001-07-01,http://ufcstats.com/fighter-details/27a9ce2c04071efe
Rico Altamirano,Rico,Altamirano,,177.8,170.0,,,,http://ufcstats.com/fighter-details/c61b49cec6abd6b9
Victor Altamirano,Victor,Altamirano,El Magnifico,172.7,125.0,177.8,Switch,1991-01-23,http://ufcstats.com/fighter-details/dc7927cd622676a7
Mike Altman,Mike,Altman,,177.8,185.0,,Orthodox,,http://ufcstats.com/fighter-details/c11036da9162cb5f
Patricia Alujas,Patricia,Alujas,The Angel,162.6,115.0,162.6,Orthodox,1996-05-08,http://ufcstats.com/fighter-details/430c533614d45813
Sean Alvarez,Sean,Alvarez,,182.9,235.0,,Orthodox,1971-07-14,http://ufcstats.com/fighter-details/e741536153227386
Eddie Alvarez,Eddie,Alvarez,,175.3,155.0,175.3,Orthodox,1984-01-11,http://ufcstats.com/fighter-details/33a331684283900f
Jaime Alvarez,Jaime,Alvarez,,172.7,125.0,175.3,Orthodox,1988-03-08,http://ufcstats.com/fighter-details/4438482bd1d5a029
Joel Alvarez,Joel,Alvarez,El Fenomeno,190.5,155.0,195.6,Orthodox,1993-03-02,http://ufcstats.com/fighter-details/58bbef3770bb2dfc
Thiago Alves,Thiago,Alves,Pitbull,175.3,170.0,177.8,Orthodox,1983-10-03,http://ufcstats.com/fighter-details/31ee470ef5dc8d7f
Anthony Alves,Anthony,Alves,,,,,,,http://ufcstats.com/fighter-details/bd92cf5da5413d2a
Amilcar Alves,Amilcar,Alves,,182.9,170.0,,Southpaw,1988-08-08,http://ufcstats.com/fighter-details/dc5a6b2fdb27e7dc
Warlley Alves,Warlley,Alves,,180.3,185.0,182.9,Orthodox,1991-01-04,http://ufcstats.com/fighter-details/d317a5e2b3f88c5f
Rafael Alves,Rafael,Alves,The Turn,172.7,155.0,172.7,Orthodox,1990-11-14,http://ufcstats.com/fighter-details/029afd138865d20a
Sam Alvey,Sam,Alvey,Smile'N,188.0,185.0,190.5,Southpaw,1986-05-06,http://ufcstats.com/fighter-details/d156513a19acf856
Christopher Alvidrez,Christopher,Alvidrez,The Newborn,182.9,170.0,188.0,Orthodox,1996-12-27,http://ufcstats.com/fighter-details/f4abf9aeda861283
Mahamed Aly,Mahamed,Aly,,188.0,205.0,198.1,Orthodox,1994-01-11,http://ufcstats.com/fighter-details/86c1441676af2c73
Andre Amado,Andre,Amado,Dida,182.9,154.0,,Orthodox,,http://ufcstats.com/fighter-details/20821819c401ced8
Adlan Amagov,Adlan,Amagov,Borz,188.0,170.0,193.0,Orthodox,1986-10-30,http://ufcstats.com/fighter-details/1e327b281ef6a745
Maiara Amanajas dos Santos,Maiara,Amanajas dos Santos,,165.1,115.0,,Southpaw,1987-07-11,http://ufcstats.com/fighter-details/247fbbfafea60bb1
Chris Amarante,Chris,Amarante,,,185.0,,,,http://ufcstats.com/fighter-details/ee0b69e307c857e5
Jimmy Ambriz,Jimmy,Ambriz,The Titan,188.0,315.0,,Southpaw,1970-01-26,http://ufcstats.com/fighter-details/c912f676692c353a
JJ Ambrose,JJ,Ambrose,,177.8,170.0,,Orthodox,,http://ufcstats.com/fighter-details/d562b12b8fe88336
Alen Amedovski,Alen,Amedovski,,177.8,185.0,188.0,Orthodox,1988-04-06,http://ufcstats.com/fighter-details/70fa1c64a2c439ef
Hyder Amil,Hyder,Amil,The Hurricane,175.3,145.0,177.8,Switch,1990-05-28,http://ufcstats.com/fighter-details/41cc71cbf210e0fe
Hamid Amiri,Hamid,Amiri,The Storm,,145.0,,,2003-06-15,http://ufcstats.com/fighter-details/6c40705cf6c0d7e2
Makwan Amirkhani,Makwan,Amirkhani,Mr. Finland,177.8,145.0,182.9,Southpaw,1988-11-08,http://ufcstats.com/fighter-details/87a1dc546b1c5caf
Jaqueline Amorim,Jaqueline,Amorim,,160.0,115.0,172.7,Orthodox,1995-06-24,http://ufcstats.com/fighter-details/bc7d1ad49fcb2d08
Yaroslav Amosov,Yaroslav,Amosov,,,185.0,,,1993-09-09,http://ufcstats.com/fighter-details/f139d6836efd43dd
Bertrand Amoussou,Bertrand,Amoussou,,172.7,190.0,,Orthodox,,http://ufcstats.com/fighter-details/53adf5b845d91e4a
Karl Amoussou,Karl,Amoussou,The Psycho,180.3,185.0,,Orthodox,1985-11-21,http://ufcstats.com/fighter-details/23a8c33869bf5392
Eryk Anders,Eryk,Anders,Ya Boi,185.4,185.0,190.5,Southpaw,1987-04-21,http://ufcstats.com/fighter-details/cad24459b28592ca
Matt Andersen,Matt,Andersen,,188.0,230.0,,Southpaw,1971-05-29,http://ufcstats.com/fighter-details/8738eacd62e82a32
Andy Anderson,Andy,Anderson,The Hammer,167.6,240.0,,,1974-07-16,http://ufcstats.com/fighter-details/9199e0735b83dd32
Lowell Anderson,Lowell,Anderson,,167.6,160.0,,Orthodox,,http://ufcstats.com/fighter-details/1ffc38f67785797b
Corey Anderson,Corey,Anderson,Overtime,190.5,205.0,200.7,Orthodox,1989-09-22,http://ufcstats.com/fighter-details/5e4eec08896c9423
Derek Anderson,Derek,Anderson,Barbaric,182.9,155.0,,,1990-02-02,http://ufcstats.com/fighter-details/19ba965651486013
Megan Anderson,Megan,Anderson,,182.9,145.0,182.9,Orthodox,1990-02-11,http://ufcstats.com/fighter-details/a0e75f4a13eb73f1
Liam Anderson,Liam,Anderson,,190.5,185.0,190.5,Orthodox,1995-01-13,http://ufcstats.com/fighter-details/b03a0c78ca45facf
Damien Anderson,Damien,Anderson,Demon Hands,,145.0,,Southpaw,1997-01-04,http://ufcstats.com/fighter-details/df619b9a86ce0a9a
Tatsuya Ando,Tatsuya,Ando,Kirinji,162.6,145.0,172.7,Southpaw,1990-04-26,http://ufcstats.com/fighter-details/17615148dd4be6f6
Alex Andrade,Alex,Andrade,El Toro,180.3,200.0,,Orthodox,1974-05-14,http://ufcstats.com/fighter-details/1562b12763cc8d67
Jessica Andrade,Jessica,Andrade,Bate Estaca,154.9,115.0,157.5,Orthodox,1991-09-25,http://ufcstats.com/fighter-details/6a1901c62ab3870f
Viscardi Andrade,Viscardi,Andrade,,180.3,170.0,190.5,Orthodox,1984-03-08,http://ufcstats.com/fighter-details/d221ee27afc7a60e
Jermaine Andre,Jermaine,Andre,,170.2,200.0,,Orthodox,,http://ufcstats.com/fighter-details/9bad58fa651d6196
Fellipe Andrew,Fellipe,Andrew,,,,,,1994-10-24,http://ufcstats.com/fighter-details/7977fb0fd9c5955d
Dylan Andrews,Dylan,Andrews,The Villain,185.4,185.0,188.0,Switch,1979-11-15,http://ufcstats.com/fighter-details/00debc804e2b1cd4
Reese Andy,Reese,Andy,Riptide,182.9,205.0,,Orthodox,1973-03-31,http://ufcstats.com/fighter-details/46e2ca71fd5089cb
Angga,,Angga,The Hitman,170.2,145.0,172.7,Orthodox,1989-01-13,http://ufcstats.com/fighter-details/d6a3e131ad4ba064
Julius Anglickas,Julius,Anglickas,,190.5,205.0,,Orthodox,1991-07-23,http://ufcstats.com/fighter-details/e20ad078a7d63361
Collin Anglin,Collin,Anglin,,175.3,145.0,180.3,Orthodox,1993-02-20,http://ufcstats.com/fighter-details/047a91d3d9c79b05
Chad Anheliger,Chad,Anheliger,The Monster,167.6,135.0,162.6,Orthodox,1986-12-01,http://ufcstats.com/fighter-details/c7c39e2fb70248b3
Yoji Anjo,Yoji,Anjo,Mr. 200%,180.3,205.0,,Orthodox,1967-03-28,http://ufcstats.com/fighter-details/e06fd1260ac865a7
Magomed Ankalaev,Magomed,Ankalaev,,190.5,205.0,190.5,Orthodox,1992-06-02,http://ufcstats.com/fighter-details/d802174b0c0c1f4e
Gadzhimurad Antigulov,Gadzhimurad,Antigulov,,180.3,205.0,177.8,Orthodox,1987-02-09,http://ufcstats.com/fighter-details/af997f7611673880
Adam Antolin,Adam,Antolin,Captain Chaos,165.1,125.0,160.0,Orthodox,1982-02-28,http://ufcstats.com/fighter-details/25b31165758402dd
Angelo Antonio,Angelo,Antonio,,,205.0,,Orthodox,,http://ufcstats.com/fighter-details/dbd198f780286aca
Vanilto Antunes,Vanilto,Antunes,,182.9,170.0,182.9,Orthodox,1994-12-28,http://ufcstats.com/fighter-details/cc49ada1ea955b13
Azunna Anyanwu,Azunna,Anyanwu,Zulu,185.4,251.0,,Orthodox,1981-08-05,http://ufcstats.com/fighter-details/78d48d3874dacafd
Shinsho Anzai,Shinsho,Anzai,Animal,170.2,170.0,177.8,Orthodox,1985-12-01,http://ufcstats.com/fighter-details/4665f9f909cd7214
Jin Aoi,Jin,Aoi,,167.6,145.0,172.7,Orthodox,1997-01-21,http://ufcstats.com/fighter-details/031da10a00c8ccd4
Shinya Aoki,Shinya,Aoki,Tobikan Judan,180.3,154.0,,Southpaw,1983-05-09,http://ufcstats.com/fighter-details/79ded75550efc139
Aoriqileng,,Aoriqileng,The Mongolian Murderer,170.2,135.0,175.3,Orthodox,1993-06-25,http://ufcstats.com/fighter-details/7d420039bbfe7c1a
Josh Appelt,Josh,Appelt,,177.8,255.0,,Southpaw,1983-06-19,http://ufcstats.com/fighter-details/0c1a04afca64e38f
Erik Apple,Erik,Apple,,182.9,170.0,,Orthodox,1977-08-26,http://ufcstats.com/fighter-details/1ccff7f0cfdf85eb
Kenji Arai,Kenji,Arai,,177.8,145.0,,Southpaw,1979-10-05,http://ufcstats.com/fighter-details/269d103c96a4c3a5
Romie Aram,Romie,Aram,,177.8,170.0,,Orthodox,1977-12-02,http://ufcstats.com/fighter-details/73ef22f25d0f70e2
Felipe Arantes,Felipe,Arantes,Sertanejo,172.7,135.0,185.4,Orthodox,1988-02-09,http://ufcstats.com/fighter-details/71002dbc1743b9a7
Igor Araujo,Igor,Araujo,,185.4,170.0,195.6,Orthodox,1980-12-06,http://ufcstats.com/fighter-details/dbea8c1cb327ab3d
Viviane Araujo,Viviane,Araujo,Vivi,162.6,125.0,172.7,Orthodox,1986-11-21,http://ufcstats.com/fighter-details/36541f1e6c5d4955
Julio Arce,Julio,Arce,,170.2,145.0,177.8,Southpaw,1989-10-27,http://ufcstats.com/fighter-details/1291edf2d566a71a
Art Arciniega,Art,Arciniega,King Arthur,172.7,145.0,,,1981-10-15,http://ufcstats.com/fighter-details/d25e39e74efb0a77
Alice Ardelean,Alice,Ardelean,,160.0,115.0,157.5,Orthodox,1992-04-19,http://ufcstats.com/fighter-details/87f8699fdcc2c404
Tristan Arenal,Tristan,Arenal,,,155.0,,,,http://ufcstats.com/fighter-details/9c9455912d917e4e
Gabriel Arges,Gabriel,Arges,,,170.0,,,1993-01-29,http://ufcstats.com/fighter-details/db3c4a884d704efe
Dan Argueta,Dan,Argueta,The Determined,170.2,135.0,172.7,Southpaw,1993-08-13,http://ufcstats.com/fighter-details/e4ba58725825412d
Reza Arianto,Reza,Arianto,The Crazy Lion,,155.0,,,,http://ufcstats.com/fighter-details/90063913321e7670
Ryoga Arimoto,Ryoga,Arimoto,,,125.0,,,1998-12-07,http://ufcstats.com/fighter-details/e0e1801e8721af17
Hashem Arkhagha,Hashem,Arkhagha,,188.0,185.0,190.5,Orthodox,1989-09-11,http://ufcstats.com/fighter-details/9a7ffa80766caa51
Andrei Arlovski,Andrei,Arlovski,The Pitbull,190.5,240.0,195.6,Orthodox,1979-02-04,http://ufcstats.com/fighter-details/3738e68d2261e60f
Garrett Armfield,Garrett,Armfield,,167.6,135.0,177.8,Orthodox,1996-10-09,http://ufcstats.com/fighter-details/1effd880e1f1bb30
Joey Armstrong,Joey,Armstrong,,,,,,,http://ufcstats.com/fighter-details/30ad2050273d016a
Austin Arnett,Austin,Arnett,,182.9,145.0,182.9,Orthodox,1991-10-22,http://ufcstats.com/fighter-details/bf0e700106d00e55
Ricardo Arona,Ricardo,Arona,The Brazilian Tiger,180.3,205.0,,Orthodox,1978-07-17,http://ufcstats.com/fighter-details/05fbfe628658c538
Eli Aronov,Eli,Aronov,The Israeli Tank,177.8,185.0,182.9,Orthodox,1996-06-06,http://ufcstats.com/fighter-details/a90c200c3fbb22c4
Chalid Arrab,Chalid,Arrab,Die Faust,180.3,205.0,,Orthodox,1975-05-28,http://ufcstats.com/fighter-details/770b9d4813c25902
Akbarh Arreola,Akbarh,Arreola,El Caballero,177.8,155.0,180.3,Southpaw,1983-01-14,http://ufcstats.com/fighter-details/c136b2a8852da5bd
Matt Arroyo,Matt,Arroyo,No Regard,177.8,170.0,182.9,Orthodox,1982-09-01,http://ufcstats.com/fighter-details/de62052b2ede65ba
Antonio Arroyo,Antonio,Arroyo,,190.5,185.0,185.4,Orthodox,1989-07-01,http://ufcstats.com/fighter-details/61fb8098ccf81c7f
Gilles Arsene,Gilles,Arsene,,175.3,190.0,,Southpaw,,http://ufcstats.com/fighter-details/2dea80c069847321
Veta Arteaga,Veta,Arteaga,,170.2,125.0,,,,http://ufcstats.com/fighter-details/91e3388e69060e69
Cesar Arzamendia,Cesar,Arzamendia,Goku,180.3,155.0,,Orthodox,1991-01-31,http://ufcstats.com/fighter-details/49f78022126bf4a4
Kai Asakura,Kai,Asakura,,172.7,125.0,175.3,Orthodox,1993-10-31,http://ufcstats.com/fighter-details/d33da8a3d82bdb62
Teddy Ash,Teddy,Ash,Bear,185.4,185.0,185.4,Switch,1989-12-27,http://ufcstats.com/fighter-details/a373085066dbfb54
Arman Ashimov,Arman,Ashimov,Mustafa Ozturik,167.6,125.0,,,1992-01-14,http://ufcstats.com/fighter-details/d26a0988c9dc9886
Yanal Ashmouz,Yanal,Ashmouz,Red Fox,175.3,155.0,175.3,Orthodox,1995-03-31,http://ufcstats.com/fighter-details/c739c2995a275314
Asjabharan,,Asjabharan,,167.6,135.0,,,1992-07-31,http://ufcstats.com/fighter-details/8be9deb7d6b36354
Askar Askar,Askar,Askar,AK-47,170.2,145.0,175.3,Orthodox,1994-08-19,http://ufcstats.com/fighter-details/2abc414136504554
Askar Askarov,Askar,Askarov,Bullet,167.6,125.0,170.2,Orthodox,1992-10-09,http://ufcstats.com/fighter-details/b1d19449397541dc
Cyril Asker,Cyril,Asker,Silverback,182.9,247.0,188.0,Orthodox,1985-12-24,http://ufcstats.com/fighter-details/9be6020024133293
Khusein Askhabov,Khusein,Askhabov,Nohcho,172.7,145.0,175.3,Orthodox,1995-02-13,http://ufcstats.com/fighter-details/5c10da56d712ac9c
Scott Askham,Scott,Askham,,190.5,185.0,190.5,Southpaw,1988-05-20,http://ufcstats.com/fighter-details/06827d70c53ff0d9
Ben Askren,Ben,Askren,Funky,180.3,170.0,185.4,Orthodox,1984-07-18,http://ufcstats.com/fighter-details/0b31f87be71ebbb1
Ibo Aslan,Ibo,Aslan,The Last Ottoman,190.5,205.0,195.6,Orthodox,1996-04-23,http://ufcstats.com/fighter-details/6e8f1bcdda94ff45
Tom Aspinall,Tom,Aspinall,,195.6,256.0,198.1,Orthodox,1993-04-11,http://ufcstats.com/fighter-details/399afbabc02376b5
Steven Asplund,Steven,Asplund,Concrete,195.6,261.0,198.1,Orthodox,1998-07-16,http://ufcstats.com/fighter-details/e56cee1ad697db04
Bruno Assis,Bruno,Assis,Brunao,188.0,185.0,,Orthodox,1992-05-23,http://ufcstats.com/fighter-details/ff222167cce02919
Junior Assuncao,Junior,Assuncao,,175.3,145.0,182.9,Orthodox,1981-06-24,http://ufcstats.com/fighter-details/d0d7160824278840
Raphael Assuncao,Raphael,Assuncao,,165.1,135.0,167.6,Orthodox,1982-07-19,http://ufcstats.com/fighter-details/2f13e4020cea5b38
Michael Aswell Jr.,Michael,Aswell Jr.,The Texas Kid,172.7,145.0,175.3,Orthodox,2000-09-27,http://ufcstats.com/fighter-details/01c9e4013afce141
Bazigit Atajev,Bazigit,Atajev,Volk,185.4,230.0,,Orthodox,,http://ufcstats.com/fighter-details/fd7acf42bd6e7e95
Rich Attonito,Rich,Attonito,The Raging Bull,177.8,170.0,182.9,Orthodox,1977-06-16,http://ufcstats.com/fighter-details/210935fd21670f6d
Olivier Aubin-Mercier,Olivier,Aubin-Mercier,The Canadian Gangster,175.3,155.0,177.8,Southpaw,1989-02-23,http://ufcstats.com/fighter-details/55ee431411ccf07a
Pat Audinwood,Pat,Audinwood,Awesomely Awesome,182.9,155.0,,Orthodox,1986-04-16,http://ufcstats.com/fighter-details/196ed28337adc630
Jose Augusto,Jose,Augusto,Gugu,190.5,251.0,,,1992-03-28,http://ufcstats.com/fighter-details/4d3b08ab127c7585
Marcus Aurelio,Marcus,Aurelio,Maximus,177.8,155.0,188.0,Orthodox,1973-08-18,http://ufcstats.com/fighter-details/04643fd03d9159cc
David Avellan,David,Avellan,,175.3,185.0,,Orthodox,,http://ufcstats.com/fighter-details/956dcac65e7b34d6
Blas Avena,Blas,Avena,The Disciple,182.9,170.0,188.0,Orthodox,1983-06-30,http://ufcstats.com/fighter-details/8753e125f4499816
Levi Avera,Levi,Avera,,185.4,170.0,,,1982-05-17,http://ufcstats.com/fighter-details/ba5c6eeb8ef45f5c
Anthony Avila,Anthony,Avila,,170.2,145.0,,,1988-12-29,http://ufcstats.com/fighter-details/033d19259f589457
Chris Avila,Chris,Avila,,177.8,145.0,,Orthodox,1993-01-16,http://ufcstats.com/fighter-details/4665cbf36b08193b
Julia Avila,Julia,Avila,Raging Panda,170.2,135.0,172.7,Orthodox,1988-05-11,http://ufcstats.com/fighter-details/86d9dbe1bfcbade7
Saad Awad,Saad,Awad,Assassin,180.3,155.0,,,1983-06-07,http://ufcstats.com/fighter-details/da603332ad41f165
Javy Ayala,Javy,Ayala,Eye Candy,185.4,265.0,,,1988-08-20,http://ufcstats.com/fighter-details/26387c19f32dda0f
Jessin Ayari,Jessin,Ayari,,182.9,155.0,185.4,Orthodox,1992-05-31,http://ufcstats.com/fighter-details/6eaec40f724852f4
Abu Azaitar,Abu,Azaitar,Captain Morocco,175.3,185.0,193.0,Orthodox,1986-03-10,http://ufcstats.com/fighter-details/46d0a888d87d91ac
Ottman Azaitar,Ottman,Azaitar,Bulldozer,172.7,155.0,180.3,Switch,1990-02-20,http://ufcstats.com/fighter-details/ee18ff42063174df
Luiz Azeredo,Luiz,Azeredo,,175.3,154.0,,Orthodox,1976-06-10,http://ufcstats.com/fighter-details/063649e21bc9d6d5
Luciano Azevedo,Luciano,Azevedo,,190.5,161.0,,Orthodox,1981-06-25,http://ufcstats.com/fighter-details/9bcfb40dbcd50568
Hunter Azure,Hunter,Azure,,172.7,145.0,175.3,Orthodox,1992-03-02,http://ufcstats.com/fighter-details/2af2f2e26c4c0402
Niklas Backstrom,Niklas,Backstrom,,185.4,145.0,,Orthodox,1989-08-22,http://ufcstats.com/fighter-details/39cc64bf0a269db9
Seth Baczynski,Seth,Baczynski,The Polish Pistola,190.5,170.0,190.5,Orthodox,1981-10-26,http://ufcstats.com/fighter-details/fd5b6598a3b70c0a
Abdul Azeem Badakhshi,Abdul Azeem,Badakhshi,The Afghan Lion,,145.0,,,,http://ufcstats.com/fighter-details/968764372c49eab6
Ryan Bader,Ryan,Bader,Darth,188.0,205.0,188.0,Orthodox,1983-06-07,http://ufcstats.com/fighter-details/c0ab242c40decc55
Izabela Badurek,Izabela,Badurek,,165.1,115.0,,Orthodox,1991-07-11,http://ufcstats.com/fighter-details/4fcf6e0c4e0e6664
Miguel Baeza,Miguel,Baeza,Caramel Thunder,188.0,170.0,188.0,Orthodox,1992-08-23,http://ufcstats.com/fighter-details/82d4c957649faf9b
Ali Bagautinov,Ali,Bagautinov,Puncher,162.6,125.0,165.1,Orthodox,1985-06-10,http://ufcstats.com/fighter-details/3dd92ff9fb0412b3
Mehdi Baghdad,Mehdi,Baghdad,The Sultan,185.4,155.0,,Orthodox,1985-04-13,http://ufcstats.com/fighter-details/e4d2564ea0e34e2b
Melsik Baghdasaryan,Melsik,Baghdasaryan,The Gun,175.3,145.0,177.8,Southpaw,1992-01-28,http://ufcstats.com/fighter-details/a52bc1e62cf0b7c6
Siyar Bahadurzada,Siyar,Bahadurzada,The Great,180.3,170.0,185.4,Orthodox,1984-04-17,http://ufcstats.com/fighter-details/aec185309b4843d0
Ignacio Bahamondes,Ignacio,Bahamondes,La Jaula,190.5,155.0,190.5,Orthodox,1997-08-27,http://ufcstats.com/fighter-details/e4a47b07044ddd72
Bahatebole Batebolati,Bahatebole,Batebolati,Lion King,172.7,170.0,180.3,Southpaw,1997-09-12,http://ufcstats.com/fighter-details/8f313e9c3a39c06e
Shamar Bailey,Shamar,Bailey,,175.3,155.0,190.5,Southpaw,1982-09-22,http://ufcstats.com/fighter-details/e2b8186b618b00c4
Jordan Bailey,Jordan,Bailey,,175.3,145.0,,,,http://ufcstats.com/fighter-details/34dbcd4dbaf21a36
Scott Baker,Scott,Baker,,182.9,210.0,,,,http://ufcstats.com/fighter-details/7d5b12de1625984e
Bryan Baker,Bryan,Baker,The Beast,190.5,185.0,,Orthodox,1985-10-13,http://ufcstats.com/fighter-details/898337ef520fe4d3
Jin Bala,Jin,Bala,,175.3,155.0,,,,http://ufcstats.com/fighter-details/371efa53bd0cf669
Balajin,,Balajin,The Snow Leopard,175.3,145.0,182.9,Orthodox,1992-03-31,http://ufcstats.com/fighter-details/e626e92a8f2a9737
Gary Balletto,Gary,Balletto,Batman,,170.0,,,1995-01-20,http://ufcstats.com/fighter-details/623f2eed9e1495af
Eros Baluyot,Eros,Baluyot,,,125.0,,,1992-10-23,http://ufcstats.com/fighter-details/3497f4c29654862c
Oluwale Bamgbose,Oluwale,Bamgbose,Holy War Angel,180.3,185.0,198.1,Switch,1987-08-04,http://ufcstats.com/fighter-details/04b39f4e8eb59d7c
Stephen Banaszak,Stephen,Banaszak,,182.9,145.0,,,1990-12-07,http://ufcstats.com/fighter-details/4c4b44e3cf5815b3
Marcin Bandel,Marcin,Bandel,Bomba,177.8,155.0,,Orthodox,1989-10-10,http://ufcstats.com/fighter-details/5c2ce761399dc9c5
Humberto Bandenay,Humberto,Bandenay,,180.3,145.0,180.3,Southpaw,1994-09-04,http://ufcstats.com/fighter-details/2c2caf2f2bab9df5
Tae Hyun Bang,Tae Hyun,Bang,Supernatural,175.3,155.0,180.3,Switch,1983-04-15,http://ufcstats.com/fighter-details/9a2d3567abc02e34
Yohan Banks,Yohan,Banks,,,,,,,http://ufcstats.com/fighter-details/c50ea21fe9ef478d
Shauna Bannon,Shauna,Bannon,Mama B,165.1,115.0,165.1,Switch,1993-10-23,http://ufcstats.com/fighter-details/9c442aaf149ea982
Antonio Banuelos,Antonio,Banuelos,,165.1,135.0,160.0,Orthodox,1979-09-23,http://ufcstats.com/fighter-details/9ddfb3369a3b0394
Iwo Baraniewski,Iwo,Baraniewski,Rudy,182.9,205.0,185.4,Orthodox,1998-11-20,http://ufcstats.com/fighter-details/1c23ec2f1b71be40
Renan Barao,Renan,Barao,The Baron,167.6,145.0,177.8,Orthodox,1987-01-31,http://ufcstats.com/fighter-details/2c99576fefe53c7c
Junior Barata,Junior,Barata,,177.8,170.0,,Orthodox,1982-01-25,http://ufcstats.com/fighter-details/06dced58ca24a6bd
Maycee Barber,Maycee,Barber,The Future,165.1,125.0,165.1,Switch,1998-05-18,http://ufcstats.com/fighter-details/6a740daf1b279661
Bryan Barberena,Bryan,Barberena,Bam Bam,182.9,185.0,182.9,Southpaw,1989-05-03,http://ufcstats.com/fighter-details/a331233f597090a5
Djani Barbir,Djani,Barbir,,190.5,185.0,200.7,Orthodox,1997-08-09,http://ufcstats.com/fighter-details/d4baaa0630bf5798
Dione Barbosa,Dione,Barbosa,The Witch,167.6,125.0,167.6,Orthodox,1992-05-08,http://ufcstats.com/fighter-details/27b388f0aab49780
Marcio Barbosa,Marcio,Barbosa,Ticoto,167.6,145.0,177.8,Orthodox,1998-05-22,http://ufcstats.com/fighter-details/c85bad793cd14e28
Edson Barboza,Edson,Barboza,Junior,180.3,155.0,190.5,Orthodox,1986-01-21,http://ufcstats.com/fighter-details/64a50dad704d1d49
Raoni Barcelos,Raoni,Barcelos,,170.2,135.0,170.2,Orthodox,1987-05-01,http://ufcstats.com/fighter-details/b9f28e7045fdfce7
Daniel Barez,Daniel,Barez,,167.6,125.0,167.6,Orthodox,1988-12-10,http://ufcstats.com/fighter-details/e8fe9c15d348e778
Danny Barlow,Danny,Barlow,LeftHand2God,188.0,185.0,200.7,Southpaw,1995-08-02,http://ufcstats.com/fighter-details/b7c5eb7cdbac6a63
Luke Barnatt,Luke,Barnatt,The Bigslow,198.1,185.0,195.6,Orthodox,1988-04-13,http://ufcstats.com/fighter-details/172c2135e70f87b7
James Barnes,James,Barnes,Mooka,172.7,135.0,180.3,Orthodox,1982-05-28,http://ufcstats.com/fighter-details/c06a5c95f1169c0b
Nick Barnes,Nick,Barnes,,180.3,170.0,,,,http://ufcstats.com/fighter-details/78a5eea49638685d
Shonte Barnes,Shonte,Barnes,Shyne,180.3,185.0,193.0,Southpaw,1987-02-09,http://ufcstats.com/fighter-details/e575b6ff678c1aca
Josh Barnett,Josh,Barnett,The Warmaster,190.5,250.0,198.1,Orthodox,1977-11-10,http://ufcstats.com/fighter-details/ad3f53c454cbbead
Chris Barnett,Chris,Barnett,Beastboy,175.3,265.0,190.5,Orthodox,1986-06-14,http://ufcstats.com/fighter-details/7a5e8c94a86f9895
Chris Barnhizer,Chris,Barnhizer,,,,,,,http://ufcstats.com/fighter-details/91e69a1c3c87325b
David Baron,David,Baron,,167.6,155.0,,Switch,1973-02-15,http://ufcstats.com/fighter-details/80c0bed43da0e27b
Phil Baroni,Phil,Baroni,The New York Bad Ass,175.3,170.0,182.9,Orthodox,1976-04-16,http://ufcstats.com/fighter-details/1652f3213655b935
Dan Barrera,Dan,Barrera,The Fireman,175.3,170.0,,Orthodox,1980-12-23,http://ufcstats.com/fighter-details/f12f979b657ab876
Carlos Barreto,Carlos,Barreto,,193.0,230.0,,Orthodox,,http://ufcstats.com/fighter-details/a220be6d41d6f97d
Jose Barreto,Jose,Barreto,,,185.0,,Southpaw,,http://ufcstats.com/fighter-details/c32eab6c2119e989
Peter Barrett,Peter,Barrett,Slippery,177.8,145.0,185.4,Southpaw,1986-08-10,http://ufcstats.com/fighter-details/d21113c9ff3788ae
Marc-Andre Barriault,Marc-Andre,Barriault,Powerbar,185.4,185.0,188.0,Orthodox,1990-02-18,http://ufcstats.com/fighter-details/8e9eb3fc86db0f7d
David Barrios,David,Barrios,,167.6,145.0,,,,http://ufcstats.com/fighter-details/e6015889f50075d2
Alexandre Barros,Alexandre,Barros,Baixinho,175.3,170.0,,Southpaw,1976-11-19,http://ufcstats.com/fighter-details/8fd1f27e86661ede
Ricardo Barros,Ricardo,Barros,,185.4,205.0,,,1976-03-22,http://ufcstats.com/fighter-details/d26394fc0e8e880a
Francimar Barroso,Francimar,Barroso,Bodao,185.4,205.0,190.5,Orthodox,1980-02-28,http://ufcstats.com/fighter-details/b69f24c500d783e7
Pat Barry,Pat,Barry,HD,180.3,235.0,188.0,Orthodox,1979-07-07,http://ufcstats.com/fighter-details/658c3465581ae46b
Dean Barry,Dean,Barry,The Sniper,177.8,170.0,182.9,Orthodox,1992-07-03,http://ufcstats.com/fighter-details/a6f3d15cb84334bb
Enrique Barzola,Enrique,Barzola,El Fuerte,170.2,145.0,177.8,Orthodox,1989-04-28,http://ufcstats.com/fighter-details/be0b310a12eb80b4
Javid Basharat,Javid,Basharat,The Snow Leopard,175.3,135.0,175.3,Orthodox,1995-09-07,http://ufcstats.com/fighter-details/bbab3baf66128ae2
Farid Basharat,Farid,Basharat,Ferocious,172.7,135.0,180.3,Orthodox,1997-08-02,http://ufcstats.com/fighter-details/a09ed60aa67a3f67
Austin Bashi,Austin,Bashi,,167.6,145.0,177.8,Orthodox,2001-09-29,http://ufcstats.com/fighter-details/d3f89fa685bd8420
Stephen Bass,Stephen,Bass,Bigfish,175.3,145.0,,Orthodox,1982-11-14,http://ufcstats.com/fighter-details/1cecc8fe6748a532
Sean Bassett,Sean,Bassett,,,155.0,,,,http://ufcstats.com/fighter-details/2c733e059462c1dc
Ryan Bastianelli,Ryan,Bastianelli,Relentless,165.1,135.0,,,,http://ufcstats.com/fighter-details/29508aff4d93cbbe
Shayna Baszler,Shayna,Baszler,The Queen of Spades,170.2,135.0,,Orthodox,1980-08-08,http://ufcstats.com/fighter-details/8ef4a91ac694b7ce
Namsrai Batbayar,Namsrai,Batbayar,Steppe Warrior,162.6,125.0,172.7,Orthodox,2000-12-29,http://ufcstats.com/fighter-details/e1f8beeb6d2d871a
Michel Batista,Michel,Batista,,190.5,260.0,,Orthodox,1984-04-20,http://ufcstats.com/fighter-details/34218661c44ed55d
Bryan Battle,Bryan,Battle,The Butcher,185.4,185.0,195.6,Orthodox,1994-09-21,http://ufcstats.com/fighter-details/f626118b6da0e020
Alan Baudot,Alan,Baudot,The Black Samourai,190.5,243.0,200.7,Orthodox,1988-02-01,http://ufcstats.com/fighter-details/c9a94278df042f46
Mario Bautista,Mario,Bautista,,175.3,135.0,175.3,Switch,1993-07-01,http://ufcstats.com/fighter-details/bc711b6dd95c1af6
Chris Beal,Chris,Beal,Real Deal,170.2,125.0,175.3,Orthodox,1985-08-06,http://ufcstats.com/fighter-details/55f446032177b119
Donovan Beard,Donovan,Beard,The Highlight Reel,188.0,185.0,198.1,Orthodox,1989-11-05,http://ufcstats.com/fighter-details/3a6ac598320ca7f2
Rudy Bears,Rudy,Bears,,180.3,170.0,,Southpaw,,http://ufcstats.com/fighter-details/74f13066b1417ef3
Salvador Becerra,Salvador,Becerra,,175.3,155.0,,,,http://ufcstats.com/fighter-details/4fd76e7ba8313457
Ariel Beck,Ariel,Beck,,167.6,125.0,167.6,Southpaw,1990-09-16,http://ufcstats.com/fighter-details/b96939f2b8d88e82
Jack Becker,Jack,Becker,,177.8,155.0,180.3,Orthodox,1992-12-20,http://ufcstats.com/fighter-details/b5a379583673510a
Jeff Bedard,Jeff,Bedard,Little Popeye,167.6,145.0,,Orthodox,1970-02-06,http://ufcstats.com/fighter-details/93bf96be327fcd98
Eric Bedard,Eric,Bedard,Lucky Strikes,188.0,239.0,,,1984-09-11,http://ufcstats.com/fighter-details/ce05955c26c3c090
Johnny Bedford,Johnny,Bedford,Brutal,177.8,135.0,180.3,Orthodox,1983-01-06,http://ufcstats.com/fighter-details/ffc3e6daaa6da0b7
Rolando Bedoya,Rolando,Bedoya,The Machine,180.3,155.0,188.0,Orthodox,1997-01-13,http://ufcstats.com/fighter-details/40a456a25d52ee65
Chase Beebe,Chase,Beebe,,170.2,135.0,170.2,Orthodox,1985-03-29,http://ufcstats.com/fighter-details/b16a7e6a627e9789
Lyle Beerbohm,Lyle,Beerbohm,Fancy Pants,177.8,155.0,,Southpaw,1979-02-05,http://ufcstats.com/fighter-details/babc6b5745335f18
Allan Begosso,Allan,Begosso,Mini,165.1,135.0,167.6,Orthodox,1995-11-23,http://ufcstats.com/fighter-details/d6ed764f8b78d32a
Azamat Bekoev,Azamat,Bekoev,Iron,182.9,185.0,182.9,Orthodox,1995-12-30,http://ufcstats.com/fighter-details/3bc3f60b21cddc6a
Mirsad Bektic,Mirsad,Bektic,,172.7,145.0,177.8,Orthodox,1991-02-16,http://ufcstats.com/fighter-details/cbd3e590a85b18c5
Diana Belbita,Diana,Belbita,The Warrior Princess,170.2,125.0,172.7,Orthodox,1996-06-26,http://ufcstats.com/fighter-details/d7e40dca3ae125be
Alan Belcher,Alan,Belcher,The Talent,188.0,185.0,190.5,Orthodox,1984-04-24,http://ufcstats.com/fighter-details/4130a743d9d22163
Vitor Belfort,Vitor,Belfort,The Phenom,182.9,185.0,188.0,Southpaw,1977-04-01,http://ufcstats.com/fighter-details/0ee783aa00e468f0
Yousri Belgaroui,Yousri,Belgaroui,,195.6,185.0,200.7,Orthodox,1992-06-02,http://ufcstats.com/fighter-details/7674b836ce0698a0
Rodolfo Bellato,Rodolfo,Bellato,Trator,190.5,205.0,190.5,Orthodox,1996-02-05,http://ufcstats.com/fighter-details/69898645d600abdb
Danilo Belluardo,Danilo,Belluardo,Caterpillar,182.9,155.0,188.0,Southpaw,1994-07-21,http://ufcstats.com/fighter-details/c3f6db17cea09ca7
Joey Beltran,Joey,Beltran,The Mexicutioner,185.4,185.0,190.5,Orthodox,1981-12-08,http://ufcstats.com/fighter-details/46baf0f57edfa4df
Marco Beltran,Marco,Beltran,Psycho,172.7,125.0,175.3,Orthodox,1986-05-18,http://ufcstats.com/fighter-details/ec71a892fada28c7
Joseph Benavidez,Joseph,Benavidez,,162.6,125.0,165.1,Southpaw,1984-07-31,http://ufcstats.com/fighter-details/80eacd4da0617c57
Mike Bencic,Mike,Bencic,Batman,182.9,215.0,,Orthodox,,http://ufcstats.com/fighter-details/a71feb7ea7592a71
Dave Beneteau,Dave,Beneteau,Dangerous,188.0,250.0,,Orthodox,,http://ufcstats.com/fighter-details/9fd1f08dd4aec14a
Karla Benitez,Karla,Benitez,,160.0,113.0,,,,http://ufcstats.com/fighter-details/6104730621ff318d
Gabriel Benitez,Gabriel,Benitez,Moggly,172.7,155.0,180.3,Southpaw,1988-06-15,http://ufcstats.com/fighter-details/436f970c9ea9169c
Charles Bennett,Charles,Bennett,Krazy Horse,172.7,155.0,,Orthodox,1979-11-23,http://ufcstats.com/fighter-details/8dc4f34c1f50d00d
Josh Bennett,Josh,Bennett,,193.0,259.0,,Orthodox,,http://ufcstats.com/fighter-details/c3ac8d0da7b05772
DeAnna Bennett,DeAnna,Bennett,The Argentine Assassin,162.6,125.0,172.7,Orthodox,1984-11-18,http://ufcstats.com/fighter-details/404ecb2700844072
Benjamin Bennett,Benjamin,Bennett,Mr. Alaska,182.9,170.0,185.4,Switch,1994-05-08,http://ufcstats.com/fighter-details/7030c27fc9778964
Lance Benoist,Lance,Benoist,,180.3,170.0,182.9,Southpaw,1988-08-26,http://ufcstats.com/fighter-details/5431dccc09118234
Joe Benoit,Joe,Benoit,,175.3,170.0,,Orthodox,1982-03-12,http://ufcstats.com/fighter-details/a30f6d375dea5f9b
Ryan Benoit,Ryan,Benoit,Baby Face,165.1,125.0,172.7,Orthodox,1989-08-25,http://ufcstats.com/fighter-details/20999e27ddd94bda
Delphine Benouaich,Delphine,Benouaich,,,115.0,,,1995-03-21,http://ufcstats.com/fighter-details/3138df4d117ebc12
Pat Benson,Pat,Benson,,175.3,155.0,,,,http://ufcstats.com/fighter-details/a25f3dc0df974597
Len Bentley,Len,Bentley,,175.3,155.0,,,1982-11-30,http://ufcstats.com/fighter-details/592d23aed850e652
Steve Berger,Steve,Berger,The Red Nosed Pitbull,180.3,170.0,,Orthodox,1973-05-20,http://ufcstats.com/fighter-details/21b1132949f2a9b0
Theodor Berggren,Theodor,Berggren,Simba,180.3,170.0,190.5,Switch,2000-04-09,http://ufcstats.com/fighter-details/feef5f8f5629e5e7
Kenneth Bergh,Kenneth,Bergh,,188.0,205.0,188.0,Orthodox,1989-06-26,http://ufcstats.com/fighter-details/aa8189053b3a8994
Bret Bergmark,Bret,Bergmark,The Angry Hick,175.3,170.0,,,1973-11-24,http://ufcstats.com/fighter-details/2891c9f7b26b26fc
Keith Berish,Keith,Berish,Sha Bang Bang,182.9,205.0,,Orthodox,1985-11-14,http://ufcstats.com/fighter-details/e3779ef06e98f185
Arlind Berisha,Arlind,Berisha,,,205.0,,,2000-11-05,http://ufcstats.com/fighter-details/364e7a7a1ea5e200
Dennis Bermudez,Dennis,Bermudez,The Menace,167.6,155.0,167.6,Orthodox,1986-12-13,http://ufcstats.com/fighter-details/6f242453c91a5af0
Manny Bermudez,Manny,Bermudez,The Bermudez Triangle,177.8,145.0,180.3,Orthodox,1994-07-16,http://ufcstats.com/fighter-details/2dc1bc1a02961656
Talita Bernardo,Talita,Bernardo,,162.6,135.0,172.7,Orthodox,1987-03-04,http://ufcstats.com/fighter-details/5b2325cd70dbe2ea
Dave Berry,Dave,Berry,,,,,,,http://ufcstats.com/fighter-details/b3bbe88fecd6a0d2
Keith Berry,Keith,Berry,,185.4,185.0,,,1987-10-25,http://ufcstats.com/fighter-details/0b935b9bbbe5fc07
Dieusel Berto,Dieusel,Berto,,175.3,200.0,,,,http://ufcstats.com/fighter-details/0db70ca89e1c7374
Edson Berto,Edson,Berto,Little Tiger,167.6,155.0,,Orthodox,1983-07-05,http://ufcstats.com/fighter-details/66766984842c13dc
Allen Berube,Allen,Berube,Monstah Lobstah,172.7,155.0,,Orthodox,1974-08-25,http://ufcstats.com/fighter-details/aebfb84d1f6d2d8c
Anton Berzin,Anton,Berzin,The Body Snatcher,188.0,205.0,,Orthodox,1989-09-29,http://ufcstats.com/fighter-details/8ba8e8d7eafa7267
Scott Bessac,Scott,Bessac,,193.0,245.0,,,,http://ufcstats.com/fighter-details/3f24c96753dbd9f9
Matt Bessette,Matt,Bessette,The Mangler,177.8,145.0,177.8,Orthodox,1984-12-28,http://ufcstats.com/fighter-details/0b8d512c79b4baf3
Khadzhi Bestaev,Khadzhi,Bestaev,Best,198.1,185.0,193.0,,1988-07-16,http://ufcstats.com/fighter-details/e05f4ce199baca91
Fernando Bettega,Fernando,Bettega,,,170.0,,,1980-03-10,http://ufcstats.com/fighter-details/a524710c3ef918fa
Arjan Bhullar,Arjan,Bhullar,,185.4,245.0,190.5,Orthodox,1986-05-13,http://ufcstats.com/fighter-details/7e511f8d842a109d
KB Bhullar,KB,Bhullar,The Bengal,193.0,185.0,198.1,Switch,1991-10-12,http://ufcstats.com/fighter-details/9cd047a828dd7515
Magomed Bibulatov,Magomed,Bibulatov,Chaborz,165.1,125.0,165.1,Orthodox,1988-08-22,http://ufcstats.com/fighter-details/87f19d19f4cb73f8
David Bielkheden,David,Bielkheden,,177.8,155.0,180.3,Orthodox,1979-06-06,http://ufcstats.com/fighter-details/1efa064872f089d0
Alivia Bierley,Alivia,Bierley,,,135.0,,,1996-09-20,http://ufcstats.com/fighter-details/f2da98858f61ca78
Blake Bilder,Blake,Bilder,El Animal,172.7,145.0,172.7,Switch,1990-07-12,http://ufcstats.com/fighter-details/5095b0920a3602aa
Jonas Bilharinho,Jonas,Bilharinho,,180.3,145.0,190.5,Switch,1990-05-22,http://ufcstats.com/fighter-details/ebbf571f349e79d9
Jeremiah Billington,Jeremiah,Billington,,175.3,205.0,,Orthodox,1977-11-14,http://ufcstats.com/fighter-details/b3b6e80b7d5f8f0d
Scott Bills,Scott,Bills,,177.8,170.0,,,,http://ufcstats.com/fighter-details/53f02bbc41d99432
Anthony Birchak,Anthony,Birchak,El Toro,172.7,135.0,175.3,Orthodox,1986-05-16,http://ufcstats.com/fighter-details/c5a126ace82a6025
Chris Birchler,Chris,Birchler,The Big Buck,190.5,205.0,,Switch,1987-06-05,http://ufcstats.com/fighter-details/8a22c6b4d29880a3
Angad Bisht,Angad,Bisht,,170.2,125.0,170.2,Orthodox,1995-06-05,http://ufcstats.com/fighter-details/7b4ae3fd439a05b6
Michael Bisping,Michael,Bisping,The Count,185.4,185.0,190.5,Orthodox,1979-02-28,http://ufcstats.com/fighter-details/2b93ebd9f5417ad2
Amaury Bitetti,Amaury,Bitetti,,175.3,185.0,,Orthodox,,http://ufcstats.com/fighter-details/7a359ef685a304a7
Caio Bittencourt,Caio,Bittencourt,Leao,182.9,185.0,190.5,Orthodox,1991-05-22,http://ufcstats.com/fighter-details/a653cb5eb4b39339
Davi Bittencourt,Davi,Bittencourt,The Black,165.1,135.0,165.1,Orthodox,1994-10-12,http://ufcstats.com/fighter-details/dd6ec6f941c3a414
Simon Biyong,Simon,Biyong,,,205.0,,,1991-04-05,http://ufcstats.com/fighter-details/27ab7257bf6a3b65
Jan Blachowicz,Jan,Blachowicz,,188.0,205.0,198.1,Orthodox,1983-02-24,http://ufcstats.com/fighter-details/99df7d0a2a08a8a8
Jason Black,Jason,Black,The Black Legion,172.7,155.0,,Orthodox,1972-07-15,http://ufcstats.com/fighter-details/b2f743746e8dcfa2
Brad Blackburn,Brad,Blackburn,Bad Brad,177.8,170.0,185.4,Orthodox,1977-05-25,http://ufcstats.com/fighter-details/7e69a4b0961aa555
Jason Blackford,Jason,Blackford,,,,,,,http://ufcstats.com/fighter-details/619d807fa54ae8f7
Tom Blackledge,Tom,Blackledge,,,205.0,,Orthodox,,http://ufcstats.com/fighter-details/2adb11835acd815b
Sherrard Blackledge,Sherrard,Blackledge,The Thriller,180.3,155.0,190.5,Orthodox,1993-08-16,http://ufcstats.com/fighter-details/0e5c79b3594ff0ad
Da'Mon Blackshear,Da'Mon,Blackshear,The Monster,177.8,135.0,182.9,Switch,1994-08-12,http://ufcstats.com/fighter-details/da22387a0407a2dc
Chasen Blair,Chasen,Blair,Mestizo,177.8,155.0,180.3,Orthodox,1998-10-14,http://ufcstats.com/fighter-details/0f4a536507f33576
Erin Blanchfield,Erin,Blanchfield,Cold Blooded,162.6,125.0,167.6,Orthodox,1999-05-04,http://ufcstats.com/fighter-details/669970f7feba8ecd
Maximo Blanco,Maximo,Blanco,Maxi,172.7,145.0,180.3,Orthodox,1983-10-16,http://ufcstats.com/fighter-details/4a1329cc8eb0928a
David Blanco,David,Blanco,,170.2,145.0,,,,http://ufcstats.com/fighter-details/ebf298f8ac7e232b
Curtis Blaydes,Curtis,Blaydes,Razor,193.0,265.0,203.2,Orthodox,1991-02-18,http://ufcstats.com/fighter-details/fa6796c55d6c5440
Tereza Bleda,Tereza,Bleda,,175.3,125.0,180.3,Orthodox,2001-11-30,http://ufcstats.com/fighter-details/59c438c81fbf3ece
Arlene Blencowe,Arlene,Blencowe,Angerfist,165.1,145.0,,,1983-04-11,http://ufcstats.com/fighter-details/35d6337320a4ae48
Byron Bloodworth,Byron,Bloodworth,,172.7,135.0,,Orthodox,1983-08-16,http://ufcstats.com/fighter-details/ecdf14f4f8643d39
Dashawn Boatwright,Dashawn,Boatwright,"Buck, the 400-pound Silverback",182.9,205.0,,Orthodox,1988-02-29,http://ufcstats.com/fighter-details/046a85108610c0d2
Dan Bobish,Dan,Bobish,,188.0,345.0,,Southpaw,1970-01-26,http://ufcstats.com/fighter-details/f348d05403fad037
Mark Bocek,Mark,Bocek,,172.7,155.0,190.5,Orthodox,1981-10-24,http://ufcstats.com/fighter-details/cf9d24e4bd0cf2ce
Kyle Bochniak,Kyle,Bochniak,Killer B,170.2,145.0,177.8,Orthodox,1987-02-05,http://ufcstats.com/fighter-details/c5af5750e8bae4f0
James Bochnovic,James,Bochnovic,,193.0,205.0,205.7,Orthodox,1989-02-13,http://ufcstats.com/fighter-details/984d15d5dc7bfcf9
Jeremy Boczulak,Jeremy,Boczulak,,,,,,,http://ufcstats.com/fighter-details/1afd74f8cb0719f3
Tim Boetsch,Tim,Boetsch,The Barbarian,182.9,185.0,188.0,Orthodox,1981-01-28,http://ufcstats.com/fighter-details/c80095f6092271a7
Galore Bofando,Galore,Bofando,,180.3,170.0,182.9,Switch,1982-05-22,http://ufcstats.com/fighter-details/8a56ea383fd26e52
Jay Bogan,Jay,Bogan,,,145.0,,,,http://ufcstats.com/fighter-details/53c21779d84ceb75
Roman Bogatov,Roman,Bogatov,,172.7,155.0,185.4,Orthodox,1990-12-15,http://ufcstats.com/fighter-details/d61316139d68dbe3
Derek Bohi,Derek,Bohi,Marshmallow,193.0,260.0,,,,http://ufcstats.com/fighter-details/70a1c7626b5e0599
Jerry Bohlander,Jerry,Bohlander,,180.3,199.0,,Orthodox,1974-02-12,http://ufcstats.com/fighter-details/93892752c5fc23ca
Mandy Bohm,Mandy,Bohm,Monster,170.2,125.0,180.3,Orthodox,1989-07-30,http://ufcstats.com/fighter-details/297a2b35444c245b
Kotetsu Boku,Kotetsu,Boku,,175.3,154.0,,Orthodox,1977-05-27,http://ufcstats.com/fighter-details/d227958e8a0c1466
Gaston Bolanos,Gaston,Bolanos,The Dreamkiller,170.2,135.0,175.3,Orthodox,1992-09-14,http://ufcstats.com/fighter-details/96924b0019b3aff1
Otgonbaatar Boldbaatar,Otgonbaatar,Boldbaatar,Conqueror,,125.0,,,2002-12-25,http://ufcstats.com/fighter-details/3f773caad71c4131
Kyle Bolt,Kyle,Bolt,,188.0,185.0,,,,http://ufcstats.com/fighter-details/9d455d5cfe6a0e35
Denys Bondar,Denys,Bondar,Psycho,167.6,125.0,175.3,Orthodox,1992-06-27,http://ufcstats.com/fighter-details/2526be54e6a0e62a
Luc Bondole,Luc,Bondole,,188.0,205.0,,,,http://ufcstats.com/fighter-details/8691881b31c16b88
Tony Bonello,Tony,Bonello,The Gun,188.0,185.0,,,,http://ufcstats.com/fighter-details/702a72aa7a266d86
Gabriel Bonfim,Gabriel,Bonfim,Marretinha,185.4,170.0,182.9,Orthodox,1997-08-20,http://ufcstats.com/fighter-details/01641ba5df0c69b0
Ismael Bonfim,Ismael,Bonfim,Marreta,172.7,155.0,180.3,Orthodox,1995-12-28,http://ufcstats.com/fighter-details/eb393afdbe3293d5
Jesse Bongfeldt,Jesse,Bongfeldt,Water,182.9,185.0,,Orthodox,1980-08-28,http://ufcstats.com/fighter-details/934de214814b8ff4
Marcos Bonilla,Marcos,Bonilla,Murder Marx,177.8,145.0,,,,http://ufcstats.com/fighter-details/d311fbefff44a39b
Stephan Bonnar,Stephan,Bonnar,The American Psycho,193.0,205.0,200.7,Orthodox,1977-04-04,http://ufcstats.com/fighter-details/c6a33ff198aaaeeb
Rogerio Bontorin,Rogerio,Bontorin,,165.1,125.0,170.2,Orthodox,1992-04-25,http://ufcstats.com/fighter-details/07a2bdaa0afdd831
Ray Borg,Ray,Borg,The Tazmexican Devil,162.6,135.0,160.0,Orthodox,1993-08-04,http://ufcstats.com/fighter-details/a4de54ea806fb525
Igor Borisov,Igor,Borisov,,182.9,235.0,,Orthodox,,http://ufcstats.com/fighter-details/0313bf497de9c470
Kevin Borjas,Kevin,Borjas,El Gallo Negro,165.1,125.0,172.7,Orthodox,1997-12-06,http://ufcstats.com/fighter-details/34b96d52db1d26e6
Calen Born,Calen,Born,,172.7,170.0,182.9,Switch,1988-05-24,http://ufcstats.com/fighter-details/3c85e04b08a05751
Caio Borralho,Caio,Borralho,The Natural,185.4,185.0,190.5,Southpaw,1993-01-16,http://ufcstats.com/fighter-details/4126a78111c0855a
Zachary Borrego,Zachary,Borrego,The Dragon,188.0,185.0,198.1,Switch,1996-07-18,http://ufcstats.com/fighter-details/b8fdb2903a2582a8
Viacheslav Borshchev,Viacheslav,Borshchev,Slava Claus,180.3,155.0,175.3,Orthodox,1992-01-08,http://ufcstats.com/fighter-details/19c591115a58982c
Tanner Boser,Tanner,Boser,The Bulldozer,188.0,205.0,190.5,Orthodox,1991-08-02,http://ufcstats.com/fighter-details/04c8b08b16a5b99e
Steve Bosse,Steve,Bosse,The Boss,180.3,205.0,182.9,Orthodox,1981-07-29,http://ufcstats.com/fighter-details/e023fa2e648ea0f1
Marcus Bossett,Marcus,Bossett,The Grasshopper,185.4,215.0,,Orthodox,,http://ufcstats.com/fighter-details/e8fb8e53bc2e29d6
Chris Bostick,Chris,Bostick,,,,,,,http://ufcstats.com/fighter-details/239224bedeb2c7a4
Poliana Botelho,Poliana,Botelho,,172.7,125.0,170.2,Orthodox,1988-12-15,http://ufcstats.com/fighter-details/5c126c6aac3ef364
Francois Botha,Francois,Botha,White Buffalo,188.0,260.0,,Orthodox,1968-09-28,http://ufcstats.com/fighter-details/545d549d6bf87187
Ilian Bouafia,Ilian,Bouafia,The Gorilla,195.6,185.0,198.1,Southpaw,1996-11-13,http://ufcstats.com/fighter-details/d5e929c26f25f0d3
Gregory Bouchelaghem,Gregory,Bouchelaghem,,188.0,183.0,,Switch,,http://ufcstats.com/fighter-details/59851163aaf1aed8
Roy Boughton,Roy,Boughton,Black Dynamite,182.9,205.0,,,,http://ufcstats.com/fighter-details/2aaf0181432adf0b
Rich Bouphanouvong,Rich,Bouphanouvong,,170.2,170.0,,,,http://ufcstats.com/fighter-details/611b9c068c9e2c44
Mike Bourke,Mike,Bourke,The Rhino,182.9,275.0,,Orthodox,,http://ufcstats.com/fighter-details/dfdd0c5dd0d4bc23
Jess Bouscal,Jess,Bouscal,,,155.0,,,,http://ufcstats.com/fighter-details/38b1417ec17072da
Tai Bowden,Tai,Bowden,,180.3,230.0,,,,http://ufcstats.com/fighter-details/2efbc83a6b9b7f86
Melton Bowen,Melton,Bowen,The Punisher,182.9,225.0,,Orthodox,1969-07-16,http://ufcstats.com/fighter-details/81ca2c245b19b3c5
Kyron Bowen,Kyron,Bowen,Bullseye,190.5,185.0,185.4,Orthodox,1993-12-22,http://ufcstats.com/fighter-details/5488b3c67600333a
Brian Bowles,Brian,Bowles,,170.2,135.0,177.8,Orthodox,1980-06-22,http://ufcstats.com/fighter-details/b26d3e3746fb4024
Roger Bowling,Roger,Bowling,Relentless,175.3,155.0,172.7,Orthodox,1982-12-05,http://ufcstats.com/fighter-details/3b9f723e2720a238
Blake Bowman,Blake,Bowman,,188.0,170.0,,,,http://ufcstats.com/fighter-details/a95a0504fd73bd3e
Ashe Bowman,Ashe,Bowman,The Archer,175.3,155.0,,,1976-11-17,http://ufcstats.com/fighter-details/8a0a35e7c74bebcc
Anvar Boynazarov,Anvar,Boynazarov,The Uzbek,175.3,145.0,,Orthodox,1989-01-10,http://ufcstats.com/fighter-details/4a191f4ea2fce7fc
Colley Bradford,Colley,Bradford,,170.2,145.0,,,,http://ufcstats.com/fighter-details/1433786ac76cf777
Kyle Bradley,Kyle,Bradley,,175.3,155.0,180.3,Orthodox,1982-08-19,http://ufcstats.com/fighter-details/a6959da32f0e6b5d
Paul Bradley,Paul,Bradley,The Gentleman,175.3,170.0,,Orthodox,1983-06-13,http://ufcstats.com/fighter-details/c7011de4765d2497
Sean Brady,Sean,Brady,,177.8,170.0,182.9,Orthodox,1992-11-23,http://ufcstats.com/fighter-details/45f7cb591c3ab00b
Ebenezer Fontes Braga,Ebenezer Fontes,Braga,Pitbull,182.9,199.0,,Orthodox,1969-04-14,http://ufcstats.com/fighter-details/dc950d59dc590aca
Ramiz Brahimaj,Ramiz,Brahimaj,,177.8,170.0,182.9,Orthodox,1992-11-17,http://ufcstats.com/fighter-details/3d074044a33825e7
Adam Bramhald,Adam,Bramhald,Samurai,177.8,135.0,177.8,Orthodox,1994-03-24,http://ufcstats.com/fighter-details/3c99bd6cb5d835ef
Joe Brammer,Joe,Brammer,The South Side Strangler,172.7,155.0,,Orthodox,1983-08-23,http://ufcstats.com/fighter-details/013da757877044a2
David Branch,David,Branch,,185.4,185.0,198.1,Orthodox,1981-09-26,http://ufcstats.com/fighter-details/d2c55d1d2e67773b
Billy Brand,Billy,Brand,,167.6,135.0,165.1,Orthodox,1996-07-03,http://ufcstats.com/fighter-details/edae6db2b3453632
Diego Brandao,Diego,Brandao,DB,170.2,145.0,162.6,Orthodox,1987-05-27,http://ufcstats.com/fighter-details/c2e3e67b5911bfb7
Bruna Brasil,Bruna,Brasil,,167.6,115.0,165.1,Orthodox,1993-09-07,http://ufcstats.com/fighter-details/7138a15258dabf20
Michael Bravo,Michael,Bravo,,,155.0,,,,http://ufcstats.com/fighter-details/dc63542668295c23
Martin Bravo,Martin,Bravo,El Toro,172.7,145.0,180.3,Southpaw,1993-09-21,http://ufcstats.com/fighter-details/9c44f290f5726d95
Roman Bravo-Young,Roman,Bravo-Young,,,205.0,,,,http://ufcstats.com/fighter-details/37ce890a4670b287
Mike Breeden,Mike,Breeden,Money,177.8,155.0,177.8,Orthodox,1989-04-21,http://ufcstats.com/fighter-details/d80ee110748171ac
Tom Breese,Tom,Breese,,190.5,185.0,185.4,Southpaw,1991-09-26,http://ufcstats.com/fighter-details/1588b787bda7b540
Elves Brener,Elves,Brener,,177.8,155.0,182.9,Orthodox,1997-09-27,http://ufcstats.com/fighter-details/48a9a128784d53d1
Chris Brennan,Chris,Brennan,The Westside Strangler,172.7,170.0,,Orthodox,1971-10-12,http://ufcstats.com/fighter-details/b19fc66613dc75b9
Lucas Brennan,Lucas,Brennan,Skywalker,,155.0,,Southpaw,2000-06-03,http://ufcstats.com/fighter-details/33a8708747b7f943
Charlie Brenneman,Charlie,Brenneman,The Spaniard,177.8,155.0,177.8,Orthodox,1981-02-09,http://ufcstats.com/fighter-details/98f6da59d765ec94
Robert Breslin,Robert,Breslin,The Bullet,180.3,155.0,,,,http://ufcstats.com/fighter-details/e319d6697d41f3cf
Mack Brewer,Mack,Brewer,,,205.0,,,,http://ufcstats.com/fighter-details/106a925d947a0de9
Marcos Brigagao,Marcos,Brigagao,Ironside,190.5,205.0,193.0,Southpaw,1996-04-01,http://ufcstats.com/fighter-details/11547e29f253fb89
Jason Brilz,Jason,Brilz,Hitman,180.3,205.0,180.3,Orthodox,1975-07-07,http://ufcstats.com/fighter-details/497ba5b12a4bfc47
Marcus Brimage,Marcus,Brimage,The Bama Beast,162.6,135.0,180.3,Southpaw,1985-04-06,http://ufcstats.com/fighter-details/81801f57bd0a7c41
Aaron Brink,Aaron,Brink,,190.5,205.0,,Orthodox,1974-11-12,http://ufcstats.com/fighter-details/cf1a88371c8cb690
Henry Briones,Henry,Briones,Bure,172.7,135.0,175.3,Orthodox,1980-10-22,http://ufcstats.com/fighter-details/01fcef7e3d051722
Marcelo Brito,Marcelo,Brito,Jungle Boy,185.4,170.0,,Orthodox,1977-11-27,http://ufcstats.com/fighter-details/3a97fda0de6f1fa4
Joanderson Brito,Joanderson,Brito,Tubarao,172.7,145.0,182.9,Orthodox,1995-02-11,http://ufcstats.com/fighter-details/791c8437b341fba5
Kaik Brito,Kaik,Brito,,180.3,170.0,182.9,Orthodox,1997-03-26,http://ufcstats.com/fighter-details/b07f14fc0e53f8bd
Icaro Brito,Icaro,Brito,,,145.0,,,1999-03-09,http://ufcstats.com/fighter-details/06dd61c8d545c63f
Antwain Britt,Antwain,Britt,The Juggernaut,185.4,205.0,195.6,,1978-05-09,http://ufcstats.com/fighter-details/2833f50b20e96e52
Drew Brokenshire,Drew,Brokenshire,,,,,,,http://ufcstats.com/fighter-details/aa571d75f80fde7d
Mike Bronzoulis,Mike,Bronzoulis,The Greek,182.9,155.0,,,1979-01-05,http://ufcstats.com/fighter-details/df3c39573d01f55b
Jonathan Brookins,Jonathan,Brookins,,182.9,145.0,188.0,Southpaw,1985-08-13,http://ufcstats.com/fighter-details/b0a6124751a56bc4
Will Brooks,Will,Brooks,Ill,177.8,155.0,182.9,Orthodox,1986-10-08,http://ufcstats.com/fighter-details/b6e6c3b1dcaae0a1
Jarred Brooks,Jarred,Brooks,The Monkey God,160.0,125.0,157.5,Switch,1993-05-02,http://ufcstats.com/fighter-details/81d9df19e255b8b6
Rob Broughton,Rob,Broughton,The Bear,188.0,265.0,188.0,Orthodox,1983-03-03,http://ufcstats.com/fighter-details/a7d687e6ecb30981
Lee Brousseau,Lee,Brousseau,Manimal,185.4,205.0,,,1974-10-04,http://ufcstats.com/fighter-details/0974d8d4053a7237
Matt Brown,Matt,Brown,The Immortal,182.9,170.0,190.5,Orthodox,1981-01-10,http://ufcstats.com/fighter-details/31123249b0bbf52e
Mike Brown,Mike,Brown,,167.6,145.0,177.8,Orthodox,1975-09-08,http://ufcstats.com/fighter-details/e0b74df14f52cd15
Dominic Brown,Dominic,Brown,,180.3,190.0,,,1982-06-04,http://ufcstats.com/fighter-details/52b3ec072ad497a4
Todd Brown,Todd,Brown,Bulldog,180.3,205.0,,Orthodox,1976-12-13,http://ufcstats.com/fighter-details/9b68bf67c5695185
Terrell Brown,Terrell,Brown,,,185.0,,,1983-04-13,http://ufcstats.com/fighter-details/85df85a4e276c90e
Chris Brown,Chris,Brown,,,170.0,,,,http://ufcstats.com/fighter-details/9e2624ac992660c6
Frederick Brown,Frederick,Brown,,182.9,235.0,,,,http://ufcstats.com/fighter-details/880c6b788266a3ef
Randy Brown,Randy,Brown,Rudeboy,190.5,170.0,198.1,Orthodox,1990-07-08,http://ufcstats.com/fighter-details/c6aee362c7a7d482
Damien Brown,Damien,Brown,Beatdown,177.8,155.0,172.7,Orthodox,1984-12-25,http://ufcstats.com/fighter-details/d024ed963e8bf7ea
TJ Brown,TJ,Brown,Downtown,175.3,145.0,182.9,Switch,1990-05-22,http://ufcstats.com/fighter-details/d31cbcdd7d69536d
Humberto Brown Morrison,Humberto,Brown Morrison,,177.8,145.0,,,1984-11-03,http://ufcstats.com/fighter-details/e9e7e1c8ff289e1b
Travis Browne,Travis,Browne,Hapa,198.1,255.0,200.7,Orthodox,1982-07-17,http://ufcstats.com/fighter-details/3236bf606fe9fa5b
Junie Browning,Junie,Browning,,175.3,155.0,,Orthodox,1984-05-12,http://ufcstats.com/fighter-details/d74cba8566291bfa
Jules Bruchez,Jules,Bruchez,,182.9,205.0,,Southpaw,1977-08-16,http://ufcstats.com/fighter-details/d1dcd4e96464a53d
Justin Bruckmann,Justin,Bruckmann,Loaf,175.3,170.0,,Orthodox,,http://ufcstats.com/fighter-details/5f8e00c27b7e7410
Cody Brundage,Cody,Brundage,,182.9,185.0,182.9,Orthodox,1994-05-16,http://ufcstats.com/fighter-details/f14f644d41ade29f
Steve Bruno,Steve,Bruno,Hollywood,177.8,170.0,,Orthodox,1981-11-03,http://ufcstats.com/fighter-details/2f3f12002564bb55
Fernando Bruno,Fernando,Bruno,Acougueiro,167.6,145.0,,,1982-02-24,http://ufcstats.com/fighter-details/b8c0f30ee9a98b69
Derek Brunson,Derek,Brunson,The One,185.4,185.0,195.6,Southpaw,1984-01-04,http://ufcstats.com/fighter-details/b1a3e0aca758b322
Josh Bryant,Josh,Bryant,The Beast,177.8,185.0,,Orthodox,1980-04-23,http://ufcstats.com/fighter-details/01f022fa494188e2
Dennis Bryant,Dennis,Bryant,The Beard,182.9,205.0,,Orthodox,1985-10-18,http://ufcstats.com/fighter-details/3b17353b8002c7d0
Robert Bryczek,Robert,Bryczek,,182.9,185.0,190.5,Orthodox,1990-07-04,http://ufcstats.com/fighter-details/f96856f9d69fd7e4
Lukasz Brzeski,Lukasz,Brzeski,The Bull,190.5,236.0,198.1,Orthodox,1992-05-17,http://ufcstats.com/fighter-details/0c25d0a5e8cdbf19
Marcus Buchecha,Marcus,Buchecha,,188.0,255.0,195.6,Orthodox,1990-01-08,http://ufcstats.com/fighter-details/095854a135e6db55
Justin Buchholz,Justin,Buchholz,,182.9,155.0,185.4,Orthodox,1983-08-22,http://ufcstats.com/fighter-details/231926533134ec1f
Zak Bucia,Zak,Bucia,,177.8,170.0,,,,http://ufcstats.com/fighter-details/6bbb8dc6e128779e
Courtney Buck,Courtney,Buck,,177.8,135.0,,Orthodox,1982-03-19,http://ufcstats.com/fighter-details/3feed7d02711d8b7
Joaquin Buckley,Joaquin,Buckley,New Mansa,177.8,170.0,193.0,Southpaw,1994-04-27,http://ufcstats.com/fighter-details/b9437600497350f3
Martin Buday,Martin,Buday,Badys,193.0,265.0,195.6,Orthodox,1991-11-11,http://ufcstats.com/fighter-details/8eb046f83e82bf26
Julia Budd,Julia,Budd,,170.2,145.0,170.2,,1983-07-04,http://ufcstats.com/fighter-details/dcdc4503b9d49977
Dylan Budka,Dylan,Budka,The Mindless Hulk,182.9,185.0,190.5,Switch,2000-01-14,http://ufcstats.com/fighter-details/a817e238b2747404
Mike Budnik,Mike,Budnik,,175.3,145.0,172.7,Orthodox,1974-08-08,http://ufcstats.com/fighter-details/b98209144b63ae26
Francisco Bueno,Francisco,Bueno,,175.3,225.0,,Orthodox,,http://ufcstats.com/fighter-details/a72d260b436924c4
Mayra Bueno Silva,Mayra,Bueno Silva,Sheetara,167.6,135.0,167.6,Orthodox,1991-08-22,http://ufcstats.com/fighter-details/cc8c623cca88f54f
Paul Buentello,Paul,Buentello,The Headhunter,188.0,245.0,195.6,Orthodox,1974-01-16,http://ufcstats.com/fighter-details/f0abbb6f3444dae7
Marek Bujlo,Marek,Bujlo,Bujdzilla,,265.0,,,1993-10-10,http://ufcstats.com/fighter-details/ac0874309da489b9
Modestas Bukauskas,Modestas,Bukauskas,The Baltic Gladiator,190.5,205.0,193.0,Switch,1994-02-10,http://ufcstats.com/fighter-details/476fe566d2df676e
Lee Kwan Bum,Lee Kwan,Bum,,188.0,286.0,,Orthodox,,http://ufcstats.com/fighter-details/c0342805a1948cbb
Josh Bumgarner,Josh,Bumgarner,,185.4,170.0,,,,http://ufcstats.com/fighter-details/9900ab86a4c458bd
Shawn Bunch,Shawn,Bunch,Bunch the Great,165.1,135.0,,,1983-03-19,http://ufcstats.com/fighter-details/6e9af164ab91a229
Felipe Bunes,Felipe,Bunes,Felipinho,170.2,125.0,175.3,Orthodox,1989-10-29,http://ufcstats.com/fighter-details/53c10176e3bc7416
Shane Burgos,Shane,Burgos,Hurricane,180.3,145.0,190.5,Orthodox,1991-03-19,http://ufcstats.com/fighter-details/98d961097baaf308
Joshua Burkman,Joshua,Burkman,The People's Warrior,177.8,170.0,182.9,Orthodox,1980-04-10,http://ufcstats.com/fighter-details/6da99156486ed6c2
Justin Burlinson,Justin,Burlinson,,185.4,170.0,188.0,Switch,1997-05-19,http://ufcstats.com/fighter-details/dadd80ef954e54ed
Mads Burnell,Mads,Burnell,,172.7,145.0,175.3,Orthodox,1994-03-06,http://ufcstats.com/fighter-details/69f01b25dfabaf6b
Mikey Burnett,Mikey,Burnett,The Eastside Assassin,167.6,170.0,,Orthodox,1974-04-12,http://ufcstats.com/fighter-details/4c805f5f58a75df0
Kevin Burns,Kevin,Burns,The Fire,177.8,170.0,188.0,Orthodox,1980-03-03,http://ufcstats.com/fighter-details/a6d8bfe9e0c8153b
Gilbert Burns,Gilbert,Burns,Durinho,177.8,170.0,180.3,Orthodox,1986-07-20,http://ufcstats.com/fighter-details/23024fdfc966410a
Josh Burns,Josh,Burns,The Hammer,185.4,244.0,,,1978-05-15,http://ufcstats.com/fighter-details/1e092415a7eeaf65
Herbert Burns,Herbert,Burns,The Blaze,175.3,145.0,185.4,Orthodox,1988-02-02,http://ufcstats.com/fighter-details/4f140403000158b5
Derrick Burnsed,Derrick,Burnsed,,,155.0,,,,http://ufcstats.com/fighter-details/2213330f082f82d5
Nah-Shon Burrell,Nah-Shon,Burrell,The Rock n Rolla,180.3,170.0,,Orthodox,1990-02-05,http://ufcstats.com/fighter-details/2c64c035485906aa
Martin Buschkamp,Martin,Buschkamp,,175.3,145.0,,Orthodox,1991-01-06,http://ufcstats.com/fighter-details/8fc30d8cebb17116
George Bush,George,Bush,,185.4,205.0,,,,http://ufcstats.com/fighter-details/f0c779dc2ca3816c
Bubba Bush,Bubba,Bush,The Fightin' Texas Aggie,182.9,185.0,,Orthodox,1985-07-24,http://ufcstats.com/fighter-details/132505067f08c54d
Dakota Bush,Dakota,Bush,,177.8,155.0,185.4,Orthodox,1994-06-09,http://ufcstats.com/fighter-details/3033c1c080672475
Murilo Bustamante,Murilo,Bustamante,,188.0,183.0,,Orthodox,1966-07-30,http://ufcstats.com/fighter-details/85d905f7c4f5a1af
Nick Bustamante,Nick,Bustamante,,175.3,170.0,,,,http://ufcstats.com/fighter-details/51b1ca2a4b064101
Eduardo Bustillos,Eduardo,Bustillos,,172.7,135.0,,,1987-06-02,http://ufcstats.com/fighter-details/f273f1b8df04c8a1
Jason Butcher,Jason,Butcher,,190.5,185.0,,,1984-10-23,http://ufcstats.com/fighter-details/30e39145fec48d25
Todd Butler,Todd,Butler,,185.4,200.0,,Southpaw,,http://ufcstats.com/fighter-details/3fed746acfd026dd
Goldman Butler,Goldman,Butler,,,,,,,http://ufcstats.com/fighter-details/e2d5072048b825b1
Ian Butler,Ian,Butler,,172.7,155.0,,,,http://ufcstats.com/fighter-details/6b8fd98eb52363d1
Raphael Butler,Raphael,Butler,The Silencer,190.5,261.0,,,1984-01-04,http://ufcstats.com/fighter-details/f941505e35fb1eae
Jesse Butler,Jesse,Butler,,177.8,135.0,185.4,Orthodox,1992-05-24,http://ufcstats.com/fighter-details/a75a48bfe776b2c2
JP Buys,JP,Buys,Young Savage,165.1,135.0,170.2,Orthodox,1996-04-30,http://ufcstats.com/fighter-details/0b362247806341e5
Dennis Buzukja,Dennis,Buzukja,The Great,175.3,145.0,177.8,Switch,1997-10-01,http://ufcstats.com/fighter-details/c4d039123e62f6a9
Charles Byrd,Charles,Byrd,Kid Dynamite,177.8,185.0,185.4,Orthodox,1983-10-11,http://ufcstats.com/fighter-details/76ee3d666c648f6b
Steve Byrnes,Steve,Byrnes,The Sergeant,182.9,170.0,,Orthodox,,http://ufcstats.com/fighter-details/43612456979e5d5e
Michael Byrnes,Michael,Byrnes,,180.3,155.0,,,1990-07-17,http://ufcstats.com/fighter-details/87f0b37f153cf497
Yan Cabral,Yan,Cabral,,180.3,155.0,185.4,Orthodox,1983-05-13,http://ufcstats.com/fighter-details/7cdd3e5d3aa9cb39
Juan Cabrera,Juan,Cabrera,Papi Juancho,,185.0,,,2004-02-19,http://ufcstats.com/fighter-details/601f8439a0277670
Alvin Cacdac,Alvin,Cacdac,,167.6,125.0,,Orthodox,,http://ufcstats.com/fighter-details/ce7871949b0ed2bf
Alex Caceres,Alex,Caceres,Bruce Leeroy,177.8,145.0,185.4,Southpaw,1988-06-20,http://ufcstats.com/fighter-details/7aa3d6964eff4877
Vince Cachero,Vince,Cachero,The Anomaly,167.6,145.0,172.7,Orthodox,1989-11-07,http://ufcstats.com/fighter-details/ed2a8cc402173781
Priscila Cachoeira,Priscila,Cachoeira,Zombie Girl,170.2,135.0,165.1,Orthodox,1988-08-19,http://ufcstats.com/fighter-details/b1e5bcaad32a3cac
Yudi Cahyadi,Yudi,Cahyadi,Prabu Gagak Lumayung,,145.0,,,,http://ufcstats.com/fighter-details/8c457cf7da551d4b
Travis Calanoc,Travis,Calanoc,The Dark Knight,172.7,145.0,,Orthodox,,http://ufcstats.com/fighter-details/90d28fee0af74f2d
Ricky Calatayud,Ricky,Calatayud,,175.3,125.0,,,1982-10-10,http://ufcstats.com/fighter-details/800feaa25700a85f
Lucas Caldas,Lucas,Caldas,,,155.0,,Orthodox,1996-05-22,http://ufcstats.com/fighter-details/8661578c8bb80f51
Carlos Calderon,Carlos,Calderon,Chief,180.3,145.0,180.3,Southpaw,1996-02-10,http://ufcstats.com/fighter-details/7d4d7583df7eebf9
Darrion Caldwell,Darrion,Caldwell,The Wolf,177.8,135.0,,,1987-12-19,http://ufcstats.com/fighter-details/b7dc25ee40ee8334
Nicolle Caliari,Nicolle,Caliari,,160.0,125.0,157.5,Orthodox,1996-11-04,http://ufcstats.com/fighter-details/fc0a4053eb8a3a59
Taylor Callens,Taylor,Callens,,177.8,155.0,,,1991-05-21,http://ufcstats.com/fighter-details/53d471e9bf5f2fc8
Cynthia Calvillo,Cynthia,Calvillo,,162.6,115.0,162.6,Orthodox,1987-07-13,http://ufcstats.com/fighter-details/98215d037be5bcb7
Joe Camacho,Joe,Camacho,,175.3,155.0,,Orthodox,1972-03-10,http://ufcstats.com/fighter-details/dfb965c9824425db
Frank Camacho,Frank,Camacho,The Crank,177.8,155.0,185.4,Orthodox,1989-05-18,http://ufcstats.com/fighter-details/764342d39cdaa54a
Lucas Camacho,Lucas,Camacho,,193.0,265.0,203.2,Orthodox,1992-12-15,http://ufcstats.com/fighter-details/71d25689f70e4036
Matheus Camilo,Matheus,Camilo,Jaguar,177.8,155.0,175.3,Orthodox,2001-01-02,http://ufcstats.com/fighter-details/72f890c5d421e705
Fabricio Camoes,Fabricio,Camoes,Morango,177.8,155.0,180.3,Orthodox,1978-12-23,http://ufcstats.com/fighter-details/7abe471b61725980
Chris Camozzi,Chris,Camozzi,,188.0,185.0,190.5,Orthodox,1986-11-20,http://ufcstats.com/fighter-details/6c2030e0a143a94b
Brian Camozzi,Brian,Camozzi,Mantis,188.0,170.0,198.1,Orthodox,1991-06-24,http://ufcstats.com/fighter-details/1999ffb5cebc314f
Ricky Camp,Ricky,Camp,2 Slick,170.2,135.0,,,,http://ufcstats.com/fighter-details/4a99978a0366bb29
Mike Campbell,Mike,Campbell,The Beast,175.3,155.0,,Southpaw,,http://ufcstats.com/fighter-details/f5585e675af7afd4
Thomas Campbell,Thomas,Campbell,,,,,,,http://ufcstats.com/fighter-details/d060014a5a039829
Shane Campbell,Shane,Campbell,Shaolin,182.9,155.0,180.3,Orthodox,1987-01-21,http://ufcstats.com/fighter-details/784285b7ae7dd85f
Charlie Campbell,Charlie,Campbell,The Cannibal,182.9,155.0,182.9,Orthodox,1995-07-03,http://ufcstats.com/fighter-details/b39f7a6c2be17ee8
Kitt Campbell,Kitt,Campbell,The Killer,185.4,170.0,185.4,Orthodox,1994-06-26,http://ufcstats.com/fighter-details/903ef36a6adc09a3
Kurtis Campbell,Kurtis,Campbell,The Pink Panther,175.3,145.0,182.9,Switch,2002-07-29,http://ufcstats.com/fighter-details/9d51798e61f2e0c7
John Campetella,John,Campetella,,175.3,235.0,,Orthodox,,http://ufcstats.com/fighter-details/31bbd46d57dfbcb7
Wagner Campos,Wagner,Campos,Galeto,167.6,145.0,,Southpaw,1981-07-31,http://ufcstats.com/fighter-details/db6d5f691aea3fd3
Derek Campos,Derek,Campos,The Stallion,175.3,155.0,,,1988-04-01,http://ufcstats.com/fighter-details/aa8dc72b3a1f761c
Will Campuzano,Will,Campuzano,,175.3,125.0,177.8,Orthodox,1986-05-27,http://ufcstats.com/fighter-details/901cddcbfa079097
Aleksa Camur,Aleksa,Camur,,185.4,205.0,188.0,Orthodox,1995-09-25,http://ufcstats.com/fighter-details/c2a670b22d2e196f
Chico Camus,Chico,Camus,The King,167.6,125.0,167.6,Orthodox,1985-01-26,http://ufcstats.com/fighter-details/32be4b7f7de1c905
Asbel Cancio,Asbel,Cancio,,177.8,225.0,,,,http://ufcstats.com/fighter-details/2a7afe14b3a0a058
Carlos Candelario,Carlos,Candelario,The Cannon,172.7,125.0,172.7,Southpaw,1991-06-04,http://ufcstats.com/fighter-details/760a55d5b6098cbe
Ronaldo Candido,Ronaldo,Candido,Pacman,167.6,125.0,,Southpaw,1989-04-24,http://ufcstats.com/fighter-details/23fbe02caabcd214
Luiz Cane,Luiz,Cane,Banha,188.0,185.0,195.6,Southpaw,1981-04-24,http://ufcstats.com/fighter-details/24b033b3daf1c9df
Guido Cannetti,Guido,Cannetti,Ninja,167.6,135.0,172.7,Southpaw,1979-12-19,http://ufcstats.com/fighter-details/d05412b513b19621
Jared Cannonier,Jared,Cannonier,The Killa Gorilla,180.3,185.0,195.6,Switch,1984-03-16,http://ufcstats.com/fighter-details/13a0275fa13c4d26
Jose Canseco,Jose,Canseco,,193.0,240.0,,Orthodox,1964-07-02,http://ufcstats.com/fighter-details/03da33a102d9a45f
Cody Canterbury,Cody,Canterbury,,172.7,155.0,,,,http://ufcstats.com/fighter-details/23100e8f71f25a4a
Bo Cantrell,Bo,Cantrell,Redrum,188.0,235.0,,Orthodox,1969-02-08,http://ufcstats.com/fighter-details/6750e338922a099d
Steve Cantwell,Steve,Cantwell,The Robot,188.0,185.0,190.5,Orthodox,1986-12-08,http://ufcstats.com/fighter-details/f1f9e48a0d150757
Paul Capaldo,Paul,Capaldo,,170.2,135.0,,,1996-12-27,http://ufcstats.com/fighter-details/83b8fe74224dd642
Phil Caracappa,Phil,Caracappa,The Hitman,172.7,135.0,177.8,Orthodox,1992-06-05,http://ufcstats.com/fighter-details/bd81a97864acf098
Frank Caracci,Frank,Caracci,,,,,,,http://ufcstats.com/fighter-details/44f9c777fed7ca03
Gina Carano,Gina,Carano,Conviction,172.7,145.0,,Orthodox,1982-04-16,http://ufcstats.com/fighter-details/899eaba48fa864a6
Dos Caras Jr.,Dos,Caras Jr.,,193.0,225.0,,Orthodox,1977-05-25,http://ufcstats.com/fighter-details/155a02a8b4311057
Bryan Caraway,Bryan,Caraway,Kid Lightning,172.7,135.0,172.7,Orthodox,1984-08-04,http://ufcstats.com/fighter-details/5ef0088c1b19beeb
Remo Cardarelli,Remo,Cardarelli,,,135.0,,,,http://ufcstats.com/fighter-details/e5512a6aed150d8f
Phil Cardella,Phil,Cardella,,180.3,155.0,,,1976-07-09,http://ufcstats.com/fighter-details/f6a7b02c42e9fc5b
Edgar Cardenas,Edgar,Cardenas,Kitty Katt,,145.0,,,,http://ufcstats.com/fighter-details/99a86b134dccc166
Chris Cariaso,Chris,Cariaso,Kamikaze,160.0,125.0,162.6,Southpaw,1981-05-27,http://ufcstats.com/fighter-details/b2e3aca4cd363477
Ronald Carillo,Ronald,Carillo,,,125.0,,,,http://ufcstats.com/fighter-details/cbd022eaf2ac546a
Rafael Carino,Rafael,Carino,,203.2,245.0,,Orthodox,,http://ufcstats.com/fighter-details/08a7080ff5904661
Don Carlo-Clauss,Don,Carlo-Clauss,,,170.0,,,,http://ufcstats.com/fighter-details/f59a6de8a5dfe297
Antonio Carlos Junior,Antonio,Carlos Junior,Cara de Sapato,188.0,185.0,200.7,Orthodox,1990-03-16,http://ufcstats.com/fighter-details/52e76bb4b3e852f3
Spike Carlyle,Spike,Carlyle,Alpha Ginger,172.7,145.0,180.3,Switch,1993-05-06,http://ufcstats.com/fighter-details/be68b375707dcb85
Francis Carmont,Francis,Carmont,Limitless,190.5,205.0,198.1,Orthodox,1981-10-11,http://ufcstats.com/fighter-details/3591d0d5d382a381
Liz Carmouche,Liz,Carmouche,Girlrilla,167.6,125.0,167.6,Orthodox,1984-02-19,http://ufcstats.com/fighter-details/51a0c09cbe9b8472
Roan Carneiro,Roan,Carneiro,Jucao,180.3,170.0,193.0,Orthodox,1978-06-02,http://ufcstats.com/fighter-details/1c86754617d9813a
Ariane Carnelossi,Ariane,Carnelossi,Sorriso,157.5,115.0,154.9,Orthodox,1992-11-17,http://ufcstats.com/fighter-details/c0d5c0c95c59050b
Luana Carolina,Luana,Carolina,Dread,167.6,135.0,175.3,Orthodox,1993-06-11,http://ufcstats.com/fighter-details/528b071cf3da7c56
Tim Caron,Tim,Caron,The Bear,185.4,185.0,,Orthodox,1987-07-24,http://ufcstats.com/fighter-details/b80ea4880f25c187
Clayton Carpenter,Clayton,Carpenter,,167.6,125.0,167.6,Orthodox,1996-06-09,http://ufcstats.com/fighter-details/b62d5280966b2460
Gabriel Carrasco,Gabriel,Carrasco,,167.6,135.0,,,,http://ufcstats.com/fighter-details/89ed44801968b8e3
Cody Carrillo,Cody,Carrillo,,177.8,155.0,,,,http://ufcstats.com/fighter-details/9346efb4bbaedd08
Cain Carrizosa,Cain,Carrizosa,The Insane,172.7,155.0,,Orthodox,1986-07-22,http://ufcstats.com/fighter-details/064b7dc68d786254
Roger Carroll,Roger,Carroll,The Leprechaun,177.8,170.0,,,,http://ufcstats.com/fighter-details/572a89dbe1f76761
Jonny Carson,Jonny,Carson,,177.8,155.0,,,,http://ufcstats.com/fighter-details/0d49ddc07bd8c747
Scott Carson,Scott,Carson,,188.0,215.0,,,,http://ufcstats.com/fighter-details/1e3302f9ab6f549a
Shonie Carter,Shonie,Carter,Mr. International,177.8,170.0,,Southpaw,1972-05-03,http://ufcstats.com/fighter-details/7b6e40a73b567072
Jack Cartwright,Jack,Cartwright,,175.3,135.0,172.7,Orthodox,1994-05-26,http://ufcstats.com/fighter-details/1f592bfefb0d62a3
Bruno Carvalho,Bruno,Carvalho,,172.7,154.0,,,1982-06-07,http://ufcstats.com/fighter-details/456c02115efc4a01
Antonio Carvalho,Antonio,Carvalho,Pato,175.3,145.0,177.8,Orthodox,1979-05-30,http://ufcstats.com/fighter-details/fef3d17e27e916e7
Rafael Carvalho,Rafael,Carvalho,,190.5,185.0,,,1986-07-27,http://ufcstats.com/fighter-details/620d8710e89cfeae
Shane Carwin,Shane,Carwin,The Engineer,188.0,265.0,203.2,Orthodox,1975-01-04,http://ufcstats.com/fighter-details/68dd7b3783c19f9c
Johnny Case,Johnny,Case,Hollywood,177.8,155.0,182.9,Orthodox,1989-06-28,http://ufcstats.com/fighter-details/1f4b04a926ef1287
Kevin Casey,Kevin,Casey,King,180.3,185.0,195.6,Southpaw,1981-06-15,http://ufcstats.com/fighter-details/8d9586726252dbf7
Cortney Casey,Cortney,Casey,Cast Iron,170.2,125.0,170.2,Orthodox,1987-05-05,http://ufcstats.com/fighter-details/5f179af5fffeb9f6
Brandon Cash,Brandon,Cash,Money,195.6,255.0,,Orthodox,,http://ufcstats.com/fighter-details/3993f7dcb7caf42a
Bendy Casimir,Bendy,Casimir,,165.1,145.0,,Southpaw,1980-06-10,http://ufcstats.com/fighter-details/ec7ac09293d26c05
Dwayne Cason,Dwayne,Cason,,177.8,212.0,,Orthodox,,http://ufcstats.com/fighter-details/31c01fbc2586a5eb
Joe Cason,Joe,Cason,,190.5,205.0,,,1988-01-19,http://ufcstats.com/fighter-details/2b1c6f28039efe36
John Castaneda,John,Castaneda,Sexi Mexi,167.6,135.0,180.3,Switch,1991-12-18,http://ufcstats.com/fighter-details/5fa2974cbd18e05c
Eric Castile,Eric,Castile,,172.7,145.0,,,,http://ufcstats.com/fighter-details/a0a69dc9914ef6e1
Gil Castillo,Gil,Castillo,,175.3,170.0,,Southpaw,1965-10-21,http://ufcstats.com/fighter-details/31ceaf0e670c1578
Danny Castillo,Danny,Castillo,Last Call,175.3,155.0,180.3,Orthodox,1979-08-25,http://ufcstats.com/fighter-details/d1e7fc58d4225cdf
Raul Castillo,Raul,Castillo,,180.3,185.0,,Orthodox,,http://ufcstats.com/fighter-details/feeae92f951f49a9
Jenna Castillo,Jenna,Castillo,,157.5,125.0,,,1982-05-05,http://ufcstats.com/fighter-details/e680418329c84ec4
Tim Catalfo,Tim,Catalfo,Obake,180.3,235.0,,Orthodox,,http://ufcstats.com/fighter-details/6ca68b636fbc1f18
Nick Catone,Nick,Catone,The Jersey Devil,182.9,185.0,182.9,Southpaw,1981-09-01,http://ufcstats.com/fighter-details/f8fe2053d73d7bcf
Luke Caudillo,Luke,Caudillo,Lil' Hulk,170.2,155.0,,Orthodox,1980-11-30,http://ufcstats.com/fighter-details/68d76fd9ecf7431d
Gesias Cavalcante,Gesias,Cavalcante,JZ,172.7,155.0,180.3,Orthodox,1983-07-06,http://ufcstats.com/fighter-details/2a74bbba57058f12
Rafael Cavalcante,Rafael,Cavalcante,Feijao,185.4,205.0,188.0,Orthodox,1980-04-14,http://ufcstats.com/fighter-details/5c1ca0c72b599a3c
Jacqueline Cavalcanti,Jacqueline,Cavalcanti,,172.7,135.0,177.8,Orthodox,1997-08-29,http://ufcstats.com/fighter-details/e3964ece586e0635
Igor Cavalcanti,Igor,Cavalcanti,Jacare,180.3,170.0,200.7,Orthodox,1997-10-10,http://ufcstats.com/fighter-details/9c3de7f8966326de
Magnus Cedenblad,Magnus,Cedenblad,Jycken,195.6,185.0,200.7,Orthodox,1982-04-10,http://ufcstats.com/fighter-details/0e21976afc92e4d1
Yosdenis Cedeno,Yosdenis,Cedeno,Pink Panther,172.7,155.0,175.3,Orthodox,1985-02-12,http://ufcstats.com/fighter-details/3e61082025db8137
Henry Cejudo,Henry,Cejudo,Triple C,162.6,135.0,162.6,Orthodox,1987-02-09,http://ufcstats.com/fighter-details/056c493bbd76a918
Adam Cella,Adam,Cella,El Naturel,188.0,170.0,,,1985-06-26,http://ufcstats.com/fighter-details/b27b8881d7444114
Vinicius Cenci,Vinicius,Cenci,Chambinho,185.4,155.0,188.0,Orthodox,1995-11-24,http://ufcstats.com/fighter-details/f21a152aaa3e95c6
Vlasto Cepo,Vlasto,Cepo,El Chapo,,185.0,,,1995-01-25,http://ufcstats.com/fighter-details/025c1ee70b2cedf4
Katlyn Cerminara,Katlyn,Cerminara,Blonde Fighter,175.3,125.0,172.7,Orthodox,1988-12-28,http://ufcstats.com/fighter-details/e872e9a9a902c045
Rafael Cerqueira,Rafael,Cerqueira,The Lion,190.5,205.0,193.0,Southpaw,1990-03-15,http://ufcstats.com/fighter-details/09a4447655fd4b7b
Donald Cerrone,Donald,Cerrone,Cowboy,185.4,155.0,185.4,Orthodox,1983-03-29,http://ufcstats.com/fighter-details/1d00756835ca67c9
Jared Chaffee,Jared,Chaffee,,177.8,155.0,,,1984-12-15,http://ufcstats.com/fighter-details/fdf59144e535bc38
Luan Chagas,Luan,Chagas,Tarzan,182.9,170.0,190.5,Orthodox,1993-06-17,http://ufcstats.com/fighter-details/9ccf8371fd80d45d
Dagiisuren Chagnaadorj,Dagiisuren,Chagnaadorj,,,145.0,,,1999-12-31,http://ufcstats.com/fighter-details/70186298465de3f3
Edgar Chairez,Edgar,Chairez,Puro Chicali,170.2,125.0,180.3,Orthodox,1996-01-27,http://ufcstats.com/fighter-details/5ef94841c4bc3f86
Ansar Chalangov,Ansar,Chalangov,,175.3,170.0,,Orthodox,1979-10-30,http://ufcstats.com/fighter-details/7342fcc41a4817fa
Alex Chambers,Alex,Chambers,Astro Girl,160.0,115.0,160.0,Southpaw,1978-10-25,http://ufcstats.com/fighter-details/26b63bc5c0c1f65d
Michael Chandler,Michael,Chandler,Iron,172.7,155.0,180.3,Orthodox,1986-04-24,http://ufcstats.com/fighter-details/4b93a88f3b1de35b
Chelsea Chandler,Chelsea,Chandler,,172.7,135.0,172.7,Southpaw,1990-11-23,http://ufcstats.com/fighter-details/af9efbfd63d39734
Eduardo Chapolin,Eduardo,Chapolin,,170.2,125.0,170.2,Orthodox,1995-11-23,http://ufcstats.com/fighter-details/62f3039da2f92a8c
Donnie Chappell,Donnie,Chappell,,180.3,178.0,,Southpaw,,http://ufcstats.com/fighter-details/8788beb528894f33
Joe Charles,Joe,Charles,The Ghetto Man,185.4,260.0,,Southpaw,,http://ufcstats.com/fighter-details/19ffeb5e3fffd6d5
Dan Charles,Dan,Charles,The Man,188.0,228.0,,,1985-09-24,http://ufcstats.com/fighter-details/32a4f1235f0dad73
Morgan Charriere,Morgan,Charriere,The Last Pirate,172.7,145.0,175.3,Orthodox,1995-10-26,http://ufcstats.com/fighter-details/5b03b61f9d90125e
Jeisla Chaves,Jeisla,Chaves,A Braba,167.6,125.0,172.7,Orthodox,1997-02-02,http://ufcstats.com/fighter-details/8061a3136026a673
Ernest Chavez,Ernest,Chavez,EJ,172.7,145.0,177.8,Orthodox,1983-06-27,http://ufcstats.com/fighter-details/b406da701c479076
Emilio Chavez,Emilio,Chavez,,175.3,145.0,,,,http://ufcstats.com/fighter-details/84e8920e59ff14a7
Danny Chavez,Danny,Chavez,The Colombian Warrior,172.7,145.0,170.2,Orthodox,1987-03-14,http://ufcstats.com/fighter-details/0de720c0f1d4ab9c
Gabriel Checco,Gabriel,Checco,Zangief,185.4,185.0,,Switch,1986-04-03,http://ufcstats.com/fighter-details/9c5f7d5c6d084b35
Albert Cheng,Albert,Cheng,,180.3,170.0,,Orthodox,1985-02-07,http://ufcstats.com/fighter-details/d8d7b24d276c8cb0
Fabio Cherant,Fabio,Cherant,Water Buffalo,185.4,205.0,188.0,Southpaw,1994-11-25,http://ufcstats.com/fighter-details/78a68f1dade6aaf7
Ion Cherdivara,Ion,Cherdivara,,,205.0,,,,http://ufcstats.com/fighter-details/c713a845360d604b
Mark Cherico,Mark,Cherico,The Pride of Bloomfield,170.2,145.0,175.3,Orthodox,1986-05-12,http://ufcstats.com/fighter-details/79a193111e3bc99b
Macy Chiasson,Macy,Chiasson,,180.3,135.0,182.9,Orthodox,1991-07-27,http://ufcstats.com/fighter-details/9cdd2da1a9104a0b
Michael Chiesa,Michael,Chiesa,Maverick,185.4,170.0,190.5,Southpaw,1987-12-07,http://ufcstats.com/fighter-details/c58f51dedb310998
Giga Chikadze,Giga,Chikadze,Ninja,182.9,145.0,188.0,Orthodox,1988-08-25,http://ufcstats.com/fighter-details/9560ff14eb3129f7
Khamzat Chimaev,Khamzat,Chimaev,Borz,188.0,185.0,190.5,Orthodox,1994-05-01,http://ufcstats.com/fighter-details/767755fd74662dbf
Sako Chivitchian,Sako,Chivitchian,,180.3,155.0,,Orthodox,1984-03-11,http://ufcstats.com/fighter-details/9f7787e56a6bc0f4
Mu Bae Choi,Mu Bae,Choi,,188.0,230.0,,Orthodox,1970-06-27,http://ufcstats.com/fighter-details/371a1c91b24dec2b
Hong Man Choi,Hong Man,Choi,Techno Goliath,218.4,330.0,,Orthodox,1980-10-30,http://ufcstats.com/fighter-details/2c104b7e59a72629
Dooho Choi,Dooho,Choi,The Korean Superboy,177.8,145.0,177.8,Orthodox,1991-04-10,http://ufcstats.com/fighter-details/e93b04e308913c2e
SeungWoo Choi,SeungWoo,Choi,Sting,182.9,145.0,188.0,Orthodox,1992-11-03,http://ufcstats.com/fighter-details/a68575214ecad140
SeungGuk Choi,SeungGuk,Choi,,167.6,125.0,162.6,Orthodox,1996-12-26,http://ufcstats.com/fighter-details/adccbc19b22e19af
DongHun Choi,DongHun,Choi,,165.1,125.0,167.6,Switch,1999-01-02,http://ufcstats.com/fighter-details/3be16d817b36098b
Mark Choinski,Mark,Choinski,The Shark,172.7,155.0,175.3,Orthodox,1995-10-22,http://ufcstats.com/fighter-details/001eb2ab0f30e7ea
Levan Chokheli,Levan,Chokheli,,180.3,170.0,182.9,Orthodox,1996-10-02,http://ufcstats.com/fighter-details/a69a7120cf26669d
John Cholish,John,Cholish,,180.3,155.0,188.0,Orthodox,1983-12-17,http://ufcstats.com/fighter-details/03c9994c5b8958ec
Ryo Chonan,Ryo,Chonan,Piranah,175.3,170.0,177.8,Orthodox,1976-10-08,http://ufcstats.com/fighter-details/55a7b2d4e54ffac9
Will Chope,Will,Chope,The Kill,193.0,145.0,,Switch,1990-09-08,http://ufcstats.com/fighter-details/db5dc7cb80d7d418
Cody Chovancek,Cody,Chovancek,The Best Fisherman in MMA,172.7,135.0,170.2,Switch,1998-07-24,http://ufcstats.com/fighter-details/3c4320a1b6106611
Joachim Christensen,Joachim,Christensen,,190.5,205.0,193.0,Orthodox,1978-11-07,http://ufcstats.com/fighter-details/2d447cc91bdaa545
Kevin Christian,Kevin,Christian,,200.7,205.0,203.2,Orthodox,1995-01-21,http://ufcstats.com/fighter-details/7e9b36a9847db116
Dan Christison,Dan,Christison,The Sandman,203.2,265.0,,Orthodox,1972-04-26,http://ufcstats.com/fighter-details/b369533a577fa97c
Anthony Christodoulou,Anthony,Christodoulou,,175.3,155.0,,Orthodox,1987-07-30,http://ufcstats.com/fighter-details/4f11e9ce318ffbcb
Murad Chunkaiev,Murad,Chunkaiev,,180.3,185.0,,Orthodox,,http://ufcstats.com/fighter-details/d4a12dfa4067742f
Cameron Church,Cameron,Church,,180.3,155.0,182.9,Orthodox,1990-09-27,http://ufcstats.com/fighter-details/f197ce0cbe69996d
Steven Ciaccio,Steven,Ciaccio,Stryker,182.9,170.0,,,,http://ufcstats.com/fighter-details/eaebaa6801338ea1
Mike Ciesnolevicz,Mike,Ciesnolevicz,,182.9,235.0,,Orthodox,1979-10-28,http://ufcstats.com/fighter-details/51b0bb73a1da34bc
Hannah Cifers,Hannah,Cifers,Shockwave,154.9,115.0,157.5,Orthodox,1992-06-26,http://ufcstats.com/fighter-details/2244d9a2b64b8c3b
Branko Cikatic,Branko,Cikatic,,185.4,215.0,,Orthodox,1954-10-03,http://ufcstats.com/fighter-details/4e5bbc4566049cbf
Nikolajus Cilkinas,Nikolajus,Cilkinas,,,,,Orthodox,,http://ufcstats.com/fighter-details/3f3550bf126a5721
Misha Cirkunov,Misha,Cirkunov,,190.5,205.0,195.6,Orthodox,1987-02-27,http://ufcstats.com/fighter-details/67f272324a030d00
Johnny Cisneros,Johnny,Cisneros,The Tattooed Terror,180.3,170.0,,,1980-02-05,http://ufcstats.com/fighter-details/42611508ba8c3298
Sean Clancy Jr.,Sean,Clancy Jr.,The One,,170.0,,,2002-11-25,http://ufcstats.com/fighter-details/c02862a5f6d3fbd0
Laverne Clark,Laverne,Clark,,180.3,170.0,,Orthodox,1973-12-02,http://ufcstats.com/fighter-details/1c2f2571b18791b6
Logan Clark,Logan,Clark,,188.0,185.0,,Orthodox,1985-02-16,http://ufcstats.com/fighter-details/6776260cb0aef647
Mychal Clark,Mychal,Clark,,190.5,224.0,,Orthodox,,http://ufcstats.com/fighter-details/69108cb8b32efe04
Dominic Clark,Dominic,Clark,,177.8,155.0,,,1985-08-01,http://ufcstats.com/fighter-details/8a64b3f87ad29d1e
Heather Clark,Heather,Clark,Hurricane,167.6,115.0,162.6,Orthodox,1980-09-19,http://ufcstats.com/fighter-details/dd4c16777fb2ccf9
Devin Clark,Devin,Clark,Brown Bear,182.9,205.0,190.5,Orthodox,1990-04-12,http://ufcstats.com/fighter-details/cc7040fe76f0ef91
Jessica-Rose Clark,Jessica-Rose,Clark,,165.1,135.0,162.6,Orthodox,1987-11-28,http://ufcstats.com/fighter-details/6c8072b61c276e67
Shannon Clark,Shannon,Clark,MMA Barbie,165.1,125.0,162.6,Orthodox,1992-07-07,http://ufcstats.com/fighter-details/7ae36b3791e0969a
John Clarke,John,Clarke,,,170.0,,,1977-08-15,http://ufcstats.com/fighter-details/a77c71a574132188
Mitch Clarke,Mitch,Clarke,Danger Zone,177.8,155.0,185.4,Orthodox,1985-11-24,http://ufcstats.com/fighter-details/c76ec2bc3a57666a
Rich Clementi,Rich,Clementi,No Love,175.3,155.0,182.9,Southpaw,1976-03-31,http://ufcstats.com/fighter-details/7d21de9c6d7c98b2
Chris Clements,Chris,Clements,The Menace,177.8,170.0,177.8,Orthodox,1976-02-09,http://ufcstats.com/fighter-details/e5ecaf884b6da2bc
Charlie Cleveland,Charlie,Cleveland,The Reaper,,248.0,,,1997-12-30,http://ufcstats.com/fighter-details/a221b4812b0e7364
RJ Clifford,RJ,Clifford,,,160.0,,,,http://ufcstats.com/fighter-details/8e32bfcff3ec1717
Mark Climaco,Mark,Climaco,,162.6,125.0,165.1,Southpaw,1997-11-06,http://ufcstats.com/fighter-details/60098849c703e389
Josh Clopton,Josh,Clopton,The Gentleman,167.6,145.0,,Orthodox,1981-07-11,http://ufcstats.com/fighter-details/48e96d9cea6d4ab0
Brian Cobb,Brian,Cobb,,180.3,155.0,,Orthodox,,http://ufcstats.com/fighter-details/3138fab619faf4d1
Darryl Cobb,Darryl,Cobb,,175.3,185.0,,,1980-08-04,http://ufcstats.com/fighter-details/dc6d8256ee3dfba5
Dave Cochran,Dave,Cochran,,167.6,155.0,,,1973-05-10,http://ufcstats.com/fighter-details/6dbb1107de9a4a08
Dakota Cochrane,Dakota,Cochrane,,172.7,155.0,,,1986-05-01,http://ufcstats.com/fighter-details/8fa7e0bc052185ce
Marloes Coenen,Marloes,Coenen,,175.3,145.0,170.2,,1981-03-31,http://ufcstats.com/fighter-details/0b77a05bcbd2de74
Marc Cofer,Marc,Cofer,,,185.0,,,1972-03-03,http://ufcstats.com/fighter-details/e90d9d0681270953
John Cofer,John,Cofer,The Potter,175.3,155.0,,Southpaw,1984-04-29,http://ufcstats.com/fighter-details/8b260672a21d1fd6
Chris Coggins,Chris,Coggins,,,,,,,http://ufcstats.com/fighter-details/a0c29b13f7a5df32
Felipe Colares,Felipe,Colares,Cabocao,172.7,145.0,175.3,Orthodox,1994-03-31,http://ufcstats.com/fighter-details/dbac0a413af64bbe
Wayne Cole,Wayne,Cole,,185.4,205.0,,Orthodox,,http://ufcstats.com/fighter-details/2eab7a6c8b0ed8cc
Devin Cole,Devin,Cole,,193.0,240.0,,Orthodox,1976-10-01,http://ufcstats.com/fighter-details/1174782eacde9b0c
Coltin Cole,Coltin,Cole,,,185.0,,,1989-04-24,http://ufcstats.com/fighter-details/cecd72feb0d640e3
Ivan Cole,Ivan,Cole,JP,175.3,135.0,,,1990-11-30,http://ufcstats.com/fighter-details/987b80f57190d6d0
Chandler Cole,Chandler,Cole,The Hammer,177.8,264.0,182.9,Orthodox,1995-01-09,http://ufcstats.com/fighter-details/5d8a9c95af50280a
Mark Coleman,Mark,Coleman,The Hammer,185.4,205.0,190.5,Orthodox,1964-12-20,http://ufcstats.com/fighter-details/21b8a0f5c231096f
Cortez Coleman,Cortez,Coleman,Hollywood,185.4,185.0,,,1982-01-28,http://ufcstats.com/fighter-details/ffb20ae0db47ebe6
Clay Collard,Clay,Collard,Cassius,180.3,145.0,185.4,Orthodox,1993-03-10,http://ufcstats.com/fighter-details/cc900c6a71ed23f3
Jamie Colleen,Jamie,Colleen,,160.0,115.0,165.1,Orthodox,1985-11-02,http://ufcstats.com/fighter-details/6b64db453edf4c50
Jake Collier,Jake,Collier,The Prototype,190.5,230.0,198.1,Orthodox,1988-10-25,http://ufcstats.com/fighter-details/92fa1401b7927da3
Shane Collins,Shane,Collins,Hollywood,175.3,145.0,180.3,Orthodox,2000-03-08,http://ufcstats.com/fighter-details/70fc8214822b5a85
Christian Colombo,Christian,Colombo,,195.6,265.0,,Orthodox,1980-07-01,http://ufcstats.com/fighter-details/9123c54d0a2b72dd
Willian Colorado,Willian,Colorado,,177.8,135.0,182.9,,1986-06-21,http://ufcstats.com/fighter-details/dfc7f0a2d91ad337
Wes Combs,Wes,Combs,The Soldier,188.0,205.0,,Orthodox,1973-06-18,http://ufcstats.com/fighter-details/a85998eb79650b2c
Rose Conceicao,Rose,Conceicao,,139.7,115.0,165.1,Orthodox,1997-05-13,http://ufcstats.com/fighter-details/a76c07e8e4c76e9a
Roque Conceicao,Roque,Conceicao,,,125.0,,Orthodox,1999-10-27,http://ufcstats.com/fighter-details/b4ebc1539a08054b
Carlos Condit,Carlos,Condit,The Natural Born Killer,188.0,170.0,190.5,Orthodox,1984-04-26,http://ufcstats.com/fighter-details/f9f07bb5a43535ed
Chris Condo,Chris,Condo,,182.9,335.0,,Orthodox,,http://ufcstats.com/fighter-details/41e77dc504a192c6
Jack Congdon,Jack,Congdon,.50 Cal,188.0,170.0,190.5,Switch,1997-05-21,http://ufcstats.com/fighter-details/c44530d3969134a3
Tristan Connelly,Tristan,Connelly,Boondock,177.8,145.0,172.7,Orthodox,1985-12-12,http://ufcstats.com/fighter-details/2ebfbe72ed703925
Callum Connor,Callum,Connor,007,,155.0,,,,http://ufcstats.com/fighter-details/6ab620a6b7e80a72
Marcos Conrado Jr.,Marcos,Conrado Jr.,,188.0,220.0,,Orthodox,1982-03-14,http://ufcstats.com/fighter-details/d450769115a193c2
Jeremiah Constant,Jeremiah,Constant,,185.4,240.0,,Orthodox,1974-07-19,http://ufcstats.com/fighter-details/18f5669a92e99d92
Jonathan Contrestano,Jonathan,Contrestano,JT,,155.0,,,,http://ufcstats.com/fighter-details/06d4eb8123087123
Bob Cook,Bob,Cook,Crazy,175.3,170.0,,Orthodox,,http://ufcstats.com/fighter-details/1c061eb6e29eaa0a
Mike Cook,Mike,Cook,,185.4,205.0,,Orthodox,,http://ufcstats.com/fighter-details/3ab0df1ddd5f1dc2
Chad Cook,Chad,Cook,,188.0,205.0,,,1979-11-07,http://ufcstats.com/fighter-details/e6daf9cdbf0da889
TJ Cook,TJ,Cook,,,205.0,,,1982-09-08,http://ufcstats.com/fighter-details/fa238ecfd048f7d8
Dewey Cooper,Dewey,Cooper,The Black Cobra,,205.0,,,,http://ufcstats.com/fighter-details/5efaaf313b652dd7
Brett Cooper,Brett,Cooper,,182.9,170.0,,Orthodox,1987-07-02,http://ufcstats.com/fighter-details/88ffe9745e218dd8
Bill Cooper,Bill,Cooper,,,155.0,,,1984-05-05,http://ufcstats.com/fighter-details/78bd6940d093fd33
Bobby Cooper,Bobby,Cooper,Super Duper,185.4,155.0,,,,http://ufcstats.com/fighter-details/1b51895e5572cfda
Amanda Cooper,Amanda,Cooper,ABC,160.0,115.0,162.6,Switch,1991-10-22,http://ufcstats.com/fighter-details/d4a31850a7457f1b
Kit Cope,Kit,Cope,Havoc,182.9,170.0,,Orthodox,1977-03-17,http://ufcstats.com/fighter-details/ce47f49e5c386a9c
Chris Cope,Chris,Cope,C-Murder,182.9,170.0,182.9,Orthodox,1983-03-05,http://ufcstats.com/fighter-details/8c8c92a12621d7e0
Josh Copeland,Josh,Copeland,Cuddly Bear,185.4,265.0,,Orthodox,1982-10-20,http://ufcstats.com/fighter-details/3aa794cbe1e3484b
Michael Cora,Michael,Cora,Kookie Monster,185.4,170.0,195.6,Southpaw,1989-08-24,http://ufcstats.com/fighter-details/2b91eff985b532cd
Akira Corassani,Akira,Corassani,,172.7,145.0,172.7,Orthodox,1982-08-27,http://ufcstats.com/fighter-details/3f52ce18fb98008f
Muhsin Corbbrey,Muhsin,Corbbrey,,177.8,155.0,,Orthodox,1978-05-18,http://ufcstats.com/fighter-details/1f9344211ca7fd60
Alden Coria,Alden,Coria,Cobra,172.7,125.0,170.2,Orthodox,1998-04-24,http://ufcstats.com/fighter-details/5e9ca8dd7d783a75
Daniel Cormier,Daniel,Cormier,DC,180.3,235.0,182.9,Orthodox,1979-03-20,http://ufcstats.com/fighter-details/d967f0128c323de6
Nora Cornolle,Nora,Cornolle,,170.2,135.0,170.2,Orthodox,1989-12-06,http://ufcstats.com/fighter-details/f2b3f4ef3f780168
Clint Coronel,Clint,Coronel,,,155.0,,,,http://ufcstats.com/fighter-details/fe67cd6423f7a8ad
Henry Corrales,Henry,Corrales,,175.3,145.0,,,,http://ufcstats.com/fighter-details/7cb0946d51b8cde7
Bethe Correia,Bethe,Correia,Pitbull,165.1,135.0,162.6,Orthodox,1983-06-22,http://ufcstats.com/fighter-details/673ea7dcc786b1b3
Wesley Correira,Wesley,Correira,Cabbage,190.5,260.0,,Orthodox,1978-11-11,http://ufcstats.com/fighter-details/4e9fb05d7e5e61b8
Waldo Cortes Acosta,Waldo,Cortes Acosta,Salsa Boy,193.0,260.0,198.1,Orthodox,1991-10-03,http://ufcstats.com/fighter-details/fc08099550072fe4
Tracy Cortez,Tracy,Cortez,,165.1,125.0,165.1,Orthodox,1993-12-10,http://ufcstats.com/fighter-details/68d4a891e5cf2029
Reyes Cortez Jr.,Reyes,Cortez Jr.,,170.2,135.0,172.7,Orthodox,1992-07-31,http://ufcstats.com/fighter-details/1a7d44196949577c
Chad Corvin,Chad,Corvin,The Brave Warrior,195.6,255.0,,,,http://ufcstats.com/fighter-details/1267b631db78665a
Louis Cosce,Louis,Cosce,,175.3,170.0,180.3,Orthodox,1995-08-27,http://ufcstats.com/fighter-details/afe8d5b39ff7fca2
Orion Cosce,Orion,Cosce,Galaxy,180.3,170.0,180.3,Switch,1994-07-15,http://ufcstats.com/fighter-details/2c010b26a3306969
Miguel Cosio,Miguel,Cosio,,193.0,205.0,,,,http://ufcstats.com/fighter-details/d150c6fbdb7687f4
Jadson Costa,Jadson,Costa,,170.2,155.0,,Orthodox,,http://ufcstats.com/fighter-details/222d6b547de2e035
Guilherme Costa,Guilherme,Costa,The Prodigy,,155.0,,,,http://ufcstats.com/fighter-details/28877eddb1c0b967
Paulo Costa,Paulo,Costa,The Eraser,185.4,185.0,182.9,Orthodox,1991-04-21,http://ufcstats.com/fighter-details/2e5c2aa8e4ab9d82
Randy Costa,Randy,Costa,The Zohan,175.3,135.0,185.4,Switch,1994-07-06,http://ufcstats.com/fighter-details/325ad0dd9126d3df
Alessandro Costa,Alessandro,Costa,Nono,162.6,125.0,170.2,Orthodox,1996-01-28,http://ufcstats.com/fighter-details/3fa97913cfd205d3
Melquizael Costa,Melquizael,Costa,The Dalmatian,177.8,145.0,180.3,Southpaw,1996-09-14,http://ufcstats.com/fighter-details/20bccc9bb4ceb23e
Vitor Costa,Vitor,Costa,,188.0,185.0,190.5,Orthodox,2000-09-19,http://ufcstats.com/fighter-details/c41cbb5bf944ca54
Oscar Cota,Oscar,Cota,Elevation,182.9,230.0,182.9,Orthodox,1984-10-15,http://ufcstats.com/fighter-details/f584a6e0b5b74604
Patrick Cote,Patrick,Cote,The Predator,180.3,170.0,190.5,Orthodox,1980-02-29,http://ufcstats.com/fighter-details/9fa3bd637edd9aa2
JC Cottrell,JC,Cottrell,,175.3,155.0,,Orthodox,1989-11-04,http://ufcstats.com/fighter-details/3ec1e4ba98c9c85a
JR Coughran,JR,Coughran,Bam Bam,167.6,145.0,,Orthodox,1994-05-17,http://ufcstats.com/fighter-details/8112c9a23dccc759
Rashad Coulter,Rashad,Coulter,Daywalker,180.3,205.0,193.0,Orthodox,1981-11-27,http://ufcstats.com/fighter-details/d1528ac5675558b1
Dave Courchaine,Dave,Courchaine,,172.7,170.0,,,,http://ufcstats.com/fighter-details/79ab17db3b40831a
Randy Couture,Randy,Couture,The Natural,185.4,205.0,190.5,Orthodox,1963-06-22,http://ufcstats.com/fighter-details/0aa92558424ced9e
Kim Couture,Kim,Couture,Sugar Free,172.7,135.0,,Orthodox,1975-12-18,http://ufcstats.com/fighter-details/84c43f0d25f15b0b
Ryan Couture,Ryan,Couture,,177.8,155.0,185.4,Orthodox,1982-08-27,http://ufcstats.com/fighter-details/46fd223e3ced39b3
Nikk Covert,Nikk,Covert,The Brick,172.7,185.0,,,1969-08-04,http://ufcstats.com/fighter-details/400c7b43c86d27d3
Colby Covington,Colby,Covington,Chaos,180.3,170.0,182.9,Orthodox,1988-02-22,http://ufcstats.com/fighter-details/dc9572dd6ec74859
Hailey Cowan,Hailey,Cowan,All Hail,172.7,135.0,170.2,Southpaw,1992-02-12,http://ufcstats.com/fighter-details/3c26c420584d912d
Jeff Cox,Jeff,Cox,The Grinder,177.8,155.0,,Orthodox,1968-08-02,http://ufcstats.com/fighter-details/c9bbf1a0285a8076
Nathan Coy,Nathan,Coy,Soulforce,177.8,170.0,175.3,Southpaw,1978-07-24,http://ufcstats.com/fighter-details/15ec018d144710db
Andrew Craig,Andrew,Craig,Highlight,185.4,170.0,193.0,Orthodox,1986-01-15,http://ufcstats.com/fighter-details/8a70ceb3edbe757b
Paul Craig,Paul,Craig,Bearjew,190.5,205.0,193.0,Orthodox,1987-11-27,http://ufcstats.com/fighter-details/eabf206b162b3b83
Dan Cramer,Dan,Cramer,,188.0,170.0,,Orthodox,1985-10-31,http://ufcstats.com/fighter-details/480b702debcb5433
Alberto Crane,Alberto,Crane,,165.1,155.0,,Orthodox,1976-07-14,http://ufcstats.com/fighter-details/25433871e4eee0f4
Tim Credeur,Tim,Credeur,,190.5,185.0,190.5,Orthodox,1977-07-09,http://ufcstats.com/fighter-details/89b8d1bf1ff09d1d
Paul Creighton,Paul,Creighton,,167.6,155.0,,Southpaw,1970-06-04,http://ufcstats.com/fighter-details/ed73c85164a5f5a4
Helena Crevar,Helena,Crevar,,,,,,,http://ufcstats.com/fighter-details/a8c3ce469cb8b130
Alexander Crispim,Alexander,Crispim,,,145.0,,,,http://ufcstats.com/fighter-details/15dedd05f8bcb475
Alex Crispin,Alex,Crispin,,,155.0,,,,http://ufcstats.com/fighter-details/8944a0f9b2f0ce6d
Melissa Croden,Melissa,Croden,Scare,,135.0,,,1991-04-12,http://ufcstats.com/fighter-details/51e2f44a8dbf6984
Kevin Croom,Kevin,Croom,Crash,180.3,135.0,185.4,Orthodox,1987-07-15,http://ufcstats.com/fighter-details/35b3772629e27a49
Kiefer Crosbie,Kiefer,Crosbie,BDK,180.3,170.0,177.8,Switch,1990-04-05,http://ufcstats.com/fighter-details/4729c93ba705a3bf
Ken Cross,Ken,Cross,The Boss,182.9,155.0,182.9,Southpaw,1994-10-04,http://ufcstats.com/fighter-details/923767209632e08a
Jeff Crotty,Jeff,Crotty,,,155.0,,,,http://ufcstats.com/fighter-details/98601a40e9d96047
Allen Crowder,Allen,Crowder,Pretty Boy,190.5,245.0,193.0,Orthodox,1989-11-08,http://ufcstats.com/fighter-details/a9d6e047ce48ab63
Daron Cruickshank,Daron,Cruickshank,Detroit Superstar,172.7,155.0,182.9,Switch,1985-06-11,http://ufcstats.com/fighter-details/5f99b2bafb10305f
Richard Crunkilton,Richard,Crunkilton,Cleat,170.2,155.0,,Orthodox,1979-11-25,http://ufcstats.com/fighter-details/22ee260735da0d58
Jimmy Crute,Jimmy,Crute,,188.0,205.0,188.0,Orthodox,1996-03-04,http://ufcstats.com/fighter-details/70e1f8a821b72c8b
Marcio Cruz,Marcio,Cruz,Pe de Pano,193.0,232.0,,Orthodox,1978-04-24,http://ufcstats.com/fighter-details/6aa1cbc1466e9a0b
Dominick Cruz,Dominick,Cruz,The Dominator,172.7,135.0,172.7,Orthodox,1985-03-09,http://ufcstats.com/fighter-details/10f3ba6cd2f44a97
Aalon Cruz,Aalon,Cruz,,182.9,145.0,198.1,Switch,1989-09-20,http://ufcstats.com/fighter-details/003d82fa384ca1d0
Timmy Cuamba,Timmy,Cuamba,Twilight,175.3,145.0,180.3,Orthodox,1999-02-08,http://ufcstats.com/fighter-details/0e46690e55a8df75
Jay Cucciniello,Jay,Cucciniello,,170.2,155.0,,Orthodox,1986-07-23,http://ufcstats.com/fighter-details/683ea28a198936fe
Emilio Cuellar,Emilio,Cuellar,Show Kid,,125.0,,,,http://ufcstats.com/fighter-details/3aeb69b4a13ff0e8
Josh Culibao,Josh,Culibao,Kuya,177.8,145.0,185.4,Orthodox,1994-05-24,http://ufcstats.com/fighter-details/6751eacd16bd59bc
Chris Culley,Chris,Culley,,,145.0,,,1986-03-25,http://ufcstats.com/fighter-details/e59b13321562eed3
Abel Cullum,Abel,Cullum,The Silent Assassin,170.2,139.0,,Orthodox,1987-04-21,http://ufcstats.com/fighter-details/2f8f3c69522db931
Zak Cummings,Zak,Cummings,,182.9,205.0,190.5,Southpaw,1984-08-02,http://ufcstats.com/fighter-details/4ba8d454f762005d
Everett Cummings,Everett,Cummings,,,205.0,,,,http://ufcstats.com/fighter-details/05e4be525cb3578c
Patrick Cummins,Patrick,Cummins,Durkin,188.0,205.0,193.0,Orthodox,1980-11-16,http://ufcstats.com/fighter-details/e51e5cb722bd47a8
Luke Cummo,Luke,Cummo,,182.9,170.0,188.0,Orthodox,1980-04-27,http://ufcstats.com/fighter-details/93ce4ac89e3d7652
Hugo Cunha,Hugo,Cunha,Silverback,190.5,263.0,200.7,Orthodox,1993-02-04,http://ufcstats.com/fighter-details/46a17755f80f63e8
Alton Cunningham,Alton,Cunningham,The Bo-Man,188.0,205.0,195.6,Orthodox,1993-06-24,http://ufcstats.com/fighter-details/305bde44ff664788
AJ Cunningham,AJ,Cunningham,The Savage,177.8,135.0,180.3,Orthodox,1994-09-07,http://ufcstats.com/fighter-details/d1053e55f00e53fe
Tommy Cuozzi Jr.,Tommy,Cuozzi Jr.,Little T,175.3,145.0,180.3,Orthodox,1999-08-31,http://ufcstats.com/fighter-details/eb49fe2f85ae9526
Santo Curatolo,Santo,Curatolo,,160.0,125.0,157.5,Southpaw,1995-01-18,http://ufcstats.com/fighter-details/b8b765e320a8db39
Larry Cureton,Larry,Cureton,,188.0,240.0,,Orthodox,,http://ufcstats.com/fighter-details/46f11d15c0134fe3
Jeff Curran,Jeff,Curran,Big Frog,167.6,135.0,175.3,Orthodox,1977-09-02,http://ufcstats.com/fighter-details/a8ea84cbe1655f0a
Kailin Curran,Kailin,Curran,,162.6,115.0,165.1,Orthodox,1991-04-11,http://ufcstats.com/fighter-details/05b43e0ead3df345
Pat Curran,Pat,Curran,Paddy Mike,175.3,145.0,,,1987-08-31,http://ufcstats.com/fighter-details/d8291d0dd63da29c
Will Currie,Will,Currie,Drago,190.5,185.0,193.0,Switch,1998-11-12,http://ufcstats.com/fighter-details/b8ff02d5703eca3a
Chris Curtis,Chris,Curtis,Action-Man,177.8,170.0,190.5,Orthodox,1987-07-15,http://ufcstats.com/fighter-details/5442f1bc4b47eaf3
Ion Cutelaba,Ion,Cutelaba,The Hulk,185.4,205.0,190.5,Southpaw,1993-12-14,http://ufcstats.com/fighter-details/cd13728ae1151f46
Gleidson Cutis,Gleidson,Cutis,Poney,175.3,155.0,,Orthodox,1989-02-07,http://ufcstats.com/fighter-details/44a94bbde42246e4
Sarah D'alelio,Sarah,D'alelio,The Monster,170.2,145.0,,,1980-12-13,http://ufcstats.com/fighter-details/ac45450f75d14f16
Marcos da Matta,Marcos,da Matta,Parrumpinha,162.6,145.0,,,1973-03-18,http://ufcstats.com/fighter-details/3b6d84343579fd33
Henrique da Silva,Henrique,da Silva,Frankenstein,190.5,205.0,193.0,Orthodox,1989-09-01,http://ufcstats.com/fighter-details/b0bd0c5425668b8f
Ariane da Silva,Ariane,da Silva,Queen of Violence,167.6,125.0,170.2,Orthodox,1994-01-26,http://ufcstats.com/fighter-details/6551c64fbcd1a467
Alex Da Silva,Alex,Da Silva,Leko,172.7,155.0,185.4,Orthodox,1996-02-04,http://ufcstats.com/fighter-details/c3ded6f7155f9ea4
Radley Da Silva,Radley,Da Silva,Snake Eyes,175.3,145.0,180.3,Orthodox,1995-06-20,http://ufcstats.com/fighter-details/0d68c7bfdff1dc34
Henrique Da Silva Lopes,Henrique,Da Silva Lopes,Montanha,190.5,240.0,,,1985-03-08,http://ufcstats.com/fighter-details/1f8cd7634e8286ff
Deni Daffa,Deni,Daffa,,182.9,155.0,188.0,Orthodox,1999-09-08,http://ufcstats.com/fighter-details/d28bef63e7d8d536
Nicolas Dalby,Nicolas,Dalby,Lokomotivo,180.3,170.0,188.0,Orthodox,1984-11-16,http://ufcstats.com/fighter-details/9d19d9e4aa2662e8
Paul Daley,Paul,Daley,Semtex,175.3,170.0,193.0,Orthodox,1983-02-21,http://ufcstats.com/fighter-details/23725c826c481e7f
Dave Dalgliesh,Dave,Dalgliesh,,188.0,205.0,,Orthodox,1978-04-05,http://ufcstats.com/fighter-details/ddbd0d6259ce57cc
Richard Dalton,Richard,Dalton,,185.4,205.0,,Orthodox,,http://ufcstats.com/fighter-details/6cd3dfc54f01287f
Aisling Daly,Aisling,Daly,Ais the Bash,157.5,115.0,162.6,Orthodox,1987-12-24,http://ufcstats.com/fighter-details/e50cd77732d39967
Marko Damiani,Marko,Damiani,,182.9,170.0,,,,http://ufcstats.com/fighter-details/6e9b5c74c0860deb
Leonardo Damiani,Leonardo,Damiani,Puppy,177.8,170.0,175.3,Orthodox,1990-08-30,http://ufcstats.com/fighter-details/acd870570949d8a2
Rodrigo Damm,Rodrigo,Damm,,170.2,155.0,180.3,Orthodox,1980-02-03,http://ufcstats.com/fighter-details/a20d7dfaba74c067
Carina Damm,Carina,Damm,Beauty But the Beast,162.6,135.0,,,,http://ufcstats.com/fighter-details/033343da4c0cff8a
Batgerel Danaa,Batgerel,Danaa,Storm,170.2,135.0,177.8,Orthodox,1989-07-04,http://ufcstats.com/fighter-details/3b0a516d2921e0d6
Cindy Dandois,Cindy,Dandois,Battlecat,170.2,135.0,,Orthodox,1984-10-26,http://ufcstats.com/fighter-details/9eef6584fab21fbb
Peter Danesoe,Peter,Danesoe,The Asian Viking,175.3,135.0,172.7,Orthodox,2000-09-01,http://ufcstats.com/fighter-details/5f119b24c0f9679c
Jarjis Danho,Jarjis,Danho,Man Mountain,190.5,265.0,188.0,Orthodox,1983-10-15,http://ufcstats.com/fighter-details/8614b7134913f5d5
Jose Daniel Medina,Jose,Daniel Medina,Chicho,182.9,185.0,188.0,Orthodox,1991-05-17,http://ufcstats.com/fighter-details/baa9be02c3e3e038
Raymond Daniels,Raymond,Daniels,,188.0,185.0,,Southpaw,,http://ufcstats.com/fighter-details/fccb0fee256b7b4d
Marques Daniels,Marques,Daniels,,,155.0,,,,http://ufcstats.com/fighter-details/55a80a9365bc107d
Anvarbek Daniyalbekov,Anvarbek,Daniyalbekov,,,185.0,,,1995-05-27,http://ufcstats.com/fighter-details/859e0dafd04fe1ca
Alexandre Dantas,Alexandre,Dantas,Cafe,188.0,238.0,,Orthodox,1979-03-01,http://ufcstats.com/fighter-details/8dc46e9a7895ce1a
Eduardo Dantas,Eduardo,Dantas,Dudu,177.8,135.0,,,1989-02-03,http://ufcstats.com/fighter-details/676a2e5ec4d7338c
Mac Danzig,Mac,Danzig,,172.7,155.0,177.8,Orthodox,1980-01-02,http://ufcstats.com/fighter-details/86f582852a5b240a
Karen Darabedyan,Karen,Darabedyan,,170.2,155.0,172.7,Orthodox,1986-12-18,http://ufcstats.com/fighter-details/d2fa318f34d0aadc
Adam Darby,Adam,Darby,The Plank,,170.0,,,1998-11-13,http://ufcstats.com/fighter-details/a4555c13e6257539
Beneil Dariush,Beneil,Dariush,,177.8,155.0,182.9,Southpaw,1989-05-06,http://ufcstats.com/fighter-details/08af939f41b5a57b
Alvi Dasuyev,Alvi,Dasuyev,Spartan,,170.0,,,,http://ufcstats.com/fighter-details/03c629aaa15a17ce
Sean Daugherty,Sean,Daugherty,,182.9,175.0,,,1975-12-04,http://ufcstats.com/fighter-details/a683f9ddb70aa4bd
Kyle Daukaus,Kyle,Daukaus,,188.0,185.0,193.0,Southpaw,1993-02-27,http://ufcstats.com/fighter-details/d6c0cdd7e467c440
Chris Daukaus,Chris,Daukaus,,190.5,205.0,193.0,Orthodox,1989-09-25,http://ufcstats.com/fighter-details/d0aaedcf7ccd0b45
Brian Davidson,Brian,Davidson,,167.6,145.0,,,,http://ufcstats.com/fighter-details/42775dc893603154
Rick Davis,Rick,Davis,The Flying Squirrel,175.3,155.0,,Orthodox,,http://ufcstats.com/fighter-details/2549d63da9c456cb
Marcus Davis,Marcus,Davis,The Irish Hand Grenade,177.8,170.0,177.8,Southpaw,1973-08-24,http://ufcstats.com/fighter-details/b7d524c77c27389b
LC Davis,LC,Davis,,172.7,135.0,175.3,Southpaw,1980-10-28,http://ufcstats.com/fighter-details/6dab8ce5e4bffe77
Phil Davis,Phil,Davis,Mr. Wonderful,188.0,205.0,200.7,Orthodox,1984-09-25,http://ufcstats.com/fighter-details/902ab9197b83d0db
Lemont Davis,Lemont,Davis,,172.7,170.0,,Orthodox,,http://ufcstats.com/fighter-details/a993ef2dd36cea5f
Mike Davis,Mike,Davis,,,,,,,http://ufcstats.com/fighter-details/c8661e204c66f325
Justin Davis,Justin,Davis,Dangerous,180.3,205.0,,,1983-04-01,http://ufcstats.com/fighter-details/20697b334f6c0a45
Alexis Davis,Alexis,Davis,,167.6,135.0,172.7,Orthodox,1984-10-04,http://ufcstats.com/fighter-details/4c2d90e335e6df19
Danny Davis,Danny,Davis,,188.0,170.0,,,1982-07-28,http://ufcstats.com/fighter-details/570d40f993171b19
Brandon Davis,Brandon,Davis,Killer B,177.8,135.0,182.9,Orthodox,1990-05-08,http://ufcstats.com/fighter-details/cc351e408bbb7d43
Mike Davis,Mike,Davis,Beast Boy,182.9,155.0,182.9,Orthodox,1992-10-07,http://ufcstats.com/fighter-details/fb3e61720be4690c
Hakeem Dawodu,Hakeem,Dawodu,Mean,172.7,145.0,185.4,Orthodox,1991-07-02,http://ufcstats.com/fighter-details/2c9d00968f818270
Grant Dawson,Grant,Dawson,KGD,177.8,155.0,182.9,Switch,1994-02-20,http://ufcstats.com/fighter-details/99bd51917728c25d
Jason Day,Jason,Day,Dooms,182.9,185.0,182.9,Orthodox,1981-05-19,http://ufcstats.com/fighter-details/a6fd2173d5e2d7f0
Martin Day,Martin,Day,The Spartan,177.8,145.0,185.4,Orthodox,1988-11-10,http://ufcstats.com/fighter-details/ea3dcc417c322064
Angel De Anda,Angel,De Anda,The Dream,175.3,225.0,,Orthodox,1985-05-28,http://ufcstats.com/fighter-details/4b450aa602611baa
Yorgan De Castro,Yorgan,De Castro,The Mad Titan,182.9,250.0,188.0,Orthodox,1986-12-19,http://ufcstats.com/fighter-details/1eff7bc0f815b270
Geraldo de Freitas,Geraldo,de Freitas,Spartan,170.2,135.0,182.9,Orthodox,1991-09-30,http://ufcstats.com/fighter-details/9cfbfae5fa1fdd93
Philip De Fries,Philip,De Fries,,195.6,250.0,200.7,Orthodox,1986-04-21,http://ufcstats.com/fighter-details/6ef65b6a152e49d5
Chris de la Rocha,Chris,de la Rocha,,190.5,250.0,203.2,Orthodox,1979-05-15,http://ufcstats.com/fighter-details/e51ee8ded927fc51
Montana De La Rosa,Montana,De La Rosa,,170.2,125.0,172.7,Orthodox,1995-02-14,http://ufcstats.com/fighter-details/80d8aed0ca9b00f3
Mark De La Rosa,Mark,De La Rosa,Bumblebee,167.6,135.0,165.1,Orthodox,1994-08-31,http://ufcstats.com/fighter-details/f57dd0bfa8c17813
Mike de la Torre,Mike,de la Torre,El Cucuy,180.3,145.0,180.3,Orthodox,1986-09-22,http://ufcstats.com/fighter-details/1971869b7e054261
Rodrigo de Lima,Rodrigo,de Lima,Monstro,170.2,155.0,,Orthodox,1991-03-12,http://ufcstats.com/fighter-details/a4dc47001f202bcd
Edilberto de Oliveira,Edilberto,de Oliveira,Crocota,182.9,170.0,,Orthodox,1982-11-22,http://ufcstats.com/fighter-details/afdb76fbd86f6d11
Johil de Oliveira,Johil,de Oliveira,,167.6,170.0,,Orthodox,,http://ufcstats.com/fighter-details/f9aa6376ae16bfb4
Jorge de Oliveira,Jorge,de Oliveira,Blade,172.7,155.0,,Orthodox,1980-01-22,http://ufcstats.com/fighter-details/ddf3e0ea10ea6d8c
Jair De Oliveira,Jair,De Oliveira,Mamute,175.3,205.0,175.3,,1996-05-09,http://ufcstats.com/fighter-details/f14fbb2e55da044c
Isabela de Padua,Isabela,de Padua,Belinha,160.0,125.0,162.6,Orthodox,1991-09-04,http://ufcstats.com/fighter-details/e0f959f65d0406b4
Gloria de Paula,Gloria,de Paula,Glorinha,165.1,115.0,170.2,Orthodox,1995-06-10,http://ufcstats.com/fighter-details/5dd180c8b3196786
Germaine de Randamie,Germaine,de Randamie,The Iron Lady,175.3,135.0,180.3,Orthodox,1984-04-24,http://ufcstats.com/fighter-details/1d239d571e342453
Reinier de Ridder,Reinier,de Ridder,RdR,193.0,185.0,198.1,Southpaw,1990-09-07,http://ufcstats.com/fighter-details/d549cefc7c54ab78
Crezio de Souza,Crezio,de Souza,,,170.0,,Orthodox,,http://ufcstats.com/fighter-details/3746e21bb508391a
Carl Deaton,Carl,Deaton,The Anishinaabe Kid,170.2,155.0,175.3,Orthodox,1989-11-24,http://ufcstats.com/fighter-details/914a897455693650
Tom DeBlass,Tom,DeBlass,,182.9,185.0,,Orthodox,1982-05-14,http://ufcstats.com/fighter-details/0bcfe2513cb3bc39
Marcos Degli,Marcos,Degli,Tailandes,,125.0,,,2000-05-13,http://ufcstats.com/fighter-details/0575068a0f83f963
Issac DeJesus,Issac,DeJesus,,,145.0,,,,http://ufcstats.com/fighter-details/0e2c2daf11b5d8f2
Rafael Del Real,Rafael,Del Real,,180.3,225.0,,,,http://ufcstats.com/fighter-details/e82b2adcaeff71ec
Shane del Rosario,Shane,del Rosario,,193.0,250.0,,Southpaw,1983-09-23,http://ufcstats.com/fighter-details/85980f5da429c0a6
Wallen Del Rosario,Wallen,Del Rosario,,162.6,125.0,170.2,Orthodox,1993-03-18,http://ufcstats.com/fighter-details/a62f85f6a6c19a4c
Yadier del Valle,Yadier,del Valle,The Cuban Problem,175.3,145.0,175.3,Southpaw,1996-07-29,http://ufcstats.com/fighter-details/70380ccdc81915b8
Jose Delano,Jose,Delano,,172.7,145.0,177.8,Orthodox,1996-09-11,http://ufcstats.com/fighter-details/d7c4956d61ae76a9
Humberto DeLeon,Humberto,DeLeon,,,135.0,,,1989-11-12,http://ufcstats.com/fighter-details/bfaf4c87936b4fae
Rolando Delgado,Rolando,Delgado,Roli,190.5,155.0,195.6,Orthodox,1981-11-22,http://ufcstats.com/fighter-details/37b1696e6d115957
Israel Delgado,Israel,Delgado,,177.8,155.0,,,,http://ufcstats.com/fighter-details/01f4bcd26ac08ad5
Jose Delgado,Jose,Delgado,,180.3,145.0,188.0,Switch,1998-04-21,http://ufcstats.com/fighter-details/7d6ceff6747f2de2
Ante Delija,Ante,Delija,Walking Trouble,190.5,239.0,198.1,Orthodox,1990-08-07,http://ufcstats.com/fighter-details/7d8435c56043b0ae
Jack Della Maddalena,Jack,Della Maddalena,,180.3,170.0,185.4,Switch,1996-09-10,http://ufcstats.com/fighter-details/6b453bc35a823c3f
Roland Delorme,Roland,Delorme,,175.3,135.0,180.3,Orthodox,1983-12-18,http://ufcstats.com/fighter-details/173acb3f920082b8
Jon Delos Reyes,Jon,Delos Reyes,The Heat,167.6,125.0,170.2,Orthodox,1987-08-19,http://ufcstats.com/fighter-details/0d0351c20169a499
Jason DeLucia,Jason,DeLucia,,180.3,190.0,,Southpaw,1969-07-24,http://ufcstats.com/fighter-details/6ceff86fae4f6b3b
Justin DeMoney,Justin,DeMoney,,,170.0,,,1985-07-01,http://ufcstats.com/fighter-details/985bca5a097fb3f4
Vanessa Demopoulos,Vanessa,Demopoulos,Lil Monster,157.5,125.0,149.9,Orthodox,1988-09-22,http://ufcstats.com/fighter-details/2c483cf443f38ece
Chris Dempsey,Chris,Dempsey,,177.8,185.0,182.9,Orthodox,1987-09-08,http://ufcstats.com/fighter-details/dfae5da5676e4194
Nick Denis,Nick,Denis,The Ninja of Love,170.2,135.0,,Orthodox,1983-10-11,http://ufcstats.com/fighter-details/e4aaaa34535e32b6
Thomas Denny,Thomas,Denny,The Wildman,177.8,170.0,,Orthodox,1971-04-19,http://ufcstats.com/fighter-details/a11a6ee8eeb03c18
Robert Densley,Robert,Densley,The Wrecker,175.3,155.0,,,,http://ufcstats.com/fighter-details/b72f3cafa6376e35
Jason Dent,Jason,Dent,Dynamite,177.8,155.0,180.3,Orthodox,1980-06-12,http://ufcstats.com/fighter-details/fa8b9e6b0c2269f8
Mackenzie Dern,Mackenzie,Dern,,162.6,115.0,160.0,Orthodox,1993-03-24,http://ufcstats.com/fighter-details/7447e9f28508106a
Booker DeRousse,Booker,DeRousse,,188.0,205.0,,,1981-03-23,http://ufcstats.com/fighter-details/f2c91b67f71bbeab
Tony DeSouza,Tony,DeSouza,,182.9,170.0,177.8,Southpaw,1974-07-26,http://ufcstats.com/fighter-details/6ad9058b7c7898b0
Robelis Despaigne,Robelis,Despaigne,The Big Boy,200.7,265.0,213.4,Orthodox,1988-09-09,http://ufcstats.com/fighter-details/140567899d98978a
Cory Devela,Cory,Devela,The One,152.4,185.0,,Orthodox,,http://ufcstats.com/fighter-details/48544433372ecfa6
John Devine,John,Devine,,,,,,,http://ufcstats.com/fighter-details/2bcc39af95d6f2e8
Edwin DeWees,Edwin,DeWees,Babyface,185.4,185.0,,Orthodox,1982-08-07,http://ufcstats.com/fighter-details/75bbd2206a15319f
Rabindra Dhant,Rabindra,Dhant,,,135.0,,,1998-11-30,http://ufcstats.com/fighter-details/9f8bd85aaeec2f56
Alessio Di Chirico,Alessio,Di Chirico,Manzo,182.9,185.0,188.0,Orthodox,1989-12-12,http://ufcstats.com/fighter-details/77d7295d1b22c694
Micol Di Segni,Micol,Di Segni,,160.0,115.0,152.4,Orthodox,1987-12-29,http://ufcstats.com/fighter-details/8126e4dff0cdf69e
Cyrille Diabate,Cyrille,Diabate,The Snake,198.1,205.0,205.7,Southpaw,1973-10-06,http://ufcstats.com/fighter-details/43563a32c3f10e95
Thomas Diagne,Thomas,Diagne,,185.4,154.0,,,1983-09-03,http://ufcstats.com/fighter-details/8567466ae167216b
Marc Diakiese,Marc,Diakiese,Bonecrusher,177.8,155.0,185.4,Orthodox,1993-03-16,http://ufcstats.com/fighter-details/32c355b04fc57f3a
Tyler Diamond,Tyler,Diamond,,170.2,145.0,175.3,Orthodox,1991-03-18,http://ufcstats.com/fighter-details/f5f6419c5f00abad
Blood Diamond,Blood,Diamond,,180.3,170.0,193.0,Switch,1988-07-10,http://ufcstats.com/fighter-details/9edf2c9082cc2cd8
Eldo Xavier Dias,Eldo Xavier,Dias,,180.3,180.0,,,1964-07-16,http://ufcstats.com/fighter-details/ee5df903f80c6816
Rafael Dias,Rafael,Dias,,175.3,145.0,,Orthodox,1979-10-20,http://ufcstats.com/fighter-details/b5abaa65f87938eb
Hacran Dias,Hacran,Dias,Barnabe,172.7,155.0,175.3,Orthodox,1984-06-16,http://ufcstats.com/fighter-details/ed209f6618c82e41
Victor Dias,Victor,Dias,Crazy Horse,167.6,125.0,175.3,Orthodox,1990-12-26,http://ufcstats.com/fighter-details/f7202b3130421d27
Luis Felipe Dias,Luis Felipe,Dias,,,185.0,,,1995-01-17,http://ufcstats.com/fighter-details/33a86e839ad202d8
Magno Dias,Magno,Dias,The Violence,165.1,135.0,170.2,,1995-11-30,http://ufcstats.com/fighter-details/270e84d8174721d2
Nick Diaz,Nick,Diaz,,185.4,170.0,193.0,Southpaw,1983-08-02,http://ufcstats.com/fighter-details/f57a8a52ca401ed9
Nate Diaz,Nate,Diaz,,182.9,170.0,193.0,Southpaw,1985-04-16,http://ufcstats.com/fighter-details/8355922d564b152c
Michael Diaz,Michael,Diaz,,,260.0,,,,http://ufcstats.com/fighter-details/5e7a48e469770615
Ryan Diaz,Ryan,Diaz,,,145.0,,,,http://ufcstats.com/fighter-details/ceee5dd37253199a
Adrian Diaz,Adrian,Diaz,,177.8,145.0,,Southpaw,1988-04-26,http://ufcstats.com/fighter-details/bfa8f263815cfa2e
Ozzy Diaz,Ozzy,Diaz,,193.0,185.0,200.7,Orthodox,1990-11-22,http://ufcstats.com/fighter-details/6967153c7edb4d87
Juan Diaz,Juan,Diaz,Pegajoso,,135.0,,,1998-06-03,http://ufcstats.com/fighter-details/74939a16c7b56f33
Mark Dickman,Mark,Dickman,Tricky,175.3,145.0,,,1984-07-19,http://ufcstats.com/fighter-details/2482ef3331a82e75
Josh Diekmann,Josh,Diekmann,The Freight Train,162.6,246.0,,,1976-10-09,http://ufcstats.com/fighter-details/414bddf0c80c41e1
Kyle Dietz,Kyle,Dietz,,172.7,135.0,,Orthodox,1986-04-29,http://ufcstats.com/fighter-details/31da66df48c0c1a0
Seth Dikun,Seth,Dikun,,177.8,135.0,175.3,Orthodox,1980-08-05,http://ufcstats.com/fighter-details/eb42d4febfafefd1
TJ Dillashaw,TJ,Dillashaw,,167.6,135.0,170.2,Orthodox,1986-02-07,http://ufcstats.com/fighter-details/c849740a3ff51931
Ralph Dillon,Ralph,Dillon,Rage,188.0,205.0,,Orthodox,,http://ufcstats.com/fighter-details/b4f7a2d8ecc5e0c3
Drew Dimanlig,Drew,Dimanlig,,,185.0,,,,http://ufcstats.com/fighter-details/cc2ad11b1f9d818b
Ding Meng,Ding,Meng,,188.0,170.0,185.4,Orthodox,1994-09-27,http://ufcstats.com/fighter-details/e0664abaa023fd6f
Rodolfo Marques Diniz,Rodolfo Marques,Diniz,,167.6,135.0,,,1984-01-23,http://ufcstats.com/fighter-details/2d2239d0f6fa83dd
Jhonata Diniz,Jhonata,Diniz,,193.0,254.0,200.7,Orthodox,1991-06-23,http://ufcstats.com/fighter-details/25f9a5f3e8a52618
Adama Diop,Adama,Diop,Blinde,,,,,,http://ufcstats.com/fighter-details/8730ab4b1057f925
Helio Dipp,Helio,Dipp,,195.6,185.0,,Orthodox,,http://ufcstats.com/fighter-details/73eb2a552c92a821
Rico DiSciullo,Rico,DiSciullo,,172.7,135.0,,Orthodox,1986-10-12,http://ufcstats.com/fighter-details/ec7f7263bf36579b
Matt Dixon,Matt,Dixon,Magic,177.8,170.0,190.5,Switch,1995-10-09,http://ufcstats.com/fighter-details/1db445a4468447d0
John Dixson,John,Dixson,Big John,182.9,275.0,,Orthodox,,http://ufcstats.com/fighter-details/ad4e9055bf8cd04d
Anthony Do,Anthony,Do,,162.6,125.0,,,,http://ufcstats.com/fighter-details/7c9aeba0c4d4bd78
Russell Doane,Russell,Doane,,170.2,135.0,177.8,Orthodox,1986-08-13,http://ufcstats.com/fighter-details/f50d95223751e6ca
Drew Dober,Drew,Dober,,172.7,155.0,177.8,Southpaw,1988-10-19,http://ufcstats.com/fighter-details/519e4fe37ce9ff75
Shana Dobson,Shana,Dobson,Danger,167.6,125.0,175.3,Orthodox,1989-03-30,http://ufcstats.com/fighter-details/122ac9b816d8b71c
AJ Dobson,AJ,Dobson,,185.4,185.0,193.0,Orthodox,1992-01-18,http://ufcstats.com/fighter-details/009c4420727149ea
David Dodd,David,Dodd,,188.0,200.0,,Orthodox,1973-09-22,http://ufcstats.com/fighter-details/c2a7623f398d9bd7
John Dodson,John,Dodson,The Magician,160.0,135.0,167.6,Orthodox,1984-09-26,http://ufcstats.com/fighter-details/99506df1af6c8b3b
Joe Doerksen,Joe,Doerksen,El Dirte,182.9,185.0,190.5,Orthodox,1977-10-09,http://ufcstats.com/fighter-details/dbaaf42313af90fa
Mike Dolce,Mike,Dolce,Skull Cracker,180.3,185.0,,,1976-04-15,http://ufcstats.com/fighter-details/29b5791e51e7e832
Roman Dolidze,Roman,Dolidze,,188.0,185.0,193.0,Orthodox,1988-07-15,http://ufcstats.com/fighter-details/327d5f279895110d
Cameron Dollar,Cameron,Dollar,,180.3,155.0,,Orthodox,1987-05-12,http://ufcstats.com/fighter-details/3bbcd63a016d9715
CB Dollaway,CB,Dollaway,The Doberman,188.0,185.0,193.0,Orthodox,1983-08-10,http://ufcstats.com/fighter-details/5d7bdab5e03e3216
Dennis Dombrow,Dennis,Dombrow,,,145.0,,,1986-03-17,http://ufcstats.com/fighter-details/4145caa2c999fbac
OJ Dominguez,OJ,Dominguez,,,,,,,http://ufcstats.com/fighter-details/1a50e734bb54861a
John Donaldson,John,Donaldson,J.T.,172.7,145.0,,,1992-07-09,http://ufcstats.com/fighter-details/1c610f900f9884ab
Daniil Donchenko,Daniil,Donchenko,,180.3,170.0,180.3,Orthodox,2001-08-04,http://ufcstats.com/fighter-details/70dd69b6a703257e
Dong Huaxiang,Dong,Huaxiang,,160.0,115.0,154.9,Switch,1998-08-21,http://ufcstats.com/fighter-details/bad82b681819b272
Cody Donovan,Cody,Donovan,Donnybrook,190.5,205.0,188.0,Orthodox,1981-02-20,http://ufcstats.com/fighter-details/7bc96507e4b38d3b
Houston Dorr,Houston,Dorr,,185.4,210.0,,Orthodox,,http://ufcstats.com/fighter-details/312f47c3d2f83ffa
Rafael Dos Anjos,Rafael,Dos Anjos,,172.7,170.0,177.8,Southpaw,1984-10-26,http://ufcstats.com/fighter-details/6a2f7c151031653d
Junior Dos Santos,Junior,Dos Santos,Cigano,193.0,238.0,195.6,Orthodox,1984-01-30,http://ufcstats.com/fighter-details/63def5a5662a6917
Geronimo dos Santos,Geronimo,dos Santos,Mondragon,190.5,264.0,,Orthodox,1980-08-17,http://ufcstats.com/fighter-details/b51f6791c794e289
Antonio Dos Santos,Antonio,Dos Santos,Junior Alpha,177.8,185.0,,Orthodox,1988-07-21,http://ufcstats.com/fighter-details/81b8b3fb019dc69d
Anderson Dos Santos,Anderson,Dos Santos,Berinja,165.1,135.0,177.8,Orthodox,1985-07-24,http://ufcstats.com/fighter-details/bbc9ab95fa766493
Acacio Dos Santos,Acacio,Dos Santos,Pequeno,193.0,205.0,200.7,Orthodox,1991-09-29,http://ufcstats.com/fighter-details/957562fdf68a725a
Rayanne dos Santos,Rayanne,dos Santos,,157.5,115.0,157.5,Orthodox,1995-06-08,http://ufcstats.com/fighter-details/02bb48869eb7ac8f
Felipe dos Santos,Felipe,dos Santos,Lipe Detona,170.2,125.0,177.8,Orthodox,2000-09-11,http://ufcstats.com/fighter-details/5cdf5339728f580d
Tiago dos Santos e Silva,Tiago,dos Santos e Silva,Trator,175.3,145.0,177.8,Orthodox,1987-04-12,http://ufcstats.com/fighter-details/8ce87f7e3a9baed2
Oleksandr Doskalchuk,Oleksandr,Doskalchuk,,167.6,125.0,,Southpaw,1990-03-13,http://ufcstats.com/fighter-details/86cb6f5b1ca98dc0
David Douglas,David,Douglas,Tarzan,180.3,155.0,,,1981-08-16,http://ufcstats.com/fighter-details/7cf0944b88966118
Damion Douglas,Damion,Douglas,,,170.0,,,,http://ufcstats.com/fighter-details/ce3b669e39418414
Lerryan Douglas,Lerryan,Douglas,Gunslinger,175.3,145.0,182.9,Orthodox,1995-04-27,http://ufcstats.com/fighter-details/640a0f838f057a81
Cedric Doumbe,Cedric,Doumbe,,177.8,170.0,,,1992-08-13,http://ufcstats.com/fighter-details/5159e6ee100c717e
John Dowdy,John,Dowdy,,,,,,,http://ufcstats.com/fighter-details/e780ccc79a209985
Jordan Dowdy,Jordan,Dowdy,,,170.0,,,,http://ufcstats.com/fighter-details/0d9312337fdce39a
Danny Downes,Danny,Downes,,182.9,155.0,182.9,Orthodox,1986-04-08,http://ufcstats.com/fighter-details/a66395395b5f1394
Derek Downey,Derek,Downey,,185.4,185.0,,Orthodox,1980-04-27,http://ufcstats.com/fighter-details/b05086131c6f5dc5
John Doyle,John,Doyle,The Iron Bull,180.3,205.0,,Orthodox,1976-11-21,http://ufcstats.com/fighter-details/0509b954421bb327
Edson Drago,Edson,Drago,,193.0,220.0,,Orthodox,1977-08-29,http://ufcstats.com/fighter-details/f9c7fe2682af3802
Jimmy Drago,Jimmy,Drago,,177.8,170.0,180.3,Orthodox,1995-02-18,http://ufcstats.com/fighter-details/cb4bf812d9cb78b4
Anthony Drilich,Anthony,Drilich,,165.1,125.0,165.1,Southpaw,1994-03-17,http://ufcstats.com/fighter-details/c2c4052f58f54988
Kyle Driscoll,Kyle,Driscoll,KD,180.3,145.0,188.0,Orthodox,1994-09-23,http://ufcstats.com/fighter-details/e5e148d4363deff8
Chris Drumm,Chris,Drumm,,172.7,145.0,,,,http://ufcstats.com/fighter-details/5fd834edd92c9e50
Tomasz Drwal,Tomasz,Drwal,Gorilla,185.4,205.0,193.0,Orthodox,1982-01-22,http://ufcstats.com/fighter-details/679a9054e2815943
Robert Drysdale,Robert,Drysdale,,190.5,205.0,,Orthodox,1981-10-05,http://ufcstats.com/fighter-details/d2a9be6bf2de624c
Dricus Du Plessis,Dricus,Du Plessis,Stillknocks,185.4,185.0,193.0,Switch,1994-01-14,http://ufcstats.com/fighter-details/0d7b51c9d2649a6e
Hugo Duarte,Hugo,Duarte,,182.9,240.0,,Orthodox,1968-08-09,http://ufcstats.com/fighter-details/706404da0775dcbc
Antonio Duarte,Antonio,Duarte,Tigre,170.2,135.0,,,,http://ufcstats.com/fighter-details/29b5d32584e02d8d
Joe Duarte,Joe,Duarte,,,155.0,,,1977-01-25,http://ufcstats.com/fighter-details/454c3e9d4cd4a1b3
Yuneisy Duben,Yuneisy,Duben,,162.6,125.0,165.1,Orthodox,1996-07-08,http://ufcstats.com/fighter-details/c3d2b9bcb4cead6b
Matthieu Duclos,Matthieu,Duclos,,190.5,185.0,195.6,Orthodox,1995-04-04,http://ufcstats.com/fighter-details/ec322adbabbfa6e7
Emily Ducote,Emily,Ducote,Gordinha,157.5,115.0,160.0,Orthodox,1994-01-01,http://ufcstats.com/fighter-details/02f8fedc18cbd26c
Viktoriia Dudakova,Viktoriia,Dudakova,,165.1,115.0,170.2,Orthodox,1999-01-26,http://ufcstats.com/fighter-details/6c9b66b43663f2f7
Milana Dudieva,Milana,Dudieva,,160.0,135.0,,Orthodox,1989-08-04,http://ufcstats.com/fighter-details/072a10e85f7d4bff
Adin Duenas,Adin,Duenas,,167.6,145.0,,,1988-07-02,http://ufcstats.com/fighter-details/cb6c45b26b0a877a
Todd Duffee,Todd,Duffee,,190.5,260.0,198.1,Orthodox,1985-12-06,http://ufcstats.com/fighter-details/bda04c573563cc2e
Joe Duffy,Joe,Duffy,Irish,177.8,155.0,185.4,Orthodox,1988-02-18,http://ufcstats.com/fighter-details/654ae722109a0d31
Jack Duffy,Jack,Duffy,The Fury,170.2,125.0,175.3,Switch,1995-10-02,http://ufcstats.com/fighter-details/cea51876d8a514a0
Alexis Dufresne,Alexis,Dufresne,Sneaky Zebra,175.3,135.0,,Orthodox,1990-08-31,http://ufcstats.com/fighter-details/4ae4049426e0161d
Jessamyn Duke,Jessamyn,Duke,The Gun,180.3,135.0,185.4,Orthodox,1986-06-24,http://ufcstats.com/fighter-details/a7ddae0be8b78147
Islam Dulatov,Islam,Dulatov,The Ripper,190.5,170.0,190.5,Orthodox,1998-08-02,http://ufcstats.com/fighter-details/e803242fb2e41112
Isaac Dulgarian,Isaac,Dulgarian,The Midwest Choppa,170.2,145.0,180.3,Orthodox,1996-07-04,http://ufcstats.com/fighter-details/a57cb948c4c70a47
Kelly Dullanty,Kelly,Dullanty,Psycho,172.7,155.0,,Orthodox,1977-11-04,http://ufcstats.com/fighter-details/1a225f04aa6e0739
Sedriques Dumas,Sedriques,Dumas,The Reaper,188.0,185.0,200.7,Orthodox,1995-08-06,http://ufcstats.com/fighter-details/4e6738062d469256
Norma Dumont,Norma,Dumont,The Immortal,170.2,135.0,170.2,Orthodox,1990-10-01,http://ufcstats.com/fighter-details/d3f5d33d61cd00c9
Chris Duncan,Chris,Duncan,The Problem,177.8,155.0,180.3,Orthodox,1993-05-10,http://ufcstats.com/fighter-details/fd406a32a6fb3a29
Christian Leroy Duncan,Christian Leroy,Duncan,CLD,188.0,185.0,200.7,Switch,1995-07-24,http://ufcstats.com/fighter-details/a93f94c923c3a9cb
Evan Dunham,Evan,Dunham,,177.8,155.0,177.8,Southpaw,1981-12-18,http://ufcstats.com/fighter-details/e5c9de15bb58b1c6
Alex Dunworth,Alex,Dunworth,,172.7,155.0,,,,http://ufcstats.com/fighter-details/31732a614e7a3d1d
Tom Duquesnoy,Tom,Duquesnoy,Fire Kid,170.2,135.0,172.7,Orthodox,1993-06-21,http://ufcstats.com/fighter-details/e979c76341f19b22
Albert Duraev,Albert,Duraev,,180.3,185.0,190.5,Orthodox,1989-01-05,http://ufcstats.com/fighter-details/6b7c7460855dbbb9
Reuben Duran,Reuben,Duran,,170.2,135.0,180.3,Orthodox,1983-07-02,http://ufcstats.com/fighter-details/4417980b3e798abf
Cody Durden,Cody,Durden,Custom Made,170.2,125.0,170.2,Southpaw,1991-03-29,http://ufcstats.com/fighter-details/7f6ed67d3ed3c036
Luiz Dutra,Luiz,Dutra,Besouro,180.3,170.0,,Orthodox,1982-05-06,http://ufcstats.com/fighter-details/2153a7f8396a46cc
Rilley Dutro,Rilley,Dutro,,172.7,125.0,,Orthodox,1987-09-03,http://ufcstats.com/fighter-details/43db649da89fac4b
Bill Duvall,Bill,Duvall,,188.0,185.0,,Southpaw,,http://ufcstats.com/fighter-details/7df4d3c38792b083
Merab Dvalishvili,Merab,Dvalishvili,The Machine,167.6,135.0,172.7,Orthodox,1991-01-10,http://ufcstats.com/fighter-details/c03520b5c88ed6b4
David Dvorak,David,Dvorak,Undertaker,165.1,125.0,172.7,Orthodox,1992-06-05,http://ufcstats.com/fighter-details/9ada30894bf04e19
Matt Dwyer,Matt,Dwyer,,193.0,170.0,193.0,Orthodox,1989-12-17,http://ufcstats.com/fighter-details/8f0d576beba1cfcd
Rolando Dy,Rolando,Dy,Dy Incredible,172.7,145.0,175.3,Orthodox,1990-08-11,http://ufcstats.com/fighter-details/55ed59d541f8b90c
Shanelle Dyer,Shanelle,Dyer,The Nightmare,167.6,115.0,165.1,Orthodox,2001-04-23,http://ufcstats.com/fighter-details/cfbb3edab781dfd2
Ben Earwood,Ben,Earwood,,172.7,170.0,,Orthodox,,http://ufcstats.com/fighter-details/ee457ef1e1c326c1
Cody East,Cody,East,The Freight Train,190.5,245.0,,Orthodox,1988-06-29,http://ufcstats.com/fighter-details/5713c1d2fac539ac
Marvin Eastman,Marvin,Eastman,The Beastman,175.3,185.0,185.4,Orthodox,1971-06-08,http://ufcstats.com/fighter-details/05866d8c3a321856
Mike Easton,Mike,Easton,The Hulk,167.6,135.0,177.8,Southpaw,1984-01-25,http://ufcstats.com/fighter-details/bc7230f231701d66
Maurice Eazel,Maurice,Eazel,,170.2,135.0,,,,http://ufcstats.com/fighter-details/4acb99524a9a81ab
Vincent Eazelle,Vincent,Eazelle,The Real Deal,180.3,155.0,,,1980-12-07,http://ufcstats.com/fighter-details/ec421d5de0aea624
Ross Ebanez,Ross,Ebanez,The Boss,175.3,154.0,,Southpaw,1975-05-18,http://ufcstats.com/fighter-details/a5b0bd216d8ba84e
Brian Ebersole,Brian,Ebersole,Bad Boy,182.9,170.0,185.4,Southpaw,1980-11-27,http://ufcstats.com/fighter-details/32ba186f4b0e3267
Roybert Echeverria,Roybert,Echeverria,The Unbroken,165.1,125.0,170.2,Switch,1995-08-21,http://ufcstats.com/fighter-details/20b13e96668caaa4
Mark Eddiva,Mark,Eddiva,,172.7,145.0,172.7,Orthodox,1986-02-16,http://ufcstats.com/fighter-details/40ff198adda94b9f
Frankie Edgar,Frankie,Edgar,The Answer,167.6,135.0,172.7,Orthodox,1981-10-16,http://ufcstats.com/fighter-details/f2688492b9a525a3
Abdul-Kerim Edilov,Abdul-Kerim,Edilov,,188.0,205.0,,Orthodox,1991-11-25,http://ufcstats.com/fighter-details/37e03538c960bac6
Johnny Eduardo,Johnny,Eduardo,,170.2,135.0,180.3,Orthodox,1978-08-03,http://ufcstats.com/fighter-details/528c24b99fbaab79
Yves Edwards,Yves,Edwards,,175.3,155.0,185.4,Southpaw,1976-09-30,http://ufcstats.com/fighter-details/5f04e3d58d9ce982
Justin Edwards,Justin,Edwards,Fast Eddy,177.8,155.0,177.8,Orthodox,1983-01-26,http://ufcstats.com/fighter-details/e56daf7725a0b5ab
Leon Edwards,Leon,Edwards,Rocky,188.0,170.0,188.0,Southpaw,1991-08-25,http://ufcstats.com/fighter-details/f1fac969a1d70b08
Te Edwards,Te,Edwards,,172.7,155.0,182.9,Orthodox,1990-09-11,http://ufcstats.com/fighter-details/ef44e4ea9050f2ea
Adli Edwards,Adli,Edwards,,,145.0,,,1989-08-28,http://ufcstats.com/fighter-details/e6904a03a66e711d
Joselyne Edwards,Joselyne,Edwards,La Pantera,172.7,135.0,177.8,Orthodox,1995-09-29,http://ufcstats.com/fighter-details/f9ab66e67240db7b
Christian Edwards,Christian,Edwards,Pain,,205.0,,,1998-11-05,http://ufcstats.com/fighter-details/f5d82eccdea4e2dd
Tom Egan,Tom,Egan,,180.3,170.0,,Orthodox,,http://ufcstats.com/fighter-details/eae4aec1a5a8ff01
Stephanie Egger,Stephanie,Egger,,167.6,135.0,172.7,Orthodox,1988-08-12,http://ufcstats.com/fighter-details/5e6294b37bbef029
Justin Eilers,Justin,Eilers,The Hammer,185.4,235.0,,Orthodox,1978-06-28,http://ufcstats.com/fighter-details/27fc9218a3653e3c
Jon Olav Einemo,Jon Olav,Einemo,The Viking,198.1,253.0,,Orthodox,1975-12-10,http://ufcstats.com/fighter-details/0577808d22dfe79c
Per Eklund,Per,Eklund,,177.8,155.0,182.9,Orthodox,,http://ufcstats.com/fighter-details/58bc81376286b3d3
John Elam,John,Elam,,,,,,,http://ufcstats.com/fighter-details/22d80fb67e50ab0b
Evan Elder,Evan,Elder,The Phenom,177.8,155.0,182.9,Switch,1997-04-11,http://ufcstats.com/fighter-details/d9a56ecb6e94f02e
Billy Elekana,Billy,Elekana,Son of Susie,190.5,205.0,195.6,Southpaw,1995-05-28,http://ufcstats.com/fighter-details/07a74004d964c7f4
John Paul Elias,John Paul,Elias,,193.0,205.0,,,,http://ufcstats.com/fighter-details/e873203fd50542f6
Joao Elias,Joao,Elias,Alicate,160.0,125.0,162.6,Southpaw,1995-01-08,http://ufcstats.com/fighter-details/1a064688481f66e1
Saul Elizondo,Saul,Elizondo,,170.2,135.0,,,1985-07-17,http://ufcstats.com/fighter-details/e295b96f135d758a
Darren Elkins,Darren,Elkins,The Damage,177.8,145.0,180.3,Orthodox,1984-05-16,http://ufcstats.com/fighter-details/92a9aa9c93192871
Jake Ellenberger,Jake,Ellenberger,The Juggernaut,175.3,170.0,180.3,Orthodox,1985-03-28,http://ufcstats.com/fighter-details/d81ac739417d7f53
Joe Ellenberger,Joe,Ellenberger,Excalibur,175.3,155.0,182.9,Orthodox,1985-03-28,http://ufcstats.com/fighter-details/8e8e4487c621aa1c
Tim Elliott,Tim,Elliott,,170.2,125.0,167.6,Southpaw,1986-12-24,http://ufcstats.com/fighter-details/c96d9178c9ed9e62
Oban Elliott,Oban,Elliott,The Welsh Gangster,182.9,170.0,182.9,Orthodox,1997-12-19,http://ufcstats.com/fighter-details/6b56e94a59b7b134
Ezra Elliott,Ezra,Elliott,,,145.0,,Orthodox,2000-05-18,http://ufcstats.com/fighter-details/b852ad2b35354fcb
Eddy Ellis,Eddy,Ellis,Fast,175.3,170.0,,Orthodox,,http://ufcstats.com/fighter-details/e60d773a0a42048a
Lisa Ellis,Lisa,Ellis,,162.6,115.0,,,1982-11-15,http://ufcstats.com/fighter-details/77350fd0e6d1dba8
Elisha Ellison,Elisha,Ellison,The Snack Panther,182.9,238.0,198.1,Orthodox,1997-03-05,http://ufcstats.com/fighter-details/87e4a3a5080ee7ce
Anna Elmose,Anna,Elmose,Panda,160.0,115.0,,Orthodox,1984-10-06,http://ufcstats.com/fighter-details/1536a25e16fc299b
Cameron Else,Cameron,Else,Camchida,175.3,135.0,180.3,Switch,1987-04-27,http://ufcstats.com/fighter-details/5f3da9a9610d8969
Aaron Ely,Aaron,Ely,The Cyborg,172.7,135.0,,,1989-03-18,http://ufcstats.com/fighter-details/1741343f0ca34dd5
Sovannahry Em,Sovannahry,Em,The Sweet Savage,162.6,135.0,,,1992-06-26,http://ufcstats.com/fighter-details/45c8fed13a62fe92
Ramazan Emeev,Ramazan,Emeev,Gorets,177.8,170.0,193.0,Southpaw,1987-05-23,http://ufcstats.com/fighter-details/abd5fb12437eda21
Aleksander Emelianenko,Aleksander,Emelianenko,,198.1,255.0,,Orthodox,1981-08-02,http://ufcstats.com/fighter-details/f54200f1dfb9b5d4
Fedor Emelianenko,Fedor,Emelianenko,The Last Emperor,182.9,230.0,188.0,Orthodox,1976-09-28,http://ufcstats.com/fighter-details/b8da6f5c80ae2d15
Rob Emerson,Rob,Emerson,The Saint,175.3,155.0,177.8,Orthodox,1981-07-30,http://ufcstats.com/fighter-details/dc0f07928009a127
Jamall Emmers,Jamall,Emmers,Pretty Boy,177.8,145.0,188.0,Orthodox,1989-07-24,http://ufcstats.com/fighter-details/e00a3dee329a51f7
Josh Emmett,Josh,Emmett,,167.6,145.0,177.8,Orthodox,1985-03-04,http://ufcstats.com/fighter-details/fba03cd6cc28dc41
Marius Enache,Marius,Enache,,180.3,155.0,,,1975-10-16,http://ufcstats.com/fighter-details/e3f443e4cbc3da8f
Kevin Engel,Kevin,Engel,The Hitman,188.0,170.0,,,,http://ufcstats.com/fighter-details/d2f310b5b072e986
Kolton Englund,Kolton,Englund,White Assassin,177.8,155.0,175.3,Orthodox,1993-07-09,http://ufcstats.com/fighter-details/4122da4f791b2f4f
Oliver Enkamp,Oliver,Enkamp,,182.9,170.0,195.6,Switch,1991-08-10,http://ufcstats.com/fighter-details/330bafba312face4
Alex Enlund,Alex,Enlund,,177.8,145.0,,Orthodox,1987-05-27,http://ufcstats.com/fighter-details/d238217e0f8ea8e1
Kenny Ento,Kenny,Ento,Tha' Dragon,188.0,192.0,,,,http://ufcstats.com/fighter-details/daf9be103c1edbbd
Ian Entwistle,Ian,Entwistle,Enty,165.1,135.0,,Orthodox,1986-11-19,http://ufcstats.com/fighter-details/d7adfcfdf7c6c1f8
Andy Enz,Andy,Enz,Tank Mode,190.5,185.0,198.1,Orthodox,1991-08-15,http://ufcstats.com/fighter-details/993d385f5a475375
Won Jin Eoh,Won Jin,Eoh,,170.2,160.0,,Orthodox,,http://ufcstats.com/fighter-details/bc7cf284c1c2f16e
Yuji Ephoevi-Ga,Yuji,Ephoevi-Ga,The Chef,182.9,155.0,190.5,Switch,1999-10-19,http://ufcstats.com/fighter-details/919fc4bc3edf4de7
Josh Epps,Josh,Epps,,,130.0,,,1986-08-23,http://ufcstats.com/fighter-details/984b0c4c6e773a1c
Abdellah Er-Ramy,Abdellah,Er-Ramy,The Golden Boy,182.9,185.0,188.0,Orthodox,1996-09-19,http://ufcstats.com/fighter-details/b593cd58b0afffb0
Steve Erceg,Steve,Erceg,Astroboy,172.7,125.0,172.7,Orthodox,1995-07-27,http://ufcstats.com/fighter-details/32ab52e5de93092d
Tom Erikson,Tom,Erikson,The Big Cat,190.5,280.0,,Orthodox,,http://ufcstats.com/fighter-details/7b9a85e5ff31ef47
Konstantin Erokhin,Konstantin,Erokhin,,180.3,230.0,,Orthodox,1983-01-31,http://ufcstats.com/fighter-details/22061ff217907c78
Julian Erosa,Julian,Erosa,Juicy J,185.4,145.0,188.0,Southpaw,1989-07-31,http://ufcstats.com/fighter-details/902ec2cc48c8ae8a
Jarno Errens,Jarno,Errens,,180.3,145.0,185.4,Orthodox,1994-11-17,http://ufcstats.com/fighter-details/082eba4cd80f736f
Ivan Erslan,Ivan,Erslan,,188.0,205.0,182.9,Orthodox,1991-11-15,http://ufcstats.com/fighter-details/64ad3e3b0efa30bb
Nick Ertl,Nick,Ertl,,175.3,155.0,,,,http://ufcstats.com/fighter-details/74061adb224be3cc
Chel Erwin-Davis,Chel,Erwin-Davis,The First Sun,182.9,170.0,,,,http://ufcstats.com/fighter-details/c26ea30823f37316
Bobby Escalante,Bobby,Escalante,,,130.0,,,,http://ufcstats.com/fighter-details/f7ede18b4ec4ec1f
Fabrizio Escarrega,Fabrizio,Escarrega,,,155.0,,,1998-02-18,http://ufcstats.com/fighter-details/9ebd666f99ba686b
Eric Esch,Eric,Esch,Butterbean,180.3,350.0,,Orthodox,1968-08-03,http://ufcstats.com/fighter-details/0e4daed84a8f39a6
Pro Escobedo,Pro,Escobedo,,,205.0,,,,http://ufcstats.com/fighter-details/b36874652ed7715d
Cole Escovedo,Cole,Escovedo,Apache Kid,170.2,135.0,182.9,Orthodox,1981-08-30,http://ufcstats.com/fighter-details/5df17b3620145578
Efrain Escudero,Efrain,Escudero,Hecho En Mexico,175.3,155.0,180.3,Orthodox,1986-01-15,http://ufcstats.com/fighter-details/83fd97284f4bb4a4
Evan Esguerra,Evan,Esguerra,,,145.0,,,,http://ufcstats.com/fighter-details/ed220e87bef0cc64
Carla Esparza,Carla,Esparza,Cookie Monster,154.9,115.0,160.0,Orthodox,1987-10-10,http://ufcstats.com/fighter-details/d910665038efc639
Juan Espino,Juan,Espino,El Guapo,190.5,255.0,203.2,Orthodox,1980-10-09,http://ufcstats.com/fighter-details/ccf5dc41417e9daf
Jordan Espinosa,Jordan,Espinosa,The Gamer,167.6,125.0,175.3,Orthodox,1989-11-08,http://ufcstats.com/fighter-details/215a70f073a7b726
Jodie Esquibel,Jodie,Esquibel,,154.9,115.0,162.6,Orthodox,1986-05-07,http://ufcstats.com/fighter-details/411539901068522f
Rafael Estevam,Rafael,Estevam,Macapa,172.7,125.0,175.3,Orthodox,1996-08-10,http://ufcstats.com/fighter-details/83455a9d17f57dae
Achilles Estremadura,Achilles,Estremadura,,177.8,155.0,172.7,Orthodox,1992-03-11,http://ufcstats.com/fighter-details/41f3cfdab0b22236
Shaun Etchell,Shaun,Etchell,The Buzzsaw,170.2,125.0,172.7,Switch,1993-08-05,http://ufcstats.com/fighter-details/ea9bfe9c25037bba
Terry Etim,Terry,Etim,,185.4,155.0,185.4,Orthodox,1986-01-11,http://ufcstats.com/fighter-details/33011768c3c4dc9a
Fred Ettish,Fred,Ettish,,182.9,180.0,,Southpaw,,http://ufcstats.com/fighter-details/8d5daf67983b65ba
Scott Ettling,Scott,Ettling,,,135.0,,,,http://ufcstats.com/fighter-details/74b5736f1df40be3
Sijara Eubanks,Sijara,Eubanks,SarJ,162.6,125.0,170.2,Orthodox,1985-04-27,http://ufcstats.com/fighter-details/4234f0097c83fa62
Billy Evangelista,Billy,Evangelista,,172.7,155.0,172.7,Orthodox,1980-10-07,http://ufcstats.com/fighter-details/9766ed20b68c7c33
Rashad Evans,Rashad,Evans,Suga,182.9,205.0,190.5,Orthodox,1979-09-25,http://ufcstats.com/fighter-details/ee779c43a8926d52
Doug Evans,Doug,Evans,,175.3,155.0,,Orthodox,1980-10-10,http://ufcstats.com/fighter-details/d3de4a24f7eefac8
Ashlee Evans-Smith,Ashlee,Evans-Smith,Rebel Girl,172.7,135.0,170.2,Orthodox,1987-07-09,http://ufcstats.com/fighter-details/fc6e681bf6658faf
Dan Evensen,Dan,Evensen,The Viking,190.5,250.0,,Orthodox,1974-06-01,http://ufcstats.com/fighter-details/dd8aec6de7035943
Tonya Evinger,Tonya,Evinger,Triple Threat,170.2,135.0,177.8,Orthodox,1981-06-04,http://ufcstats.com/fighter-details/b12a1d19ee383b7c
Movsar Evloev,Movsar,Evloev,,170.2,145.0,182.9,Orthodox,1994-02-11,http://ufcstats.com/fighter-details/76e2870ffafbe38f
Andre Ewell,Andre,Ewell,Mr. Highlight,172.7,145.0,190.5,Southpaw,1988-01-21,http://ufcstats.com/fighter-details/5f6f049d54728e88
Chris Ewert,Chris,Ewert,El Tanke,182.9,185.0,190.5,Orthodox,1993-09-06,http://ufcstats.com/fighter-details/54c2576b7f2f1f57
Neal Ewing,Neal,Ewing,,,185.0,,,1985-09-30,http://ufcstats.com/fighter-details/0798f558681d0eb5
Ethyn Ewing,Ethyn,Ewing,The Professor Finesser,,145.0,,,1998-02-16,http://ufcstats.com/fighter-details/d776b5814f2400b4
Manuel Exposito,Manuel,Exposito,,170.2,145.0,172.7,Orthodox,2000-05-09,http://ufcstats.com/fighter-details/a1cb266d7f44f35f
Jessica Eye,Jessica,Eye,Evil,167.6,125.0,167.6,Orthodox,1986-07-27,http://ufcstats.com/fighter-details/f72465a784c1b084
Edward Faaloloto,Edward,Faaloloto,,,155.0,177.8,Orthodox,1984-07-15,http://ufcstats.com/fighter-details/6224e8d0a34264eb
Urijah Faber,Urijah,Faber,The California Kid,167.6,135.0,170.2,Orthodox,1979-05-14,http://ufcstats.com/fighter-details/78114b7199cef90c
Melinda Fabian,Melinda,Fabian,,167.6,125.0,167.6,Orthodox,1987-06-25,http://ufcstats.com/fighter-details/8c020156779f7888
Wagnney Fabiano,Wagnney,Fabiano,The Silencer,167.6,145.0,175.3,Southpaw,1975-07-14,http://ufcstats.com/fighter-details/40389d39a92f5bfa
Bartosz Fabinski,Bartosz,Fabinski,The Butcher,182.9,170.0,190.5,Orthodox,1986-04-26,http://ufcstats.com/fighter-details/e17ac6410c8377f4
Ron Faircloth,Ron,Faircloth,,175.3,205.0,,Orthodox,1979-08-16,http://ufcstats.com/fighter-details/453ee00c3e1ae9dd
Jason Fairn,Jason,Fairn,,185.4,230.0,,,,http://ufcstats.com/fighter-details/adea9f0090aa8e14
Zarah Fairn,Zarah,Fairn,Infinite,172.7,135.0,182.9,Orthodox,1983-12-10,http://ufcstats.com/fighter-details/862b0b3375aa4b6e
Rinat Fakhretdinov,Rinat,Fakhretdinov,Gladiator,182.9,170.0,188.0,Orthodox,1991-09-28,http://ufcstats.com/fighter-details/8f765fd5775a8873
Maiquel Falcao,Maiquel,Falcao,Big Rig,180.3,185.0,,Orthodox,1981-03-08,http://ufcstats.com/fighter-details/d58478ded5534695
Pedro Falcao,Pedro,Falcao,Pedrinho,167.6,135.0,167.6,Orthodox,1992-07-30,http://ufcstats.com/fighter-details/f7be1db194e03d7e
Brodie Farber,Brodie,Farber,,185.4,170.0,,Orthodox,1980-07-05,http://ufcstats.com/fighter-details/91d73ee59347ac16
Joao Paulo Faria,Joao Paulo,Faria,,175.3,155.0,,,,http://ufcstats.com/fighter-details/04e9955f33e0c267
Kalindra Faria,Kalindra,Faria,,170.2,125.0,,Switch,1986-07-23,http://ufcstats.com/fighter-details/27b164b0d1833df0
Jair Farias,Jair,Farias,Chosen,185.4,145.0,193.0,Orthodox,1993-03-16,http://ufcstats.com/fighter-details/431262bbc69215dc
Chance Farrar,Chance,Farrar,,175.3,145.0,,Southpaw,1975-09-11,http://ufcstats.com/fighter-details/49c7236c737d7e59
Rico Farrington,Rico,Farrington,The Triggerman,193.0,170.0,200.7,Southpaw,1989-06-19,http://ufcstats.com/fighter-details/f89e6e66b9b112de
Kelly Faszholz,Kelly,Faszholz,,172.7,135.0,,Orthodox,1985-04-09,http://ufcstats.com/fighter-details/9c42a0de8e012870
Rodney Faverus,Rodney,Faverus,,182.9,215.0,,Southpaw,,http://ufcstats.com/fighter-details/5af26b3201690d29
Namo Fazil,Namo,Fazil,Grandson of Saladin,,170.0,,,1996-10-29,http://ufcstats.com/fighter-details/f36af23639501cdf
Paul Felder,Paul,Felder,The Irish Dragon,180.3,155.0,177.8,Orthodox,1984-04-25,http://ufcstats.com/fighter-details/e5010b1b94ca5755
Carlos Felipe,Carlos,Felipe,Boi,182.9,245.0,190.5,Orthodox,1995-01-12,http://ufcstats.com/fighter-details/a2ea77e974c5889f
JP Felty,JP,Felty,,,170.0,,,1979-04-28,http://ufcstats.com/fighter-details/954e3f4e2b0e6510
Feng Pengchao,Feng,Pengchao,,,135.0,,,,http://ufcstats.com/fighter-details/86597694317e5e1b
Feng Xiaocan,Feng,Xiaocan,Little Flower,170.2,115.0,170.2,Southpaw,2001-10-27,http://ufcstats.com/fighter-details/c940b42df95bbd28
Kevin Ferguson,Kevin,Ferguson,Kimbo Slice,188.0,235.0,195.6,Orthodox,1974-02-08,http://ufcstats.com/fighter-details/27541033b97c076d
Rhadi Ferguson,Rhadi,Ferguson,,170.2,205.0,,,,http://ufcstats.com/fighter-details/15f4550e017f6c7d
Tony Ferguson,Tony,Ferguson,El Cucuy,180.3,170.0,193.0,Orthodox,1984-02-12,http://ufcstats.com/fighter-details/22a92d7f62195791
Josh Ferguson,Josh,Ferguson,Taz,165.1,125.0,,Orthodox,1988-05-13,http://ufcstats.com/fighter-details/b0f316c60f8d3b47
CJ Fernandes,CJ,Fernandes,,188.0,170.0,,,1977-11-13,http://ufcstats.com/fighter-details/979f7edbb6980b0d
Bibiano Fernandes,Bibiano,Fernandes,,170.2,139.0,,Orthodox,1980-03-30,http://ufcstats.com/fighter-details/cbc071cb20ea59c7
Gabriella Fernandes,Gabriella,Fernandes,Gabi,167.6,125.0,167.6,Southpaw,1993-08-13,http://ufcstats.com/fighter-details/a6eb54ae17a551be
Kaue Fernandes,Kaue,Fernandes,,175.3,155.0,185.4,Orthodox,1995-03-17,http://ufcstats.com/fighter-details/ec13c393d029297d
Emily Fernandez,Emily,Fernandez,,,,,,,http://ufcstats.com/fighter-details/7ee1babb99f30115
Luke Fernandez,Luke,Fernandez,,,205.0,,Orthodox,1995-06-29,http://ufcstats.com/fighter-details/d62e280d0f7b6d6f
Lucas Fernando,Lucas,Fernando,,190.5,185.0,203.2,,1997-01-10,http://ufcstats.com/fighter-details/3df223aeaacecf3f
Alexandre Ferreira,Alexandre,Ferreira,Cacareco,170.2,205.0,,Orthodox,1979-04-25,http://ufcstats.com/fighter-details/28ba5f27e473420c
Cezar Ferreira,Cezar,Ferreira,Mutante,185.4,185.0,198.1,Southpaw,1985-02-15,http://ufcstats.com/fighter-details/dbc17725b887860a
Diego Ferreira,Diego,Ferreira,,175.3,155.0,188.0,Orthodox,1985-01-18,http://ufcstats.com/fighter-details/f53d4f21d1b5f2dc
Erisson Ferreira,Erisson,Ferreira,Gato,167.6,125.0,177.8,Orthodox,1991-05-03,http://ufcstats.com/fighter-details/1c2a8915f8431507
Brunno Ferreira,Brunno,Ferreira,The Hulk,177.8,185.0,182.9,Orthodox,1992-11-04,http://ufcstats.com/fighter-details/1e719d4b676dc19a
Scott Ferrozzo,Scott,Ferrozzo,The Pitbull,180.3,323.0,,Orthodox,1965-04-26,http://ufcstats.com/fighter-details/977081bc01197656
Timo Feucht,Timo,Feucht,,190.5,205.0,200.7,Orthodox,1996-01-18,http://ufcstats.com/fighter-details/8c21eb9fd7c4c203
Andre Fialho,Andre,Fialho,,182.9,170.0,188.0,Orthodox,1994-04-07,http://ufcstats.com/fighter-details/33efaf2d0941cfcf
Drew Fickett,Drew,Fickett,The Master,177.8,155.0,177.8,Orthodox,1979-12-14,http://ufcstats.com/fighter-details/d814f5192e58fb2f
Scott Fiedler,Scott,Fiedler,,193.0,235.0,,Orthodox,,http://ufcstats.com/fighter-details/0ec821423baa26bd
Ron Fields,Ron,Fields,Killing,188.0,200.0,,Orthodox,1974-11-18,http://ufcstats.com/fighter-details/6e380a4d73ab4f0e
Michal Figlak,Michal,Figlak,Mad Dog,177.8,155.0,177.8,Orthodox,1996-08-15,http://ufcstats.com/fighter-details/b4c57a8c2b773e82
Deiveson Figueiredo,Deiveson,Figueiredo,Deus da Guerra,165.1,135.0,172.7,Orthodox,1987-12-18,http://ufcstats.com/fighter-details/aa72b0f831d0bfe5
Francisco Figueiredo,Francisco,Figueiredo,Sniper,167.6,125.0,172.7,Southpaw,1989-10-23,http://ufcstats.com/fighter-details/cdadae5363b66eef
Anthony Figueroa,Anthony,Figueroa,,162.6,135.0,,Orthodox,,http://ufcstats.com/fighter-details/daff32bc96d1eabf
Edwin Figueroa,Edwin,Figueroa,El Feroz,170.2,135.0,175.3,Orthodox,1984-07-31,http://ufcstats.com/fighter-details/bbfca6d5c27d9cd8
Jonathan Figueroa,Jonathan,Figueroa,El Picante,,185.0,,,1995-02-05,http://ufcstats.com/fighter-details/2226445c4a196dc8
Anthony Figueroa,Anthony,Figueroa,,,155.0,,,,http://ufcstats.com/fighter-details/35e3a24591f4e2cd
Paulo Filho,Paulo,Filho,,172.7,185.0,,Southpaw,1978-05-24,http://ufcstats.com/fighter-details/2abdead94ce73552
Jafel Filho,Jafel,Filho,Pastor,170.2,125.0,172.7,Orthodox,1993-05-05,http://ufcstats.com/fighter-details/65adf3856c4d9256
Andre Fili,Andre,Fili,Touchy,180.3,145.0,188.0,Orthodox,1990-06-25,http://ufcstats.com/fighter-details/8fd808923cffff82
Mirko Filipovic,Mirko,Filipovic,Cro Cop,188.0,230.0,185.4,Southpaw,1974-09-10,http://ufcstats.com/fighter-details/c32fb8c0f6471a4d
Brady Fink,Brady,Fink,,182.9,183.0,,Orthodox,,http://ufcstats.com/fighter-details/997b4f52f76a0b53
Jesse Finney,Jesse,Finney,,182.9,170.0,,,1974-07-11,http://ufcstats.com/fighter-details/0496cdac0bc9edd8
Jan Finney,Jan,Finney,Cuddles,172.7,135.0,,Orthodox,,http://ufcstats.com/fighter-details/3317823959d32a05
Torrez Finney,Torrez,Finney,The Punisher,172.7,185.0,190.5,Orthodox,1998-10-24,http://ufcstats.com/fighter-details/fbb60f24af5d5a02
Luigi Fioravanti,Luigi,Fioravanti,,172.7,170.0,177.8,Orthodox,1981-01-22,http://ufcstats.com/fighter-details/9583662df31d943f
Nick Fiore,Nick,Fiore,,177.8,155.0,182.9,Orthodox,1997-12-10,http://ufcstats.com/fighter-details/036e96c1c12b8a59
Manon Fiorot,Manon,Fiorot,The Beast,170.2,125.0,165.1,Orthodox,1990-02-17,http://ufcstats.com/fighter-details/34ff304266360297
Luiz Firmino,Luiz,Firmino,Buscape,167.6,154.0,,Orthodox,1982-03-18,http://ufcstats.com/fighter-details/16d09e800ad7ec79
Spencer Fisher,Spencer,Fisher,The King,170.2,155.0,172.7,Southpaw,1976-05-09,http://ufcstats.com/fighter-details/f34312c2ccfa0e00
Chris Fishgold,Chris,Fishgold,,172.7,145.0,172.7,Orthodox,1992-06-06,http://ufcstats.com/fighter-details/bebb4ae55ac2bf6f
Bryanna Fissori,Bryanna,Fissori,,162.6,145.0,,,,http://ufcstats.com/fighter-details/5517bd590dbbe1f8
Jon Fitch,Jon,Fitch,,182.9,170.0,188.0,Orthodox,1978-02-24,http://ufcstats.com/fighter-details/6f018c039b4d5d80
Isi Fitikefu,Isi,Fitikefu,Doxz,177.8,205.0,,,,http://ufcstats.com/fighter-details/b8dc5fbf8338adc5
Rafael Fiziev,Rafael,Fiziev,Ataman,172.7,155.0,180.3,Switch,1993-03-05,http://ufcstats.com/fighter-details/c814b4c899793af6
Colin Fletcher,Colin,Fletcher,The Freakshow,188.0,155.0,,Orthodox,1983-01-08,http://ufcstats.com/fighter-details/7d09200f6a77b20e
AJ Fletcher,AJ,Fletcher,The Ghost,177.8,170.0,170.2,Switch,1997-02-18,http://ufcstats.com/fighter-details/725b1abc9a39d873
Nathan Fletcher,Nathan,Fletcher,,170.2,135.0,177.8,Orthodox,1998-01-03,http://ufcstats.com/fighter-details/a2d342ffc83913ed
Jimmy Flick,Jimmy,Flick,The Brick,170.2,125.0,172.7,Orthodox,1990-09-07,http://ufcstats.com/fighter-details/09e62c450e754913
Luke Flores,Luke,Flores,,182.9,155.0,185.4,Southpaw,1988-03-17,http://ufcstats.com/fighter-details/b5f44dcb863f595b
Ty Flores,Ty,Flores,Big Medicine,190.5,205.0,185.4,Switch,1993-12-22,http://ufcstats.com/fighter-details/4bb0f74d5e26f89a
Alejandro Flores,Alejandro,Flores,El Gallito,177.8,145.0,185.4,Orthodox,1991-08-06,http://ufcstats.com/fighter-details/d23d5960ac5e117c
Kenny Florian,Kenny,Florian,KenFlo,177.8,145.0,188.0,Southpaw,1976-05-26,http://ufcstats.com/fighter-details/cb139171ed1b69fe
Darrius Flowers,Darrius,Flowers,Beast Mode,175.3,155.0,180.3,Orthodox,1994-08-25,http://ufcstats.com/fighter-details/65db4065e2bc107d
Cody Floyd,Cody,Floyd,,,,,,1988-07-18,http://ufcstats.com/fighter-details/8164250600b7c91b
Bobby Flynn,Bobby,Flynn,,,170.0,,,,http://ufcstats.com/fighter-details/c97fc5fbf7d32b8a
Caros Fodor,Caros,Fodor,The Future,175.3,155.0,188.0,Orthodox,1984-01-07,http://ufcstats.com/fighter-details/01d2ed8c502e3828
Mal Foki,Mal,Foki,Twin Tiger,170.2,220.0,,Orthodox,,http://ufcstats.com/fighter-details/fa534853eb195270
Matt Foki,Matt,Foki,Twin Tiger,170.2,220.0,,Orthodox,,http://ufcstats.com/fighter-details/5de61b03868035ff
AJ Fonseca,AJ,Fonseca,,162.6,145.0,,,,http://ufcstats.com/fighter-details/0adf1aacda5e26ac
Rob Font,Rob,Font,,172.7,135.0,180.3,Orthodox,1987-06-25,http://ufcstats.com/fighter-details/05339613bf8e9808
Claudionor Fontinelle,Claudionor,Fontinelle,,165.1,185.0,,Orthodox,,http://ufcstats.com/fighter-details/7a82635ffa9b59fe
Jesse Forbes,Jesse,Forbes,Kid Hercules,188.0,185.0,190.5,Southpaw,1984-10-24,http://ufcstats.com/fighter-details/947eccadb72f4f6f
Sterling Ford,Sterling,Ford,,177.8,155.0,,,1986-03-12,http://ufcstats.com/fighter-details/a71ce6ff0b4a9dbb
Codale Ford,Codale,Ford,Crunch Time,175.3,170.0,,,1979-05-13,http://ufcstats.com/fighter-details/5340123d826ceadb
Raheam Forest,Raheam,Forest,Rambo,180.3,170.0,185.4,Switch,1997-07-11,http://ufcstats.com/fighter-details/90390dd1b0791e7f
Jussier Formiga,Jussier,Formiga,,165.1,125.0,170.2,Orthodox,1985-04-14,http://ufcstats.com/fighter-details/b102c26727306ab6
Carol Foro,Carol,Foro,Anabelle,157.5,115.0,154.9,Orthodox,1997-03-21,http://ufcstats.com/fighter-details/77ba5b2939c4018b
Renee Forte,Renee,Forte,,170.2,155.0,180.3,Orthodox,1987-03-27,http://ufcstats.com/fighter-details/44bc27bfa76dcd9e
Brianna Fortino,Brianna,Fortino,The Bull,152.4,115.0,157.5,Southpaw,1993-08-04,http://ufcstats.com/fighter-details/b53c46f613f6f248
Marcel Fortuna,Marcel,Fortuna,,185.4,205.0,188.0,Orthodox,1985-10-22,http://ufcstats.com/fighter-details/d761b3766e38c5db
Tyrell Fortune,Tyrell,Fortune,,,125.0,,,2004-10-19,http://ufcstats.com/fighter-details/bc7f4b2d4c2724a2
Brian Foster,Brian,Foster,The Foster Boy,175.3,170.0,180.3,Orthodox,1984-04-03,http://ufcstats.com/fighter-details/3dc3022232b79c7a
Xavier Foupa-Pokam,Xavier,Foupa-Pokam,Professor X,185.4,185.0,,Open Stance,1982-07-03,http://ufcstats.com/fighter-details/ec33146e43e58933
Mason Fowler,Mason,Fowler,,180.3,170.0,,,,http://ufcstats.com/fighter-details/d745d4146be48679
Brandon Foxworth,Brandon,Foxworth,,180.3,145.0,,Orthodox,1979-04-28,http://ufcstats.com/fighter-details/f65a0eb902f9476b
Hermes Franca,Hermes,Franca,,167.6,155.0,180.3,Orthodox,1974-08-26,http://ufcstats.com/fighter-details/e0ec3c3b6b611f7e
Glaico Franca Moreira,Glaico,Franca Moreira,Nego,182.9,155.0,195.6,Orthodox,1991-02-28,http://ufcstats.com/fighter-details/00a3ff40c4b2cf21
Francisco France,Francisco,France,Kiko,182.9,205.0,,,1983-01-21,http://ufcstats.com/fighter-details/ecfdbf38681a59ba
John Franchi,John,Franchi,,167.6,145.0,170.2,Orthodox,1982-07-16,http://ufcstats.com/fighter-details/b9532d815060de7f
Felipe Franco,Felipe,Franco,,185.4,205.0,193.0,Orthodox,2001-01-22,http://ufcstats.com/fighter-details/e564146b9cf6dbef
Rich Franklin,Rich,Franklin,Ace,185.4,185.0,193.0,Southpaw,1974-10-05,http://ufcstats.com/fighter-details/d897897060f10a3a
Xavier Franklin,Xavier,Franklin,Mr. Benjamin,167.6,135.0,167.6,Southpaw,1996-10-15,http://ufcstats.com/fighter-details/90957a918e26bf9c
Zoila Frausto,Zoila,Frausto,Warrior Princess,162.6,135.0,,Orthodox,,http://ufcstats.com/fighter-details/040d3b4c735541aa
Stephanie Frausto,Stephanie,Frausto,Lil Bovy,157.5,115.0,154.9,Orthodox,1990-09-20,http://ufcstats.com/fighter-details/fee02819a271c050
Zane Frazier,Zane,Frazier,Nasty,195.6,250.0,,Orthodox,,http://ufcstats.com/fighter-details/d3711d3784b76255
Gary Frazier,Gary,Frazier,,182.9,245.0,,Orthodox,,http://ufcstats.com/fighter-details/3beeeafcbc8b4cbc
Justin Frazier,Justin,Frazier,The Grizzly Bear,182.9,265.0,190.5,Southpaw,1989-06-15,http://ufcstats.com/fighter-details/78863e4a28204a6b
Ian Freeman,Ian,Freeman,The Machine,180.3,225.0,,Orthodox,1966-11-10,http://ufcstats.com/fighter-details/b4bc2e3353a770b5
Jason Freeman,Jason,Freeman,,188.0,225.0,,,1976-09-02,http://ufcstats.com/fighter-details/5870bd1eadf4f322
Kennedy Freeman,Kennedy,Freeman,The Machine 2.0,,125.0,,,1996-11-26,http://ufcstats.com/fighter-details/63d071997c75e3fd
Denzel Freeman,Denzel,Freeman,Luke Fox,,265.0,,,,http://ufcstats.com/fighter-details/b5c19c34f12c917e
Willamy Freire,Willamy,Freire,Chiquerim,172.7,155.0,,Orthodox,1987-07-28,http://ufcstats.com/fighter-details/f1f37d667bcd0d27
Patricky Freire,Patricky,Freire,Pitbull,170.2,155.0,180.3,,1986-06-01,http://ufcstats.com/fighter-details/90e6dde9113830bd
Jeremy Freitag,Jeremy,Freitag,,185.4,205.0,,,,http://ufcstats.com/fighter-details/a47e9ec288c91067
Rafael Freitas,Rafael,Freitas,Capoeira,,205.0,,Orthodox,,http://ufcstats.com/fighter-details/14b9e0f2679a2205
Donavon Frelow,Donavon,Frelow,,170.2,135.0,,Orthodox,1985-01-20,http://ufcstats.com/fighter-details/9aa56f004b2bca07
Josh Fremd,Josh,Fremd,,193.0,185.0,193.0,Orthodox,1994-01-15,http://ufcstats.com/fighter-details/ca43de99b07b6b40
Clay French,Clay,French,,170.2,161.0,,Southpaw,1980-10-07,http://ufcstats.com/fighter-details/73321668ff977f1b
Mike French,Mike,French,,177.8,145.0,,,1975-05-29,http://ufcstats.com/fighter-details/756f45905fb20cb5
Matt Frevola,Matt,Frevola,The SteamRolla,175.3,155.0,180.3,Orthodox,1990-06-11,http://ufcstats.com/fighter-details/dccb63727f2f5f74
Jinh Yu Frey,Jinh Yu,Frey,,160.0,115.0,165.1,Southpaw,1985-05-20,http://ufcstats.com/fighter-details/d05cb1e8d1b885d8
Artem Frolov,Artem,Frolov,,177.8,185.0,,,1991-09-07,http://ufcstats.com/fighter-details/ee704df0afd74558
Sarah Frota,Sarah,Frota,A Treta,167.6,125.0,175.3,Southpaw,1987-04-14,http://ufcstats.com/fighter-details/1641ef250e9de19b
Daniel Frunza,Daniel,Frunza,,185.4,170.0,185.4,Orthodox,1994-04-13,http://ufcstats.com/fighter-details/7cec3c4a5e7b6d68
Don Frye,Don,Frye,The Predator,185.4,219.0,,Orthodox,1965-11-23,http://ufcstats.com/fighter-details/271fe91f4ba9d2c5
Allen Frye Jr.,Allen,Frye Jr.,,,265.0,,,1998-04-15,http://ufcstats.com/fighter-details/73a78713bd899f4c
Tony Fryklund,Tony,Fryklund,The Freak,182.9,185.0,,Orthodox,1971-03-26,http://ufcstats.com/fighter-details/253de74457bd6374
Adam Fugitt,Adam,Fugitt,,185.4,170.0,195.6,Southpaw,1989-01-12,http://ufcstats.com/fighter-details/a01a62132460a98d
Jesse Fujarczyk,Jesse,Fujarczyk,The Ronin,193.0,225.0,,Southpaw,1983-01-28,http://ufcstats.com/fighter-details/c3c38c86f5ab9b5c
Katsuhisa Fujii,Katsuhisa,Fujii,Shamoji,182.9,205.0,,Orthodox,1972-08-15,http://ufcstats.com/fighter-details/d71d968dc6ecfdaf
Megumi Fujii,Megumi,Fujii,Mega Megu,160.0,113.0,,,1974-04-26,http://ufcstats.com/fighter-details/fb6c531726447ff3
Kazuyuki Fujita,Kazuyuki,Fujita,Ironhead,182.9,235.0,,Orthodox,1970-10-16,http://ufcstats.com/fighter-details/b1605ea39fba6af6
Keisuke Fujiwara,Keisuke,Fujiwara,,167.6,139.0,,Switch,,http://ufcstats.com/fighter-details/ccd58ff71e260ed5
Riki Fukuda,Riki,Fukuda,,182.9,185.0,185.4,Southpaw,1981-01-06,http://ufcstats.com/fighter-details/7c35f869033901ae
Machi Fukuda,Machi,Fukuda,Kakutou Komachi,,115.0,,,2003-06-03,http://ufcstats.com/fighter-details/42189c98d434a413
Masio Fullen,Masio,Fullen,Lobo,177.8,145.0,177.8,Orthodox,1986-10-06,http://ufcstats.com/fighter-details/4638cc6479cc0afe
Travis Fulton,Travis,Fulton,The Ironman,182.9,240.0,,Orthodox,1977-05-29,http://ufcstats.com/fighter-details/911fb265462f0d94
Sam Fulton,Sam,Fulton,,,,,,,http://ufcstats.com/fighter-details/1f5f75658551f2d3
Masakatsu Funaki,Masakatsu,Funaki,,182.9,185.0,,Southpaw,1969-03-13,http://ufcstats.com/fighter-details/aa3153a9941b4d44
Ricardo Funch,Ricardo,Funch,Golden Boy,177.8,170.0,188.0,Southpaw,1980-08-14,http://ufcstats.com/fighter-details/e9e1acc96536bb4f
Katsuaki Furuki,Katsuaki,Furuki,,182.9,168.0,,,1980-11-10,http://ufcstats.com/fighter-details/c3e2eca94b2320bc
James Gabert,James,Gabert,,,178.0,,,,http://ufcstats.com/fighter-details/fcd8b623892b9a10
Gustavo Gabriel,Gustavo,Gabriel,,167.6,125.0,,Orthodox,1994-04-01,http://ufcstats.com/fighter-details/fe98f86284a6eeb3
Claudia Gadelha,Claudia,Gadelha,Claudinha,162.6,115.0,160.0,Orthodox,1988-12-07,http://ufcstats.com/fighter-details/ec34349e7dffcde7
Alavutdin Gadjiev,Alavutdin,Gadjiev,,188.0,185.0,,Orthodox,1982-06-23,http://ufcstats.com/fighter-details/a7a79b8efbceaaac
Magomed Gadzhiyasulov,Magomed,Gadzhiyasulov,,188.0,205.0,190.5,Orthodox,1993-11-04,http://ufcstats.com/fighter-details/6e344b71421103da
Justin Gaethje,Justin,Gaethje,The Highlight,180.3,155.0,177.8,Orthodox,1988-11-14,http://ufcstats.com/fighter-details/9e8f6c728eb01124
Sheila Gaff,Sheila,Gaff,The German Tank,165.1,135.0,,Orthodox,1989-12-29,http://ufcstats.com/fighter-details/837d30395faca41e
Muin Gafurov,Muin,Gafurov,Tajik,170.2,135.0,172.7,Orthodox,1996-05-17,http://ufcstats.com/fighter-details/a54660deb6a8489c
Mitch Gagnon,Mitch,Gagnon,,165.1,135.0,165.1,Southpaw,1984-10-10,http://ufcstats.com/fighter-details/b8592b4a383696cd
Brandon Gaines,Brandon,Gaines,,190.5,185.0,,,,http://ufcstats.com/fighter-details/8e6cfbd455f0f9c2
Nicholas Galanti,Nicholas,Galanti,,,185.0,,,1998-06-18,http://ufcstats.com/fighter-details/8988705468d04ef7
Travis Galbraith,Travis,Galbraith,The Gladiator,182.9,170.0,,Orthodox,1981-05-18,http://ufcstats.com/fighter-details/06dc1a58663579d2
Dave Galera,Dave,Galera,Scarecrow,180.3,135.0,,Orthodox,1978-01-12,http://ufcstats.com/fighter-details/0876d21328cf4a45
Zelg Galesic,Zelg,Galesic,Benkei,188.0,185.0,,Orthodox,1979-02-16,http://ufcstats.com/fighter-details/8a1b4330c7957961
Mickey Gall,Mickey,Gall,,188.0,170.0,188.0,Switch,1992-01-22,http://ufcstats.com/fighter-details/9e50097a89442158
Daniel Gallemore,Daniel,Gallemore,Big Kansas,195.6,265.0,,,,http://ufcstats.com/fighter-details/96706c75a2b14164
Tom Gallicchio,Tom,Gallicchio,Da Tank,177.8,170.0,,Southpaw,1986-09-23,http://ufcstats.com/fighter-details/cc81c92fe2254935
Turrell Galloway,Turrell,Galloway,,160.0,145.0,,,,http://ufcstats.com/fighter-details/7e654edcddd71550
Eric Galvan,Eric,Galvan,,,155.0,,,,http://ufcstats.com/fighter-details/ad3fdba28a7540cf
Andre Galvao,Andre,Galvao,,170.2,168.0,,Orthodox,1982-09-29,http://ufcstats.com/fighter-details/45fe6765c56d8018
Marcos Galvao,Marcos,Galvao,Loro,170.2,135.0,,Orthodox,1981-06-23,http://ufcstats.com/fighter-details/e15d0a2519d6a0b5
Lucas Gamaza,Lucas,Gamaza,,,170.0,,,,http://ufcstats.com/fighter-details/289a3b69b85da7cd
Joey Gambino,Joey,Gambino,The Raging Warrior,170.2,145.0,,Orthodox,1988-10-26,http://ufcstats.com/fighter-details/10559c53de0b950e
Manvel Gamburyan,Manvel,Gamburyan,The Anvil,165.1,135.0,170.2,Orthodox,1981-05-08,http://ufcstats.com/fighter-details/cc6f9d1e89f3449a
Mateusz Gamrot,Mateusz,Gamrot,Gamer,177.8,155.0,177.8,Southpaw,1990-12-11,http://ufcstats.com/fighter-details/72db2a14ffa73ece
Shamil Gamzatov,Shamil,Gamzatov,,188.0,205.0,193.0,Orthodox,1990-08-09,http://ufcstats.com/fighter-details/0d980975001ae3d8
Ryan Gandra,Ryan,Gandra,Problema,185.4,185.0,188.0,Orthodox,1995-05-08,http://ufcstats.com/fighter-details/e463ce0a2ca474f4
Ariel Gandulla,Ariel,Gandulla,,180.3,205.0,,Orthodox,1968-05-07,http://ufcstats.com/fighter-details/41904fc4d3f5bffc
Ciryl Gane,Ciryl,Gane,Bon Gamin,193.0,245.0,205.7,Orthodox,1990-04-12,http://ufcstats.com/fighter-details/787bb1f087ccff8a
Sean Gannon,Sean,Gannon,The Cannon,190.5,265.0,,Southpaw,,http://ufcstats.com/fighter-details/6d7886b094b471ac
Tommy Gantt,Tommy,Gantt,,180.3,155.0,193.0,Orthodox,1993-01-09,http://ufcstats.com/fighter-details/de83f920fd302871
Junye Gao,Junye,Gao,,,125.0,,,,http://ufcstats.com/fighter-details/8b27d25ce0221d60
Eduardo Garagorri,Eduardo,Garagorri,,175.3,145.0,177.8,Orthodox,1989-05-28,http://ufcstats.com/fighter-details/7bde387d50829adf
Cody Garbrandt,Cody,Garbrandt,No Love,172.7,135.0,165.1,Orthodox,1991-07-07,http://ufcstats.com/fighter-details/d8c7c61b176e3994
Leonard Garcia,Leonard,Garcia,Bad Boy,177.8,145.0,172.7,Orthodox,1979-07-14,http://ufcstats.com/fighter-details/917e53fa0adea0d3
Edgar Garcia,Edgar,Garcia,,177.8,170.0,180.3,Orthodox,1984-02-22,http://ufcstats.com/fighter-details/8d49545dadf9b919
Alejandro Garcia,Alejandro,Garcia,Alex,170.2,145.0,,,,http://ufcstats.com/fighter-details/e5dc36e0aba7e9da
Alex Garcia,Alex,Garcia,The Dominican Nightmare,175.3,170.0,182.9,Orthodox,1987-07-14,http://ufcstats.com/fighter-details/a2b12c3f3d60ff69
Nick Garcia,Nick,Garcia,Nitro,162.6,125.0,,,,http://ufcstats.com/fighter-details/8a04d94dfcfab159
Steve Garcia,Steve,Garcia,Mean Machine,182.9,145.0,190.5,Southpaw,1992-05-22,http://ufcstats.com/fighter-details/97cf1a2c7c5e7889
Elias Garcia,Elias,Garcia,,165.1,125.0,170.2,Southpaw,1992-09-13,http://ufcstats.com/fighter-details/ac5a7400da3a9a41
Rafa Garcia,Rafa,Garcia,Gifted,170.2,155.0,177.8,Orthodox,1994-08-05,http://ufcstats.com/fighter-details/e132d47bd9efbbe0
Fernie Garcia,Fernie,Garcia,,170.2,135.0,170.2,Orthodox,1992-04-12,http://ufcstats.com/fighter-details/9e92e1ca498d7244
Rulon Gardner,Rulon,Gardner,,190.5,265.0,,Orthodox,1971-08-16,http://ufcstats.com/fighter-details/4f7e290e71d60f87
David Gardner,David,Gardner,,180.3,155.0,,Orthodox,1977-05-17,http://ufcstats.com/fighter-details/70167689d6a01793
Pablo Garza,Pablo,Garza,The Scarecrow,185.4,145.0,185.4,Orthodox,1983-09-16,http://ufcstats.com/fighter-details/8e5bfd4e82352340
John Garza,John,Garza,Mowgli,170.2,135.0,172.7,Orthodox,2002-10-30,http://ufcstats.com/fighter-details/a54b961a1f8be1d5
Magomedrasul Gasanov,Magomedrasul,Gasanov,,,185.0,,,1994-10-23,http://ufcstats.com/fighter-details/30ba4c2779e68a1e
Azamat Gashimov,Azamat,Gashimov,,167.6,125.0,,Orthodox,1990-04-07,http://ufcstats.com/fighter-details/a1b0715c4fd2dbd3
Brian Gassaway,Brian,Gassaway,,185.4,170.0,,Orthodox,1972-08-07,http://ufcstats.com/fighter-details/e4770d5ed44a3970
Kelvin Gastelum,Kelvin,Gastelum,,175.3,185.0,180.3,Southpaw,1991-10-24,http://ufcstats.com/fighter-details/8c0580d4fff106c1
Willie Gates,Willie,Gates,,172.7,125.0,182.9,Orthodox,1987-01-21,http://ufcstats.com/fighter-details/6ded9184b2284645
Melissa Gatto,Melissa,Gatto,,165.1,135.0,175.3,Orthodox,1996-05-02,http://ufcstats.com/fighter-details/a4a80dd7336ffd59
Sean Gauci,Sean,Gauci,,165.1,125.0,162.6,Switch,1996-10-07,http://ufcstats.com/fighter-details/d758f272d94f5866
Louis Gaudinot,Louis,Gaudinot,Goodnight,160.0,125.0,160.0,Orthodox,1984-08-28,http://ufcstats.com/fighter-details/b72a60a0cadff408
Ateba Gautier,Ateba,Gautier,The Storm,193.0,185.0,205.7,Switch,2002-04-10,http://ufcstats.com/fighter-details/2f815ed5f8278ba6
Manuel Gaxhja,Manuel,Gaxhja,,172.7,155.0,,Switch,1997-07-23,http://ufcstats.com/fighter-details/618643d0d5c0631d
Shamil Gaziev,Shamil,Gaziev,,193.0,265.0,198.1,Orthodox,1990-02-10,http://ufcstats.com/fighter-details/6747ccd6d1acd266
Charlene Gellner,Charlene,Gellner,Princess,157.5,125.0,,,,http://ufcstats.com/fighter-details/effd0b70e6749ab2
Chad George,Chad,George,Savage,167.6,135.0,172.7,Southpaw,1982-04-30,http://ufcstats.com/fighter-details/14e797332ea32cdb
Paul Georgieff,Paul,Georgieff,,188.0,170.0,,Orthodox,1982-09-22,http://ufcstats.com/fighter-details/2f1700b3a4a09bc7
Brian Geraghty,Brian,Geraghty,Duke,170.2,155.0,,Orthodox,1980-11-04,http://ufcstats.com/fighter-details/15edcf67ccf5be84
Derek Getzel,Derek,Getzel,The Pretzel,182.9,155.0,,,,http://ufcstats.com/fighter-details/42883268854b78be
Karine Gevorgyan,Karine,Gevorgyan,The Princess,162.6,125.0,160.0,,1989-03-09,http://ufcstats.com/fighter-details/2db0c114414d4f06
Yanis Ghemmouri,Yanis,Ghemmouri,The Desert Warrior,175.3,135.0,175.3,Orthodox,1995-01-24,http://ufcstats.com/fighter-details/eb70e786bbdf1d16
Darrel Gholar,Darrel,Gholar,,172.7,194.0,,Orthodox,,http://ufcstats.com/fighter-details/a24e080000fa7a35
Tiki Ghosn,Tiki,Ghosn,,177.8,170.0,,Orthodox,1977-02-09,http://ufcstats.com/fighter-details/cb6783c39c01d896
Christos Giagos,Christos,Giagos,The Spartan,177.8,155.0,180.3,Orthodox,1990-01-23,http://ufcstats.com/fighter-details/de45aaae23dfa392
Joe Giannetti,Joe,Giannetti,,182.9,155.0,188.0,Southpaw,1995-07-05,http://ufcstats.com/fighter-details/946db8a378903cc3
Nick Gibbons,Nick,Gibbons,,177.8,155.0,,,,http://ufcstats.com/fighter-details/96a221341035b701
James Giboo,James,Giboo,,180.3,170.0,,Orthodox,1978-01-06,http://ufcstats.com/fighter-details/f74e037b97917027
Lance Gibson,Lance,Gibson,Fearless,175.3,185.0,,Orthodox,1970-11-20,http://ufcstats.com/fighter-details/63eedfcc73071d41
Lee Gibson,Lee,Gibson,Lethal,170.2,155.0,,,,http://ufcstats.com/fighter-details/69db199087a1a792
Cody Gibson,Cody,Gibson,The Renegade,177.8,135.0,180.3,Orthodox,1987-09-11,http://ufcstats.com/fighter-details/700a674c042b7a96
Chase Gibson,Chase,Gibson,El Guero,177.8,155.0,182.9,Orthodox,1990-02-07,http://ufcstats.com/fighter-details/09439946214993bc
Lance Gibson Jr.,Lance,Gibson Jr.,Fearless,,155.0,,,1995-02-02,http://ufcstats.com/fighter-details/07bc580bdf3eb9c8
Kenny Giddens,Kenny,Giddens,,180.3,155.0,,,,http://ufcstats.com/fighter-details/db8b800176d26f6e
Thomas Gifford,Thomas,Gifford,The Young Lion,185.4,155.0,190.5,Orthodox,1992-07-26,http://ufcstats.com/fighter-details/e7f51d9f9e9259e7
Joseph Gigliotti,Joseph,Gigliotti,Capo,180.3,185.0,,Orthodox,1993-08-13,http://ufcstats.com/fighter-details/83825fad27ab3581
Joey Gilbert,Joey,Gilbert,,180.3,155.0,,Orthodox,1976-06-05,http://ufcstats.com/fighter-details/6bb1d2b714d4b3bc
Trevin Giles,Trevin,Giles,,182.9,170.0,188.0,Orthodox,1992-08-06,http://ufcstats.com/fighter-details/b27a1fcb56a3035a
Kultar Gill,Kultar,Gill,Black Mamba,182.9,154.0,,Orthodox,1979-03-24,http://ufcstats.com/fighter-details/42c96a9c4802e2e1
Jesse Gillespie,Jesse,Gillespie,,,185.0,,,,http://ufcstats.com/fighter-details/160b931119c1bf91
Gregor Gillespie,Gregor,Gillespie,The Gift,170.2,155.0,180.3,Orthodox,1986-11-13,http://ufcstats.com/fighter-details/84ff027394f7e470
Jason Gilliam,Jason,Gilliam,,182.9,170.0,,Orthodox,,http://ufcstats.com/fighter-details/91720876db0ee468
Micheal Gillmore,Micheal,Gillmore,The Gentleman,180.3,170.0,182.9,Orthodox,1987-03-28,http://ufcstats.com/fighter-details/ce175eaafe867d1f
Krishaun Gilmore,Krishaun,Gilmore,,,,,,,http://ufcstats.com/fighter-details/10ccdcd14c3dfcf1
Alex Gilpin,Alex,Gilpin,,170.2,145.0,,Orthodox,1992-03-26,http://ufcstats.com/fighter-details/762c69860eef65d8
Bob Gilstrap,Bob,Gilstrap,,190.5,200.0,,Orthodox,,http://ufcstats.com/fighter-details/c96518b7f6881004
Max Gimenis,Max,Gimenis,,,265.0,,,1983-04-14,http://ufcstats.com/fighter-details/6a311920edd73c85
Eperaim Ginting,Eperaim,Ginting,The Wolfman,162.6,135.0,162.6,Orthodox,1995-11-30,http://ufcstats.com/fighter-details/bad8ed7d714f1493
Demetrius Gioulacos,Demetrius,Gioulacos,,180.3,185.0,,,,http://ufcstats.com/fighter-details/a58114c6dd0add64
Billy Giovanella,Billy,Giovanella,Wolverine,172.7,125.0,,,1985-08-20,http://ufcstats.com/fighter-details/c1ea31a904fe08a9
He-Man Gipson,He-Man,Gipson,,,,,,,http://ufcstats.com/fighter-details/3e03cec9767d37e6
Israel Giron,Israel,Giron,El Rojo,172.7,155.0,,,1974-01-16,http://ufcstats.com/fighter-details/4b4f6abdce986be6
Brandon Girtz,Brandon,Girtz,Cold Roll,170.2,155.0,,,1985-03-06,http://ufcstats.com/fighter-details/81f1810f72df8f25
Jason Glaza,Jason,Glaza,,182.9,230.0,,,,http://ufcstats.com/fighter-details/fda067e842b07466
Mike Glenn,Mike,Glenn,,,205.0,,,1977-10-09,http://ufcstats.com/fighter-details/ed133185689088b3
Ricky Glenn,Ricky,Glenn,The Gladiator,182.9,170.0,177.8,Southpaw,1989-04-12,http://ufcstats.com/fighter-details/814ff3018127e8fc
Ivan Gnizditskiy,Ivan,Gnizditskiy,,,205.0,,,1996-05-10,http://ufcstats.com/fighter-details/057a241e4ba90c4d
Mark Godbeer,Mark,Godbeer,The Hand Of,193.0,240.0,195.6,Orthodox,1983-11-22,http://ufcstats.com/fighter-details/ad56b3f00ca38dfd
Clint Godfrey,Clint,Godfrey,,167.6,135.0,,Southpaw,1982-10-21,http://ufcstats.com/fighter-details/bd85ca0bb4f26cfc
Loopy Godinez,Loopy,Godinez,,157.5,115.0,154.9,Orthodox,1993-09-06,http://ufcstats.com/fighter-details/8e5d953bdb9ae5e7
Jason Godsey,Jason,Godsey,,188.0,230.0,,Orthodox,,http://ufcstats.com/fighter-details/5ca158b1cc9cb242
Allan Goes,Allan,Goes,,182.9,205.0,,Orthodox,1971-04-20,http://ufcstats.com/fighter-details/e62b36885ecdac27
Billy Ray Goff,Billy Ray,Goff,,177.8,170.0,182.9,Switch,1998-06-18,http://ufcstats.com/fighter-details/fa07345cc9db5cc9
Amiran Gogoladze,Amiran,Gogoladze,,185.4,170.0,188.0,Switch,1997-12-09,http://ufcstats.com/fighter-details/5d1636b6c1688502
Jonny Goh,Jonny,Goh,,180.3,155.0,,,,http://ufcstats.com/fighter-details/e86af30738a5452a
Hannah Goldy,Hannah,Goldy,24K,162.6,115.0,154.9,Orthodox,1992-05-18,http://ufcstats.com/fighter-details/26e3f3928b1891d9
Marcelo Golm,Marcelo,Golm,,190.5,249.0,190.5,Orthodox,1992-09-15,http://ufcstats.com/fighter-details/ac29d508d78384c9
Denise Gomes,Denise,Gomes,Dee,157.5,115.0,160.0,Orthodox,1999-12-30,http://ufcstats.com/fighter-details/cffb87059e645bd1
Severino Apollo Gomes,Severino Apollo,Gomes,Deus Da Guerra,,145.0,,,2000-07-10,http://ufcstats.com/fighter-details/b3db81defb03d7af
Sergio Gomez,Sergio,Gomez,,167.6,155.0,,Orthodox,1982-04-29,http://ufcstats.com/fighter-details/af1e5c64b8663aa0
Frank Gomez,Frank,Gomez,,177.8,135.0,170.2,Orthodox,1986-03-31,http://ufcstats.com/fighter-details/a0a680fe2f6cc8e6
Alan Gomez,Alan,Gomez,,,155.0,,,,http://ufcstats.com/fighter-details/0a66de3a797cf73a
David Gomez,David,Gomez,,,155.0,,,1983-08-08,http://ufcstats.com/fighter-details/489413d3be819647
Ulysses Gomez,Ulysses,Gomez,Useless,167.6,125.0,,Orthodox,1983-05-25,http://ufcstats.com/fighter-details/1e35aa8955794580
Joey Gomez,Joey,Gomez,KO King,177.8,135.0,185.4,Orthodox,1986-07-21,http://ufcstats.com/fighter-details/0778f94eb5d588a5
Luis Gomez,Luis,Gomez,Tiger Junior,170.2,145.0,172.7,Orthodox,1995-01-28,http://ufcstats.com/fighter-details/513e84bfe65ff509
Joey Gomez,Joey,Gomez,,177.8,155.0,180.3,Orthodox,1989-08-29,http://ufcstats.com/fighter-details/3a28e1e641366308
Edson Gomez,Edson,Gomez,,172.7,170.0,175.3,Switch,1991-02-23,http://ufcstats.com/fighter-details/e90f4291f93708e6
Silvana Gomez Juarez,Silvana,Gomez Juarez,La Malvada,160.0,115.0,165.1,Orthodox,1984-12-06,http://ufcstats.com/fighter-details/b4880ef2f838d4e1
Takanori Gomi,Takanori,Gomi,The Fireball Kid,170.2,155.0,177.8,Southpaw,1978-09-22,http://ufcstats.com/fighter-details/3be081c29bf734d9
William Gomis,William,Gomis,Jaguar,182.9,145.0,185.4,Southpaw,1997-06-13,http://ufcstats.com/fighter-details/e1d40e8782d80bc2
Akihiro Gono,Akihiro,Gono,,170.2,170.0,172.7,Switch,1974-10-07,http://ufcstats.com/fighter-details/b2acebbef8da14ea
Gabriel Gonzaga,Gabriel,Gonzaga,Napao,188.0,242.0,193.0,Orthodox,1979-05-18,http://ufcstats.com/fighter-details/270b89c00ef0c55c
Justin Gonzales,Justin,Gonzales,J-Train,175.3,145.0,182.9,Orthodox,1991-04-28,http://ufcstats.com/fighter-details/94535f76f43b466a
Fernando Gonzalez,Fernando,Gonzalez,The Menifee Maniac,175.3,170.0,172.7,Southpaw,1983-09-15,http://ufcstats.com/fighter-details/be5aab761c40ef35
Nick Gonzalez,Nick,Gonzalez,The Ghost,167.6,155.0,,Orthodox,1981-03-03,http://ufcstats.com/fighter-details/28d8638ea0a71908
Fabian Gonzalez,Fabian,Gonzalez,,177.8,135.0,,,,http://ufcstats.com/fighter-details/69c071bc2621e8b0
Lewis Gonzalez,Lewis,Gonzalez,Lethal,177.8,170.0,,Orthodox,1987-09-19,http://ufcstats.com/fighter-details/2ff2e6e5abea3e53
Jason Gonzalez,Jason,Gonzalez,Nicoya,188.0,155.0,188.0,Southpaw,1990-02-28,http://ufcstats.com/fighter-details/e45cfa47f504033a
Pearl Gonzalez,Pearl,Gonzalez,,162.6,115.0,,Orthodox,1986-08-12,http://ufcstats.com/fighter-details/1ebdcb7488d0ebee
Jorge Gonzalez,Jorge,Gonzalez,Street,188.0,205.0,193.0,Orthodox,1984-02-29,http://ufcstats.com/fighter-details/ff175a137b395e2b
Mikey Gonzalez,Mikey,Gonzalez,Rolls,180.3,155.0,188.0,Orthodox,1985-08-13,http://ufcstats.com/fighter-details/de47c33e48b0ce38
Erick Gonzalez,Erick,Gonzalez,The Ghost Pepper,180.3,155.0,190.5,Orthodox,1992-01-20,http://ufcstats.com/fighter-details/a2ccf35a88346a91
Jennifer Gonzalez,Jennifer,Gonzalez,Jefa,157.5,125.0,,,1986-03-22,http://ufcstats.com/fighter-details/4f1a48f4e6ffb007
Kier Gooch,Kier,Gooch,,,155.0,,,1986-04-21,http://ufcstats.com/fighter-details/1bda4867f1baceac
Lyman Good,Lyman,Good,Cyborg,182.9,170.0,188.0,Orthodox,1985-05-26,http://ufcstats.com/fighter-details/4e0692ad070976e4
Jared Gooden,Jared,Gooden,NiteTrain,182.9,170.0,195.6,Orthodox,1993-12-05,http://ufcstats.com/fighter-details/c730a0be691dc081
Gary Goodridge,Gary,Goodridge,Big Daddy,190.5,249.0,,Orthodox,1966-01-17,http://ufcstats.com/fighter-details/fbbde91f7bc2d3c5
Jordan Goodwin,Jordan,Goodwin,,,155.0,,,,http://ufcstats.com/fighter-details/7f98d9d5a10fa25c
Gerard Gordeau,Gerard,Gordeau,,195.6,216.0,,Orthodox,1959-03-30,http://ufcstats.com/fighter-details/279093302a6f44b3
Eddie Gordon,Eddie,Gordon,Truck,182.9,185.0,193.0,Orthodox,1983-07-22,http://ufcstats.com/fighter-details/8cad40a75e5c97f5
Jared Gordon,Jared,Gordon,Flash,175.3,155.0,172.7,Orthodox,1988-09-06,http://ufcstats.com/fighter-details/7026eca45f65377b
Tebaris Gordon,Tebaris,Gordon,Boom,185.4,265.0,,Orthodox,1988-07-19,http://ufcstats.com/fighter-details/68c4ca70067bf282
Malcolm Gordon,Malcolm,Gordon,X,170.2,125.0,180.3,Switch,1990-05-19,http://ufcstats.com/fighter-details/dee294e9717012c2
Tresean Gore,Tresean,Gore,Mr. Vicious,182.9,185.0,190.5,Switch,1994-06-21,http://ufcstats.com/fighter-details/147e70aa6cc48cfc
Alex Gorgees,Alex,Gorgees,Hitman,188.0,155.0,188.0,Switch,1995-08-11,http://ufcstats.com/fighter-details/803bebcfb6d6f506
Themba Gorimbo,Themba,Gorimbo,Mamba,185.4,170.0,195.6,Orthodox,1991-01-23,http://ufcstats.com/fighter-details/40f3cb27fc7305a1
Tim Gorman,Tim,Gorman,The Psycho,165.1,135.0,,Southpaw,1983-04-29,http://ufcstats.com/fighter-details/c10eb2f12c489f6d
Chase Gormley,Chase,Gormley,,190.5,265.0,,Orthodox,,http://ufcstats.com/fighter-details/052ceb8976695342
Jonathan Goulet,Jonathan,Goulet,The Road Warrior,182.9,170.0,185.4,Orthodox,1979-07-13,http://ufcstats.com/fighter-details/fb1538b46877a695
Thibault Gouti,Thibault,Gouti,GT,177.8,155.0,182.9,Orthodox,1987-02-27,http://ufcstats.com/fighter-details/51e86de150ee8be6
Wilson Gouveia,Wilson,Gouveia,,185.4,185.0,193.0,Orthodox,1978-10-03,http://ufcstats.com/fighter-details/af5b208e97f5d382
Todd Gouwenberg,Todd,Gouwenberg,,185.4,205.0,,Orthodox,1974-09-25,http://ufcstats.com/fighter-details/c44acf87e376c62b
Hugo Govea,Hugo,Govea,,,,,,,http://ufcstats.com/fighter-details/2391a73686200c5d
Justin Governale,Justin,Governale,The Therapist,,145.0,,,,http://ufcstats.com/fighter-details/ae954fd497025462
Damian Grabowski,Damian,Grabowski,The Polish Pitbull,185.4,241.0,190.5,Orthodox,1980-05-12,http://ufcstats.com/fighter-details/3f11b5d4bd76a6d9
Patryk Grabowski,Patryk,Grabowski,Czapla,,205.0,,,1995-11-12,http://ufcstats.com/fighter-details/4e163b53d1de1fbc
Royce Gracie,Royce,Gracie,,185.4,175.0,,Southpaw,1966-12-12,http://ufcstats.com/fighter-details/429e7d3725852ce9
Crosley Gracie,Crosley,Gracie,,175.3,190.0,,Orthodox,1979-07-18,http://ufcstats.com/fighter-details/52d92050a046bc17
Daniel Gracie,Daniel,Gracie,,188.0,225.0,,Orthodox,,http://ufcstats.com/fighter-details/82d6a9ae41aac3f7
Ralph Gracie,Ralph,Gracie,,175.3,183.0,,Orthodox,,http://ufcstats.com/fighter-details/a9c45a8b21eabadc
Renzo Gracie,Renzo,Gracie,,177.8,185.0,,Orthodox,1967-03-11,http://ufcstats.com/fighter-details/aae0897825336b1a
Rickson Gracie,Rickson,Gracie,,177.8,185.0,,Switch,1958-11-20,http://ufcstats.com/fighter-details/194fc025f9355db6
Rodrigo Gracie,Rodrigo,Gracie,,182.9,183.0,,Orthodox,1975-04-11,http://ufcstats.com/fighter-details/36877f0e62b25b96
Royler Gracie,Royler,Gracie,,172.7,150.0,,Southpaw,1965-12-06,http://ufcstats.com/fighter-details/b807814d977682eb
Ryan Gracie,Ryan,Gracie,,175.3,200.0,,Orthodox,1974-08-14,http://ufcstats.com/fighter-details/0c3838c8f7c620c2
Ralek Gracie,Ralek,Gracie,,188.0,210.0,,Orthodox,1985-10-04,http://ufcstats.com/fighter-details/84283233ec42be5f
Rolles Gracie,Rolles,Gracie,,193.0,242.0,,Orthodox,1978-07-14,http://ufcstats.com/fighter-details/e4a9dbade7c7e1a7
Cesar Gracie,Cesar,Gracie,,177.8,181.0,,Orthodox,,http://ufcstats.com/fighter-details/079488710f012779
Roger Gracie,Roger,Gracie,,193.0,185.0,200.7,Orthodox,1981-09-26,http://ufcstats.com/fighter-details/a6bbd3df469c6bea
Igor Gracie,Igor,Gracie,,180.3,170.0,,,1980-02-04,http://ufcstats.com/fighter-details/722b870449243083
Neiman Gracie,Neiman,Gracie,,182.9,170.0,,,,http://ufcstats.com/fighter-details/12d855d12a624da2
Kron Gracie,Kron,Gracie,,175.3,145.0,177.8,Southpaw,1988-07-11,http://ufcstats.com/fighter-details/242d36d241b43c12
Bogdan Grad,Bogdan,Grad,The Unleashed,172.7,145.0,177.8,Orthodox,1995-09-28,http://ufcstats.com/fighter-details/fb37795db81f93f3
Steven Graham,Steven,Graham,,185.4,290.0,,Orthodox,,http://ufcstats.com/fighter-details/3e514f437c51ce0a
Scott Graham,Scott,Graham,,193.0,185.0,,Orthodox,,http://ufcstats.com/fighter-details/6e4acc2c115215b5
Miranda Granger,Miranda,Granger,Danger,170.2,115.0,172.7,Orthodox,1992-04-13,http://ufcstats.com/fighter-details/7559395ad833c074
TJ Grant,TJ,Grant,,177.8,155.0,182.9,Orthodox,1984-02-26,http://ufcstats.com/fighter-details/a26198ba5093147e
Davey Grant,Davey,Grant,Dangerous,172.7,135.0,175.3,Orthodox,1985-12-18,http://ufcstats.com/fighter-details/113df4fde64735c6
Dwight Grant,Dwight,Grant,The Body Snatcher,185.4,185.0,193.0,Switch,1984-09-14,http://ufcstats.com/fighter-details/8be158ca1e5ea6a0
Alexa Grasso,Alexa,Grasso,,165.1,125.0,167.6,Orthodox,1993-08-09,http://ufcstats.com/fighter-details/e8b731feff72294b
Tony Gravely,Tony,Gravely,,165.1,135.0,175.3,Orthodox,1991-09-28,http://ufcstats.com/fighter-details/601964f9654f911a
Michael Graves,Michael,Graves,,177.8,170.0,180.3,Orthodox,1991-01-08,http://ufcstats.com/fighter-details/3f1d23b01c552a13
Shelton Graves,Shelton,Graves,The Gravedigger,188.0,255.0,193.0,Southpaw,1985-10-23,http://ufcstats.com/fighter-details/642862d6d63605cd
James Gray,James,Gray,The Phenom,175.3,135.0,,Orthodox,1987-10-25,http://ufcstats.com/fighter-details/2db65fc038c0018e
Kevin Gray,Kevin,Gray,Pocket Herc,162.6,125.0,170.2,Orthodox,1985-05-03,http://ufcstats.com/fighter-details/bb0d290026d7681d
Sam Greco,Sam,Greco,,188.0,205.0,,Orthodox,1967-05-03,http://ufcstats.com/fighter-details/6d12031661db8ac8
King Green,King,Green,,177.8,155.0,180.3,Orthodox,1986-09-09,http://ufcstats.com/fighter-details/887961364be5ceb3
Desmond Green,Desmond,Green,The Predator,177.8,155.0,185.4,Southpaw,1989-10-11,http://ufcstats.com/fighter-details/f046d724d2a84ac5
Gabe Green,Gabe,Green,Gifted,177.8,155.0,185.4,Switch,1993-05-02,http://ufcstats.com/fighter-details/5eb50529a8418b77
Maurice Greene,Maurice,Greene,The Crochet Boss,200.7,258.0,203.2,Orthodox,1986-07-05,http://ufcstats.com/fighter-details/068f8a189a47fea6
Matt Grice,Matt,Grice,The Real One,172.7,145.0,177.8,Orthodox,1981-07-29,http://ufcstats.com/fighter-details/bfc2fc38a0e20211
Forrest Griffin,Forrest,Griffin,,190.5,205.0,195.6,Orthodox,1979-03-16,http://ufcstats.com/fighter-details/fcffee71cff5530e
Tyson Griffin,Tyson,Griffin,,167.6,145.0,172.7,Orthodox,1984-04-20,http://ufcstats.com/fighter-details/20205040232ed0f3
Max Griffin,Max,Griffin,Pain,180.3,170.0,193.0,Orthodox,1985-11-29,http://ufcstats.com/fighter-details/b0d6a1d8ac3d563d
Jordan Griffin,Jordan,Griffin,Native Psycho,177.8,145.0,185.4,Southpaw,1990-02-28,http://ufcstats.com/fighter-details/ebef46976554f975
Chad Griggs,Chad,Griggs,The Grave Digger,185.4,205.0,185.4,Orthodox,1978-05-15,http://ufcstats.com/fighter-details/fdf18227faa596dd
Charalampos Grigoriou,Charalampos,Grigoriou,Ferocious,170.2,135.0,170.2,Orthodox,1992-03-31,http://ufcstats.com/fighter-details/68b8ebdfce9dbb61
Chuck Grigsby,Chuck,Grigsby,The Reverend,198.1,205.0,,Orthodox,,http://ufcstats.com/fighter-details/7fb4234670271505
Rodrigo Gripp de Sousa,Rodrigo,Gripp de Sousa,Riscado,180.3,205.0,,Orthodox,,http://ufcstats.com/fighter-details/dde70a112e053a6c
Maxim Grishin,Maxim,Grishin,Maximus,190.5,205.0,198.1,Orthodox,1984-05-02,http://ufcstats.com/fighter-details/950d0ef5c17157c5
Josh Grispi,Josh,Grispi,The Fluke,180.3,145.0,188.0,Orthodox,1988-10-14,http://ufcstats.com/fighter-details/60ba33c3f555a7a3
Garrett Gross,Garrett,Gross,,175.3,155.0,,Orthodox,1988-08-08,http://ufcstats.com/fighter-details/6741218640534d8b
Kendall Grove,Kendall,Grove,Da Spyder,198.1,185.0,200.7,Orthodox,1982-11-12,http://ufcstats.com/fighter-details/234f3767ff0e5701
Neil Grove,Neil,Grove,Goliath,198.1,265.0,,Orthodox,1971-01-18,http://ufcstats.com/fighter-details/36a432f22144843e
Chris Gruetzemacher,Chris,Gruetzemacher,Gritz,172.7,155.0,172.7,Orthodox,1986-06-16,http://ufcstats.com/fighter-details/feaf00f3373435d6
Vik Grujic,Vik,Grujic,The Spartan,180.3,170.0,185.4,Orthodox,1977-02-06,http://ufcstats.com/fighter-details/1e7483dbff40b84b
Mike Grundy,Mike,Grundy,,170.2,145.0,182.9,Orthodox,1987-01-03,http://ufcstats.com/fighter-details/56fcb2c4d99f9d1b
Wang Guan,Wang,Guan,The Dongbei Tiger,175.3,145.0,180.3,Orthodox,1986-03-14,http://ufcstats.com/fighter-details/dd12382f28296f7b
Anthony Guarascio,Anthony,Guarascio,The Daywalker,188.0,233.0,182.9,Orthodox,1994-02-26,http://ufcstats.com/fighter-details/dc052ab64be66e1d
Piero Guaylupo,Piero,Guaylupo,El Lobo,,155.0,,,2004-10-29,http://ufcstats.com/fighter-details/b4e8867d60ef0e69
Nandor Guelmino,Nandor,Guelmino,The Hun,190.5,230.0,,,1975-12-20,http://ufcstats.com/fighter-details/1abfb658cd4f8533
Fabricio Guerreiro,Fabricio,Guerreiro,,177.8,145.0,,,1990-07-24,http://ufcstats.com/fighter-details/2963369e327e1979
Rainn Guerrero,Rainn,Guerrero,Purple Rainn,167.6,125.0,165.1,Orthodox,1992-05-13,http://ufcstats.com/fighter-details/8300a47f6fd6fe4f
Shannon Gugerty,Shannon,Gugerty,,177.8,155.0,180.3,Orthodox,1981-12-30,http://ufcstats.com/fighter-details/9f1641c08cf8fbe2
Noah Gugnon,Noah,Gugnon,,,155.0,,,2000-10-18,http://ufcstats.com/fighter-details/6266abf6e4245c72
Clay Guida,Clay,Guida,The Carpenter,170.2,155.0,177.8,Orthodox,1981-12-08,http://ufcstats.com/fighter-details/c47df9303d318c67
Jason Guida,Jason,Guida,,177.8,214.0,,,1977-08-04,http://ufcstats.com/fighter-details/ce25b4ed82b1811b
Melvin Guillard,Melvin,Guillard,The Young Assassin,175.3,155.0,180.3,Orthodox,1983-03-30,http://ufcstats.com/fighter-details/ccd1299e0345e0ce
Chris Guillen,Chris,Guillen,,182.9,240.0,,Orthodox,1972-12-09,http://ufcstats.com/fighter-details/da0f33e4255f99eb
Hugo Guillon,Hugo,Guillon,,,185.0,,,1997-04-12,http://ufcstats.com/fighter-details/aabf33d691f64d61
Marcelo Guimaraes,Marcelo,Guimaraes,Magrao,182.9,185.0,185.4,Orthodox,1983-06-25,http://ufcstats.com/fighter-details/0c9c0a43d3f3f49d
Leonardo Guimaraes,Leonardo,Guimaraes,Leleco,182.9,185.0,,Orthodox,1982-04-15,http://ufcstats.com/fighter-details/cc98d857b148e33a
Brad Gumm,Brad,Gumm,,180.3,170.0,,Orthodox,,http://ufcstats.com/fighter-details/4d74641fac830182
John Gunderson,John,Gunderson,Quick Guns,175.3,155.0,175.3,Orthodox,1979-01-05,http://ufcstats.com/fighter-details/a0c139b34f11421a
John Gunther,John,Gunther,The Machine,175.3,155.0,182.9,Orthodox,1985-11-24,http://ufcstats.com/fighter-details/3956bdc8ab2e54b3
Jorge Gurgel,Jorge,Gurgel,,170.2,155.0,175.3,Orthodox,1977-01-25,http://ufcstats.com/fighter-details/04d5718ed2661e8c
Fabio Gurgel,Fabio,Gurgel,,182.9,205.0,,Orthodox,,http://ufcstats.com/fighter-details/8377c5572cb356f3
Luis Gurule,Luis,Gurule,Grim,165.1,125.0,162.6,Orthodox,1993-11-16,http://ufcstats.com/fighter-details/29162be25ebef5f0
Bogdan Guskov,Bogdan,Guskov,Hitman,190.5,205.0,193.0,Orthodox,1992-09-12,http://ufcstats.com/fighter-details/ef5dcb10d2bd4b0f
Gugun Gusman,Gugun,Gusman,The Tiger,170.2,135.0,172.7,Orthodox,1990-03-03,http://ufcstats.com/fighter-details/e34e3b1fffa13a6a
Andre Gusmao,Andre,Gusmao,,182.9,205.0,,Orthodox,1977-05-19,http://ufcstats.com/fighter-details/cc300e9aa3063431
Alexander Gustafsson,Alexander,Gustafsson,The Mauler,195.6,205.0,200.7,Orthodox,1987-01-15,http://ufcstats.com/fighter-details/3c6976f8182d9527
Andreas Gustafsson,Andreas,Gustafsson,Bane,185.4,170.0,185.4,Orthodox,1991-02-20,http://ufcstats.com/fighter-details/2caf993f53541fa1
Justin Guthrie,Justin,Guthrie,,185.4,170.0,,,1981-01-19,http://ufcstats.com/fighter-details/a789defa9086da46
Horacio Gutierrez,Horacio,Gutierrez,The Punisher,177.8,145.0,,,1990-09-15,http://ufcstats.com/fighter-details/cd85b48dc880fabd
Chris Gutierrez,Chris,Gutierrez,El Guapo,175.3,135.0,170.2,Orthodox,1991-04-22,http://ufcstats.com/fighter-details/45f0cc9d18f35137
Mando Gutierrez,Mando,Gutierrez,El Toro,167.6,135.0,177.8,Southpaw,1997-02-24,http://ufcstats.com/fighter-details/5f33ae0620e050c5
Mike Guymon,Mike,Guymon,The Joker,182.9,170.0,188.0,Orthodox,1974-09-17,http://ufcstats.com/fighter-details/eaea0fc7b76525a8
Chelsea Hackett,Chelsea,Hackett,Hammer,162.6,125.0,167.6,Switch,1998-08-16,http://ufcstats.com/fighter-details/184b7a36d50dcc5e
Keith Hackney,Keith,Hackney,The Giant Killer,180.3,200.0,,Sideways,,http://ufcstats.com/fighter-details/bf12aca029bfcc47
Cody Haddon,Cody,Haddon,,170.2,135.0,175.3,Orthodox,1998-09-08,http://ufcstats.com/fighter-details/8e6654e9f0461b8f
Jake Hadley,Jake,Hadley,White Kong,170.2,135.0,177.8,Southpaw,1996-08-03,http://ufcstats.com/fighter-details/60a42bf82447c919
Steve Hadsel,Steve,Hadsel,,172.7,170.0,,,,http://ufcstats.com/fighter-details/99793cf88c5adeee
Damir Hadzovic,Damir,Hadzovic,The Bosnian Bomber,175.3,155.0,177.8,Orthodox,1986-08-08,http://ufcstats.com/fighter-details/38c626ca912c7bac
Bassil Hafez,Bassil,Hafez,The Habibi,180.3,170.0,182.9,Orthodox,1992-01-31,http://ufcstats.com/fighter-details/f4d92416da98804b
Tim Hague,Tim,Hague,The Trashing Machine,193.0,260.0,193.0,Orthodox,1983-05-09,http://ufcstats.com/fighter-details/219a254e15d60135
Theo Haig,Theo,Haig,,188.0,185.0,195.6,Orthodox,1996-08-23,http://ufcstats.com/fighter-details/8a213af406eb2dd4
Yazan Hajeh,Yazan,Hajeh,Yazzle Dazzle,175.3,145.0,,Orthodox,1992-09-04,http://ufcstats.com/fighter-details/4955c524c2a71469
Stoney Hale,Stoney,Hale,The Skuller,182.9,,,,1979-10-18,http://ufcstats.com/fighter-details/206a7d47eb62170e
Kevin Haley,Kevin,Haley,The North Woods Nightmare,188.0,205.0,,,,http://ufcstats.com/fighter-details/439d4bbefd4e6940
Mark Hall,Mark,Hall,,182.9,190.0,,Orthodox,,http://ufcstats.com/fighter-details/18524b46c570730b
Uriah Hall,Uriah,Hall,Prime Time,182.9,185.0,200.7,Orthodox,1984-07-31,http://ufcstats.com/fighter-details/65578a75fa7900e3
Ryan Hall,Ryan,Hall,The Wizard,177.8,145.0,177.8,Southpaw,1985-02-22,http://ufcstats.com/fighter-details/8866c6f509c19089
Dennis Hallman,Dennis,Hallman,Superman,175.3,155.0,182.9,Orthodox,1975-12-02,http://ufcstats.com/fighter-details/8a8a84b743ae7699
Piotr Hallmann,Piotr,Hallmann,Pletwal,175.3,155.0,180.3,Orthodox,1987-08-25,http://ufcstats.com/fighter-details/a3be148af5c7b088
Tony Halme,Tony,Halme,,190.5,300.0,,Orthodox,1963-01-06,http://ufcstats.com/fighter-details/bad28b7b34f334de
Brandon Halsey,Brandon,Halsey,Bull,182.9,185.0,,,1986-09-16,http://ufcstats.com/fighter-details/e763679f15326ae1
John Halverson,John,Halverson,The Hurricane,175.3,155.0,,Southpaw,1972-09-08,http://ufcstats.com/fighter-details/88c8f47241d90040
Seo Hee Ham,Seo Hee,Ham,,157.5,115.0,157.5,Southpaw,1987-03-08,http://ufcstats.com/fighter-details/165c244bcca3ed26
Frank Hamaker,Frank,Hamaker,,,,,,,http://ufcstats.com/fighter-details/c3c23c99477c041b
Kazuhiro Hamanaka,Kazuhiro,Hamanaka,,182.9,185.0,,Southpaw,1978-10-24,http://ufcstats.com/fighter-details/1b4d6971bb18b82c
Rami Hamed,Rami,Hamed,,185.4,170.0,180.3,Orthodox,1991-04-25,http://ufcstats.com/fighter-details/a59017211b775b5d
Matt Hamill,Matt,Hamill,The Hammer,185.4,205.0,193.0,Orthodox,1976-10-05,http://ufcstats.com/fighter-details/98b80a717b9bda17
Jeremy Hamilton,Jeremy,Hamilton,Hawk,,185.0,,,1984-11-14,http://ufcstats.com/fighter-details/7ada6ea792a34424
Anthony Hamilton,Anthony,Hamilton,Freight Train,195.6,260.0,193.0,Orthodox,1980-04-14,http://ufcstats.com/fighter-details/c727c7d31c50c4cf
CJ Hamilton,CJ,Hamilton,The Autobot,170.2,125.0,172.7,Switch,1986-10-07,http://ufcstats.com/fighter-details/7da5839b223f3728
Jared Hamman,Jared,Hamman,The Messenger,190.5,185.0,190.5,Orthodox,1982-03-07,http://ufcstats.com/fighter-details/23459ee7e373b98f
James Hammortree,James,Hammortree,The Sledge,190.5,185.0,,Orthodox,1983-11-29,http://ufcstats.com/fighter-details/1f77fce698e80488
Dean Hancock,Dean,Hancock,The Hammer,,155.0,,,,http://ufcstats.com/fighter-details/24e9d6b0a24cff9d
Chad Hanekom,Chad,Hanekom,Superman,193.0,185.0,188.0,Orthodox,1990-04-20,http://ufcstats.com/fighter-details/98533a2738124a0d
Joachim Hansen,Joachim,Hansen,Hellboy,170.2,150.0,,Southpaw,1979-05-26,http://ufcstats.com/fighter-details/86e388ed20761ad9
Kay Hansen,Kay,Hansen,,157.5,115.0,160.0,Orthodox,1999-08-14,http://ufcstats.com/fighter-details/4100c7a09497ad41
Nasrat Haqparast,Nasrat,Haqparast,,177.8,155.0,182.9,Southpaw,1995-08-22,http://ufcstats.com/fighter-details/b7b84ccd221be298
Shin Haraguchi,Shin,Haraguchi,,165.1,145.0,172.7,Switch,1998-11-27,http://ufcstats.com/fighter-details/05b17ae24e6bba81
Janay Harding,Janay,Harding,Hollowpoint,,135.0,,,,http://ufcstats.com/fighter-details/b9c3ee342eb72100
Antoni Hardonk,Antoni,Hardonk,,193.0,245.0,198.1,Orthodox,1976-02-05,http://ufcstats.com/fighter-details/69b69c0178c4004d
George Hardwick,George,Hardwick,King,177.8,155.0,182.9,Orthodox,1996-12-06,http://ufcstats.com/fighter-details/f55a6807b6bb853d
Harry Hardwick,Harry,Hardwick,Houdini,172.7,155.0,180.3,Switch,1994-09-29,http://ufcstats.com/fighter-details/2dbc60c52de126d8
Dan Hardy,Dan,Hardy,The Outlaw,182.9,170.0,188.0,Orthodox,1982-05-17,http://ufcstats.com/fighter-details/473ce3aa581251a2
Veronica Hardy,Veronica,Hardy,,162.6,125.0,162.6,Southpaw,1995-10-30,http://ufcstats.com/fighter-details/4798e823ada58fe9
Greg Hardy,Greg,Hardy,Prince of War,195.6,265.0,203.2,Orthodox,1988-07-28,http://ufcstats.com/fighter-details/85073dbd1be65ed9
Tobias Harila,Tobias,Harila,Bad Intention,,,,,1994-01-13,http://ufcstats.com/fighter-details/4d1e92b61bcef308
Baru Harn,Baru,Harn,Seiryu,,265.0,,,,http://ufcstats.com/fighter-details/848809f3986b4977
Scott Harper,Scott,Harper,,182.9,185.0,,Orthodox,1972-04-14,http://ufcstats.com/fighter-details/14a433bccba87016
Josiah Harrell,Josiah,Harrell,The Muscle Hamster,170.2,170.0,172.7,Southpaw,1998-11-13,http://ufcstats.com/fighter-details/e5864a42c80294f6
Gerry Harris,Gerry,Harris,,203.2,270.0,,Orthodox,,http://ufcstats.com/fighter-details/30cd319d39ee689b
Gerald Harris,Gerald,Harris,,180.3,185.0,195.6,Southpaw,1979-11-19,http://ufcstats.com/fighter-details/c4b81cdecd5d6abe
Phil Harris,Phil,Harris,Billy,162.6,125.0,165.1,Orthodox,1983-09-04,http://ufcstats.com/fighter-details/ba043b03eb799063
Walt Harris,Walt,Harris,The Big Ticket,195.6,250.0,195.6,Southpaw,1983-06-10,http://ufcstats.com/fighter-details/03f982ca3735070c
Dhafir Harris,Dhafir,Harris,Dada 5000,,257.0,,,1977-08-04,http://ufcstats.com/fighter-details/0e96af5220d27ed4
Trevor Harris,Trevor,Harris,,167.6,145.0,,,,http://ufcstats.com/fighter-details/0e98b05d3cf6d271
Carlston Harris,Carlston,Harris,Mocambique,182.9,170.0,193.0,Orthodox,1987-07-09,http://ufcstats.com/fighter-details/a53d30163304aa6e
RJ Harris,RJ,Harris,The Hammer,,258.0,,Orthodox,1998-10-01,http://ufcstats.com/fighter-details/e03187ec8b5b6abc
Kayla Harrison,Kayla,Harrison,,172.7,135.0,167.6,Southpaw,1990-07-02,http://ufcstats.com/fighter-details/1af1170ed937cba7
Collin Hart,Collin,Hart,,185.4,185.0,,Orthodox,1989-10-12,http://ufcstats.com/fighter-details/16bf6a73bdd302cd
Joey Hart,Joey,Hart,The Hitman,190.5,170.0,200.7,Orthodox,1997-06-24,http://ufcstats.com/fighter-details/6412da484125716b
Dale Hartt,Dale,Hartt,,177.8,155.0,175.3,Orthodox,1979-04-04,http://ufcstats.com/fighter-details/058e4e08a1ad8aba
Luke Hartwig,Luke,Hartwig,,,,,,,http://ufcstats.com/fighter-details/34f3869747bf8fa9
Clay Harvison,Clay,Harvison,Bushwacker,185.4,170.0,188.0,Orthodox,1980-09-25,http://ufcstats.com/fighter-details/83a477a7dba1ca58
Bilal Hasan,Bilal,Hasan,,,125.0,,,2001-07-16,http://ufcstats.com/fighter-details/5182316da3c1d891
Farman Hasanov,Farman,Hasanov,The Lion,,170.0,,,1995-08-01,http://ufcstats.com/fighter-details/c88f8a9c1ea7165d
Hidehiko Hasegawa,Hidehiko,Hasegawa,,175.3,170.0,,,1978-07-13,http://ufcstats.com/fighter-details/2a2eeee20ef049cf
Chris Haseman,Chris,Haseman,The Hammer,180.3,205.0,,Orthodox,1969-06-02,http://ufcstats.com/fighter-details/5bd533d50c8e7b8a
Takayo Hashi,Takayo,Hashi,,162.6,135.0,,Orthodox,1977-10-02,http://ufcstats.com/fighter-details/ae4343d29c68e9d0
Tomohiko Hashimoto,Tomohiko,Hashimoto,,182.9,250.0,,Orthodox,,http://ufcstats.com/fighter-details/a890f9a791ed615d
Justin Haskins,Justin,Haskins,,177.8,170.0,,Orthodox,1979-08-30,http://ufcstats.com/fighter-details/77940e45bc86208e
Hayder Hassan,Hayder,Hassan,Hulk,177.8,170.0,,,1982-10-20,http://ufcstats.com/fighter-details/cf615eb4b7862c76
Ahmad Hassanzada,Ahmad,Hassanzada,Lion of the Ring,185.4,155.0,190.5,Orthodox,1996-11-20,http://ufcstats.com/fighter-details/bf7a64d9ae343e86
Daiki Hata,Daiki,Hata,DJ Taiki,167.6,139.0,,Orthodox,1982-08-24,http://ufcstats.com/fighter-details/c76ceda100ac0fad
John Hathaway,John,Hathaway,The Hitman,185.4,170.0,190.5,Orthodox,1987-07-23,http://ufcstats.com/fighter-details/28f3c2258a1d8874
Phil Hawes,Phil,Hawes,No Hype,182.9,185.0,195.6,Orthodox,1989-01-08,http://ufcstats.com/fighter-details/547afe1017e72dbe
Justin Hawes,Justin,Hawes,The Hawk,180.3,205.0,,,1979-01-13,http://ufcstats.com/fighter-details/5c7fc58e782b6842
Chris Hawk,Chris,Hawk,,185.4,205.0,,,,http://ufcstats.com/fighter-details/9460c867aae1987e
Del Hawkins,Del,Hawkins,The Filipino Delight,165.1,135.0,,Orthodox,,http://ufcstats.com/fighter-details/885e7f70dcac0007
Tommy Hayden,Tommy,Hayden,Wild Card,175.3,145.0,,Southpaw,1986-03-11,http://ufcstats.com/fighter-details/0871254cd790c250
Mike Hayes,Mike,Hayes,,193.0,230.0,,Orthodox,,http://ufcstats.com/fighter-details/0cfbbfa0ba6d9855
Ryan Hayes,Ryan,Hayes,,,,,,,http://ufcstats.com/fighter-details/a620638435de0628
Gerric Hayes,Gerric,Hayes,,177.8,,,,,http://ufcstats.com/fighter-details/7d6a3546c988cdc0
Josh Haynes,Josh,Haynes,Bring the Pain,175.3,170.0,,Orthodox,1977-07-30,http://ufcstats.com/fighter-details/6ef58dabef8beb15
Dustin Hazelett,Dustin,Hazelett,McLovin,185.4,170.0,193.0,Orthodox,1986-04-29,http://ufcstats.com/fighter-details/a149d6bc670cdb60
James Head,James,Head,,185.4,170.0,185.4,Orthodox,1984-02-09,http://ufcstats.com/fighter-details/19a8cce18a1cef9e
Pat Healy,Pat,Healy,Bam Bam,182.9,155.0,182.9,Orthodox,1983-07-20,http://ufcstats.com/fighter-details/50d2f0018bcf9eef
Ryan Healy,Ryan,Healy,The Irish Assassin,185.4,155.0,,Orthodox,1983-07-20,http://ufcstats.com/fighter-details/f3eb664db7fb1df3
Spencer Hearns,Spencer,Hearns,,180.3,185.0,,,,http://ufcstats.com/fighter-details/d85cf12439945941
David Heath,David,Heath,,180.3,205.0,182.9,Orthodox,1976-02-10,http://ufcstats.com/fighter-details/4f95f74620a6b7a4
Chris Heatherly,Chris,Heatherly,Stump,175.3,155.0,,Orthodox,1987-11-24,http://ufcstats.com/fighter-details/bad8be5827ea1bf1
Jake Hecht,Jake,Hecht,Hitman,182.9,170.0,185.4,Orthodox,1984-02-09,http://ufcstats.com/fighter-details/e57fdbea1b828202
Donavon Hedrick,Donavon,Hedrick,,,185.0,,Orthodox,1997-03-21,http://ufcstats.com/fighter-details/1004099ab87faa8d
Nick Hein,Nick,Hein,Sergeant,167.6,155.0,167.6,Southpaw,1984-04-24,http://ufcstats.com/fighter-details/2816ced060a21be3
Ian Heinisch,Ian,Heinisch,The Hurricane,180.3,185.0,182.9,Orthodox,1988-08-05,http://ufcstats.com/fighter-details/2e585c701f72fe55
Marcin Held,Marcin,Held,,175.3,155.0,180.3,Orthodox,1992-01-18,http://ufcstats.com/fighter-details/bf43fed8f29e1671
Delson Heleno,Delson,Heleno,Pe De Chumbo,180.3,185.0,,Orthodox,1977-11-16,http://ufcstats.com/fighter-details/970beed85bc46b63
Matt Helm,Matt,Helm,,,155.0,,,,http://ufcstats.com/fighter-details/cacfd51b8e97ace0
Elisha Helsper,Elisha,Helsper,Knuckles,167.6,135.0,,Orthodox,1983-02-06,http://ufcstats.com/fighter-details/0971be7d94e109e1
Dan Henderson,Dan,Henderson,Hendo,180.3,185.0,188.0,Orthodox,1970-08-24,http://ufcstats.com/fighter-details/1ccf4e7caff270df
Benson Henderson,Benson,Henderson,Smooth,175.3,170.0,177.8,Southpaw,1983-11-16,http://ufcstats.com/fighter-details/2676b28836a5a836
Ron Henderson,Ron,Henderson,,177.8,125.0,,,,http://ufcstats.com/fighter-details/498f0d066396ec59
Josh Hendricks,Josh,Hendricks,,188.0,235.0,,Southpaw,1976-08-28,http://ufcstats.com/fighter-details/7649c4c95b824488
Johny Hendricks,Johny,Hendricks,Bigg Rigg,175.3,185.0,175.3,Southpaw,1983-09-12,http://ufcstats.com/fighter-details/0941df56f6ac954b
Cory Hendricks,Cory,Hendricks,,190.5,205.0,,Switch,1988-05-10,http://ufcstats.com/fighter-details/9ab9912e0f8fa6d6
Luis Henrique,Luis,Henrique,KLB,188.0,243.0,188.0,Orthodox,1993-08-21,http://ufcstats.com/fighter-details/e5bda12faabfc850
Paulo Henrique,Paulo,Henrique,PH,170.2,125.0,175.3,,2002-07-03,http://ufcstats.com/fighter-details/3fe8ad7e1594537a
Diego Henrique da Silva,Diego,Henrique da Silva,Gaucho,188.0,185.0,,Orthodox,1986-08-22,http://ufcstats.com/fighter-details/1649770c649db6a5
Danny Henry,Danny,Henry,The Hatchet,182.9,145.0,185.4,Orthodox,1988-07-17,http://ufcstats.com/fighter-details/f7d73e452b064bf2
Victor Henry,Victor,Henry,La Mangosta,170.2,135.0,172.7,Switch,1987-05-04,http://ufcstats.com/fighter-details/eb8d8c2a95cfccb8
TJ Hepburn,TJ,Hepburn,The Carnivore,170.2,155.0,,,,http://ufcstats.com/fighter-details/e1acbb6352ca3551
Jai Herbert,Jai,Herbert,Black Country Banger,185.4,155.0,195.6,Orthodox,1988-05-13,http://ufcstats.com/fighter-details/4c88a1db5a46c6a4
Ed Herman,Ed,Herman,Short Fuse,185.4,205.0,195.6,Orthodox,1980-10-02,http://ufcstats.com/fighter-details/06f36cf4bd97ec77
Dave Herman,Dave,Herman,,193.0,242.0,195.6,Orthodox,1984-10-03,http://ufcstats.com/fighter-details/cbd6f1abf955e628
Jack Hermansson,Jack,Hermansson,The Joker,185.4,185.0,195.6,Orthodox,1988-06-10,http://ufcstats.com/fighter-details/0a1942069c9ad6b6
Noe Hernandez,Noe,Hernandez,,,,,Orthodox,,http://ufcstats.com/fighter-details/df2cf66d8c0123db
Joe Hernandez,Joe,Hernandez,,,,,,,http://ufcstats.com/fighter-details/4a76daef28549957
Ramiro Hernandez,Ramiro,Hernandez,Junior,175.3,135.0,,Orthodox,1986-07-22,http://ufcstats.com/fighter-details/915c8d39d4a0e7d1
Alexander Hernandez,Alexander,Hernandez,El Gran Chango,175.3,155.0,182.9,Orthodox,1992-10-01,http://ufcstats.com/fighter-details/262a7d06203657e6
Anthony Hernandez,Anthony,Hernandez,Fluffy,182.9,185.0,190.5,Orthodox,1993-10-18,http://ufcstats.com/fighter-details/093e1f5bb73850be
Nohelin Hernandez,Nohelin,Hernandez,Suave,177.8,135.0,180.3,Orthodox,1994-03-01,http://ufcstats.com/fighter-details/f97c5433c77522d3
Carlos Hernandez,Carlos,Hernandez,,172.7,125.0,170.2,Orthodox,1993-10-25,http://ufcstats.com/fighter-details/798e48f9e7f6ba22
Leslie Hernandez,Leslie,Hernandez,Dora The Destroyer,160.0,115.0,162.6,Orthodox,1997-12-29,http://ufcstats.com/fighter-details/fc8610cc15674ae2
Luis Hernandez,Luis,Hernandez,The Stache,,185.0,,,1996-08-22,http://ufcstats.com/fighter-details/5dad1e8a516e6477
Paul Herrera,Paul,Herrera,The Bone Crusher,177.8,185.0,,Orthodox,,http://ufcstats.com/fighter-details/440c9dbab63528fb
Chris Herrera,Chris,Herrera,The Crusher,177.8,185.0,,,,http://ufcstats.com/fighter-details/f71028a6e5128856
Geane Herrera,Geane,Herrera,La Pulga,165.1,125.0,167.6,Orthodox,1990-05-27,http://ufcstats.com/fighter-details/c169545ab0825f44
Alvaro Herrera Mendoza,Alvaro,Herrera Mendoza,Chango,182.9,155.0,188.0,Orthodox,1990-05-14,http://ufcstats.com/fighter-details/74d35fbc9c6a61bd
Felice Herrig,Felice,Herrig,Lil Bulldog,162.6,115.0,165.1,Orthodox,1984-09-18,http://ufcstats.com/fighter-details/b6850671a008bf9a
Heath Herring,Heath,Herring,The Texas Crazy Horse,193.0,250.0,198.1,Orthodox,1978-03-02,http://ufcstats.com/fighter-details/7450525c7ba032a0
Jon Hess,Jon,Hess,,200.7,295.0,,,,http://ufcstats.com/fighter-details/32a3025d5db456ae
Clint Hester,Clint,Hester,Headbussa,188.0,205.0,195.6,Orthodox,1986-11-21,http://ufcstats.com/fighter-details/92b62174c175ce19
Brandon Hester,Brandon,Hester,The Beast,185.4,205.0,,,,http://ufcstats.com/fighter-details/13150cf89a5b81e0
Jimy Hettes,Jimy,Hettes,The Kid,175.3,145.0,180.3,Southpaw,1987-06-09,http://ufcstats.com/fighter-details/893d51aaf024eddd
Conor Heun,Conor,Heun,Hurricane,177.8,155.0,,Orthodox,1979-02-11,http://ufcstats.com/fighter-details/fdb02029556ff4ed
Marcus Hicks,Marcus,Hicks,The Wrecking Ball,167.6,155.0,162.6,Southpaw,1975-11-25,http://ufcstats.com/fighter-details/e69c5ce12f4e762b
Jay Hieron,Jay,Hieron,The Thoroughbred,182.9,170.0,190.5,Orthodox,1976-07-29,http://ufcstats.com/fighter-details/5bb0a618ad03ac64
Brady Hiestand,Brady,Hiestand,Bam Bam,172.7,135.0,180.3,Orthodox,1999-04-30,http://ufcstats.com/fighter-details/7af33fc4435017f1
Lee Higgins,Lee,Higgins,,,155.0,,,1980-07-14,http://ufcstats.com/fighter-details/88432fe79d5091d9
Jason High,Jason,High,The Kansas City Bandit,172.7,155.0,185.4,Southpaw,1981-10-12,http://ufcstats.com/fighter-details/e5d03e4d966126bd
Richie Hightower,Richie,Hightower,The Dirty Samurai,172.7,170.0,,Orthodox,1974-11-26,http://ufcstats.com/fighter-details/318e629d1eb7aa49
Alex Higley,Alex,Higley,,177.8,145.0,,,,http://ufcstats.com/fighter-details/2af2d675f7d847e3
Corey Hill,Corey,Hill,,193.0,155.0,203.2,Orthodox,1978-10-03,http://ufcstats.com/fighter-details/abbc737317f66b81
Isaiah Hill,Isaiah,Hill,,177.8,155.0,,,,http://ufcstats.com/fighter-details/86b30a86664cb6e4
Angela Hill,Angela,Hill,Overkill,160.0,115.0,162.6,Orthodox,1985-01-12,http://ufcstats.com/fighter-details/f0feeb2192937424
Tyler Hill,Tyler,Hill,,190.5,170.0,,Switch,1991-08-10,http://ufcstats.com/fighter-details/006efbb0c1621fd7
Jamahal Hill,Jamahal,Hill,Sweet Dreams,193.0,205.0,200.7,Southpaw,1991-05-19,http://ufcstats.com/fighter-details/5444c5a201d3ee5a
Kailan Hill,Kailan,Hill,,185.4,185.0,195.6,Southpaw,1994-12-01,http://ufcstats.com/fighter-details/bc7efc037c5f6550
Alvin Hines,Alvin,Hines,Goozie,188.0,265.0,188.0,Orthodox,1991-10-20,http://ufcstats.com/fighter-details/ab2a4b5e04dc5fe9
Branden Lee Hinkle,Branden Lee,Hinkle,The Iron Lion,190.5,235.0,,Orthodox,1973-07-29,http://ufcstats.com/fighter-details/06f0ffa6446c5b6d
Hatsu Hioki,Hatsu,Hioki,,180.3,145.0,185.4,Orthodox,1983-07-18,http://ufcstats.com/fighter-details/ef7fa30364cbe7f2
Alan Hiro,Alan,Hiro,Yamaniha,165.1,135.0,,Orthodox,1986-04-04,http://ufcstats.com/fighter-details/483b3170b3c05cf0
Kuniyoshi Hironaka,Kuniyoshi,Hironaka,,177.8,168.0,177.8,Orthodox,1976-06-17,http://ufcstats.com/fighter-details/9d4522df6fc49a47
Mizuto Hirota,Mizuto,Hirota,Pugnus,170.2,155.0,170.2,Orthodox,1981-05-05,http://ufcstats.com/fighter-details/35faad160d346839
Yuji Hisamatsu,Yuji,Hisamatsu,,177.8,185.0,,,1971-09-18,http://ufcstats.com/fighter-details/8332a607df696345
An Tuan Ho,An Tuan,Ho,Highlight,167.6,125.0,167.6,Switch,2000-09-27,http://ufcstats.com/fighter-details/6c9384138c82962f
Kwan Ho Kwak,Kwan,Ho Kwak,,165.1,135.0,,Switch,1989-06-18,http://ufcstats.com/fighter-details/c13042265355a290
Matt Hobar,Matt,Hobar,The Crowbar,177.8,135.0,177.8,Southpaw,1987-01-07,http://ufcstats.com/fighter-details/b57edace7b647f07
Bobby Hoffman,Bobby,Hoffman,The Truth,188.0,245.0,,Orthodox,1968-10-28,http://ufcstats.com/fighter-details/afaad7d6a581e307
Chris Hofmann,Chris,Hofmann,,182.9,170.0,182.9,Orthodox,1989-11-18,http://ufcstats.com/fighter-details/33fb306278dbb3e5
Sam Hoger,Sam,Hoger,The Alaskan Assassin,188.0,205.0,,Orthodox,1980-06-28,http://ufcstats.com/fighter-details/84a067c46306a737
Josh Hokit,Josh,Hokit,,185.4,238.0,185.4,Orthodox,1997-11-12,http://ufcstats.com/fighter-details/955da1675ad58a50
Andrew Holbrook,Andrew,Holbrook,,180.3,155.0,177.8,Southpaw,1986-02-06,http://ufcstats.com/fighter-details/66ab58d0b3783607
Sean Holden,Sean,Holden,,177.8,170.0,,,1984-09-17,http://ufcstats.com/fighter-details/acbb9c76f5894e36
Chris Holdsworth,Chris,Holdsworth,,180.3,135.0,,,1987-10-24,http://ufcstats.com/fighter-details/fc60ecf0671b9489
Kevin Holland,Kevin,Holland,Trailblazer,190.5,170.0,205.7,Orthodox,1992-11-05,http://ufcstats.com/fighter-details/3a46b268013afede
Roger Hollett,Roger,Hollett,The Hulk,180.3,205.0,,Orthodox,1978-10-08,http://ufcstats.com/fighter-details/27d65e9d0fba61ea
Max Holloway,Max,Holloway,Blessed,180.3,145.0,175.3,Orthodox,1991-12-04,http://ufcstats.com/fighter-details/150ff4cc642270b9
Gabrielle Holloway,Gabrielle,Holloway,Gabanator,160.0,145.0,,,1990-04-15,http://ufcstats.com/fighter-details/e30715382f42b772
Jeremie Holloway,Jeremie,Holloway,Hit Em,182.9,170.0,,,1984-09-29,http://ufcstats.com/fighter-details/ee28aa7f1043756c
Holly Holm,Holly,Holm,The Preacher's Daughter,172.7,135.0,175.3,Southpaw,1981-10-17,http://ufcstats.com/fighter-details/634e2fb70bde3fd5
Rex Holman,Rex,Holman,Big Dog,190.5,205.0,,Southpaw,,http://ufcstats.com/fighter-details/b5ea750025697880
Joseph Holmes,Joseph,Holmes,Uglyman Joe,193.0,185.0,203.2,Orthodox,1995-07-04,http://ufcstats.com/fighter-details/8d20d76af3f213ce
Brandon Holmes,Brandon,Holmes,,188.0,185.0,188.0,Orthodox,1997-02-05,http://ufcstats.com/fighter-details/f295d50c56339ab6
Kurt Holobaugh,Kurt,Holobaugh,The Hurt,180.3,155.0,177.8,Orthodox,1986-09-08,http://ufcstats.com/fighter-details/a7151778b3381036
Paddy Holohan,Paddy,Holohan,The Hooligan,177.8,125.0,175.3,Orthodox,1988-05-03,http://ufcstats.com/fighter-details/6e7c758f5cdec01a
Ben Holscher,Ben,Holscher,The Teacher,180.3,155.0,,,,http://ufcstats.com/fighter-details/6070f16bcfd89fcf
Mark Holst,Mark,Holst,Boots,182.9,155.0,,Orthodox,1985-08-14,http://ufcstats.com/fighter-details/c11f50e9c1513ce9
Scott Holtzman,Scott,Holtzman,Hot Sauce,175.3,155.0,175.3,Orthodox,1983-09-30,http://ufcstats.com/fighter-details/df1eb4354d18a906
Sabah Homasi,Sabah,Homasi,,182.9,170.0,182.9,Orthodox,1988-10-19,http://ufcstats.com/fighter-details/71f048adbfed5b49
Mark Hominick,Mark,Hominick,The Machine,172.7,145.0,172.7,Orthodox,1982-07-22,http://ufcstats.com/fighter-details/0a97691039c4bbfb
Barb Honchak,Barb,Honchak,Little Warrior,162.6,125.0,165.1,Orthodox,1979-08-30,http://ufcstats.com/fighter-details/472f6f6e6d962f40
Chris Honeycutt,Chris,Honeycutt,The Cutt,177.8,170.0,185.4,,1988-07-25,http://ufcstats.com/fighter-details/4d2e3320d815f687
JunYoung Hong,JunYoung,Hong,Drunken Red,175.3,145.0,175.3,Orthodox,1990-12-18,http://ufcstats.com/fighter-details/b24666e26bd750a3
SeongChan Hong,SeongChan,Hong,Honey Badger,170.2,155.0,175.3,Orthodox,1989-11-28,http://ufcstats.com/fighter-details/10d4575f497face4
Satoshi Honma,Satoshi,Honma,,185.4,205.0,,Orthodox,1968-05-19,http://ufcstats.com/fighter-details/d2b1c1317a39f6c6
David Hood,David,Hood,,182.9,200.0,,,,http://ufcstats.com/fighter-details/5af480a3b2e1726b
Lorenzo Hood,Lorenzo,Hood,Dream Killer,190.5,265.0,203.2,Southpaw,1989-03-02,http://ufcstats.com/fighter-details/7f9abc4db2d05764
Dan Hooker,Dan,Hooker,The Hangman,182.9,155.0,190.5,Switch,1990-02-13,http://ufcstats.com/fighter-details/193b9d1858bc4df3
Chase Hooper,Chase,Hooper,The Dream,185.4,155.0,188.0,Southpaw,1999-09-13,http://ufcstats.com/fighter-details/971246648e162f0d
Dakota Hope,Dakota,Hope,Huracan,,145.0,,,1997-01-29,http://ufcstats.com/fighter-details/6142edbd477d20c9
Darrell Horcher,Darrell,Horcher,The Saint,177.8,155.0,177.8,Southpaw,1987-07-28,http://ufcstats.com/fighter-details/18e8b7070228e728
Moti Horenstein,Moti,Horenstein,,193.0,230.0,,Orthodox,,http://ufcstats.com/fighter-details/baf942f4bcb09894
Yoshinori Horie,Yoshinori,Horie,,172.7,145.0,177.8,Orthodox,1995-05-10,http://ufcstats.com/fighter-details/3fa7688bfe48a493
Kyoji Horiguchi,Kyoji,Horiguchi,Karate Kid,165.1,125.0,167.6,Orthodox,1990-10-12,http://ufcstats.com/fighter-details/98aa60cf58071fd6
Yuma Horiuchi,Yuma,Horiuchi,Ichiban,167.6,125.0,170.2,Switch,1997-09-22,http://ufcstats.com/fighter-details/f6c1ce7cfd600662
Jeremy Horn,Jeremy,Horn,Gumby,185.4,185.0,188.0,Orthodox,1975-08-25,http://ufcstats.com/fighter-details/8d26912cd2aeb366
Matt Horning,Matt,Horning,Horndog,162.6,125.0,,,,http://ufcstats.com/fighter-details/21632ba272c0785a
Chris Horodecki,Chris,Horodecki,The Polish Hammer,175.3,155.0,175.3,Orthodox,1987-09-24,http://ufcstats.com/fighter-details/e29cf523ebd155c5
Jamey-Lyn Horth,Jamey-Lyn,Horth,,170.2,125.0,167.6,Orthodox,1990-03-30,http://ufcstats.com/fighter-details/5c637af9472ae7cc
Matt Horwich,Matt,Horwich,Suave,185.4,185.0,,Orthodox,1978-10-02,http://ufcstats.com/fighter-details/049d698d773eb3e1
John Hosman,John,Hosman,,177.8,135.0,,Southpaw,1980-11-13,http://ufcstats.com/fighter-details/57591bbf1623574e
Saeed Hosseini,Saeed,Hosseini,,,,,,,http://ufcstats.com/fighter-details/21f2974fd08085e3
Jeff Hougland,Jeff,Hougland,Hellbound,170.2,135.0,172.7,Orthodox,1978-08-02,http://ufcstats.com/fighter-details/97a8f39186f489db
Trey Houston,Trey,Houston,,180.3,185.0,,,,http://ufcstats.com/fighter-details/c6668eeb261588d3
Jamie Houston,Jamie,Houston,,,185.0,,,,http://ufcstats.com/fighter-details/4b1896310a907656
Brian Houston,Brian,Houston,B-Hue,188.0,185.0,,Orthodox,1981-04-26,http://ufcstats.com/fighter-details/36fbaa49a09ff997
Harold Howard,Harold,Howard,,188.0,240.0,,Orthodox,,http://ufcstats.com/fighter-details/a2b06ca02bca14c0
John Howard,John,Howard,Doomsday,170.2,170.0,182.9,Orthodox,1983-03-01,http://ufcstats.com/fighter-details/fc31f896cde2bc2e
Shane Howell,Shane,Howell,,172.7,125.0,,Orthodox,1983-11-28,http://ufcstats.com/fighter-details/a7de976620f2ed13
Hu Yaozong,Hu,Yaozong,Totoro,190.5,185.0,182.9,Orthodox,1995-04-07,http://ufcstats.com/fighter-details/f1175ea3aafbf351
Carlos Huachin,Carlos,Huachin,Perro Malo,162.6,135.0,170.2,Southpaw,1996-06-04,http://ufcstats.com/fighter-details/225def29ecfe0fc1
Brady Huang,Brady,Huang,The Kung Fu Warrior,175.3,135.0,175.3,Orthodox,1992-12-16,http://ufcstats.com/fighter-details/1ec1b6a7a29ffc71
Yuele Huang,Yuele,Huang,,,145.0,,,2000-07-04,http://ufcstats.com/fighter-details/1c8b9f4d89b92e1b
Huang Feier,Huang,Feier,Muscle Barbie,165.1,115.0,165.1,Orthodox,1994-03-12,http://ufcstats.com/fighter-details/e71c75f533a30daa
Austin Hubbard,Austin,Hubbard,Thud,177.8,155.0,180.3,Orthodox,1991-12-22,http://ufcstats.com/fighter-details/d2cd7a69cc55e7ed
Collin Huckbody,Collin,Huckbody,All In,190.5,185.0,193.0,Orthodox,1994-09-29,http://ufcstats.com/fighter-details/f372a848d250e006
Alex Huddleston,Alex,Huddleston,The Shaved Gorilla,200.7,254.0,,,1986-08-11,http://ufcstats.com/fighter-details/8b9197746bd3e005
Roger Huerta,Roger,Huerta,El Matador,175.3,155.0,177.8,Orthodox,1983-05-20,http://ufcstats.com/fighter-details/daf1b84aebd6602b
Casey Huffman,Casey,Huffman,Hellbent,190.5,185.0,,,,http://ufcstats.com/fighter-details/737d93a42b8c2e94
Matt Hughes,Matt,Hughes,,175.3,170.0,185.4,Switch,1973-10-13,http://ufcstats.com/fighter-details/621a6c59f88a44fe
Mark Hughes,Mark,Hughes,,175.3,205.0,,Southpaw,1973-10-13,http://ufcstats.com/fighter-details/d62bb4d84a7267ba
Jeff Hughes,Jeff,Hughes,Lights Out,188.0,250.0,195.6,Orthodox,1988-05-17,http://ufcstats.com/fighter-details/6a11e325aa60ad02
Sam Hughes,Sam,Hughes,Sampage,165.1,115.0,162.6,Orthodox,1992-06-28,http://ufcstats.com/fighter-details/e94085e821bd81de
Victor Hugo,Victor,Hugo,Striker,170.2,135.0,180.3,Orthodox,1992-11-22,http://ufcstats.com/fighter-details/f264ba50b007f39e
David Hulett,David,Hulett,Hollywood,177.8,170.0,,,1980-09-07,http://ufcstats.com/fighter-details/b0718335e9868cfd
Dominik Humburger,Dominik,Humburger,,,185.0,,,1996-01-03,http://ufcstats.com/fighter-details/e4cbc82c36e47299
Bryan Humes,Bryan,Humes,,,265.0,,,,http://ufcstats.com/fighter-details/b9c75e7fc910f587
Abongo Humphrey,Abongo,Humphrey,,180.3,205.0,,Orthodox,,http://ufcstats.com/fighter-details/cb1b4d237b0079e6
Ronald Humphrey,Ronald,Humphrey,,,170.0,,,2000-09-20,http://ufcstats.com/fighter-details/15e0d2df09025bda
Harry Hunsucker,Harry,Hunsucker,The Hurricane,188.0,205.0,190.5,Orthodox,1989-01-03,http://ufcstats.com/fighter-details/f703250471acaf96
Mark Hunt,Mark,Hunt,Super Samoan,177.8,265.0,182.9,Orthodox,1974-03-23,http://ufcstats.com/fighter-details/eef9b891edbd4604
Zevan Hunt,Zevan,Hunt,Cheese,,170.0,,,1998-12-08,http://ufcstats.com/fighter-details/da27d061bad0f341
Alex Hunter,Alex,Hunter,,175.3,226.0,,Orthodox,,http://ufcstats.com/fighter-details/baa5358456803df8
Adam Hunter,Adam,Hunter,Warhammer,185.4,185.0,,Orthodox,1983-10-16,http://ufcstats.com/fighter-details/edc9eb3051f444fa
Joe Hurley,Joe,Hurley,,172.7,155.0,,,1978-06-24,http://ufcstats.com/fighter-details/21b54430c8eeb9cc
Abdul Hussein,Abdul,Hussein,Abba,,135.0,,,1997-08-02,http://ufcstats.com/fighter-details/0e6bc8d1d6c0ad90
Solomon Hutcherson,Solomon,Hutcherson,King,180.3,185.0,,Southpaw,1972-08-31,http://ufcstats.com/fighter-details/155bfc7ed36622df
Young Hwang,Young,Hwang,,175.3,135.0,,,1988-09-02,http://ufcstats.com/fighter-details/8588d14c4952b9fa
In Su Hwang,In Su,Hwang,Legendary,180.3,185.0,188.0,Orthodox,1994-01-18,http://ufcstats.com/fighter-details/1c01d986283e6acb
Matty Iann,Matty,Iann,Ironside,,135.0,,,2000-10-26,http://ufcstats.com/fighter-details/031c06c8210e357c
Al Iaquinta,Al,Iaquinta,Raging,177.8,155.0,177.8,Orthodox,1987-04-30,http://ufcstats.com/fighter-details/59279a7c978f7da0
Khadis Ibragimov,Khadis,Ibragimov,,190.5,205.0,198.1,Orthodox,1995-05-21,http://ufcstats.com/fighter-details/c3218c810959d279
Minoki Ichihara,Minoki,Ichihara,,170.2,178.0,,Orthodox,,http://ufcstats.com/fighter-details/4565d435005319c0
Alibi Idiris,Alibi,Idiris,,167.6,125.0,172.7,Orthodox,1994-10-22,http://ufcstats.com/fighter-details/30cad5a751adcb48
Dan Ige,Dan,Ige,100K,170.2,145.0,180.3,Orthodox,1991-08-06,http://ufcstats.com/fighter-details/82a5152216251682
Valeri Ignatov,Valeri,Ignatov,,175.3,170.0,,Orthodox,,http://ufcstats.com/fighter-details/7b6ce3a9460565b5
Sergey Ignatov,Sergey,Ignatov,,175.3,210.0,,Orthodox,,http://ufcstats.com/fighter-details/df9e9c1f65805d29
Fabiano Iha,Fabiano,Iha,,172.7,155.0,,Orthodox,1970-07-28,http://ufcstats.com/fighter-details/263ebd4a669e1e98
Seichi Ikemoto,Seichi,Ikemoto,,180.3,168.0,,Orthodox,1975-08-24,http://ufcstats.com/fighter-details/81f38d1640c4e70d
Mikhail Iloukhine,Mikhail,Iloukhine,,175.3,205.0,,Orthodox,1966-11-21,http://ufcstats.com/fighter-details/b71667c778b6d9e5
Zelim Imadaev,Zelim,Imadaev,,182.9,170.0,193.0,Orthodox,1995-01-25,http://ufcstats.com/fighter-details/7f0f171414d0a287
Kento Imai,Kento,Imai,,,125.0,,,1999-08-10,http://ufcstats.com/fighter-details/3abe2b6b2d9b7efc
Yusuke Imamura,Yusuke,Imamura,,172.7,220.0,,Orthodox,,http://ufcstats.com/fighter-details/2ce6541127b0e232
Masakazu Imanari,Masakazu,Imanari,,162.6,139.0,,Southpaw,1976-02-10,http://ufcstats.com/fighter-details/a4dd5c9a75763295
Nassourdine Imavov,Nassourdine,Imavov,The Sniper,190.5,185.0,190.5,Orthodox,1996-03-01,http://ufcstats.com/fighter-details/881bf86d4cba8578
Brad Imes,Brad,Imes,Hillbilly Heartthrob,200.7,265.0,,Orthodox,1977-03-13,http://ufcstats.com/fighter-details/4908c5ee68a50ee5
Michael Imperato,Michael,Imperato,,170.2,135.0,167.6,Switch,1989-09-01,http://ufcstats.com/fighter-details/59e52d56bab2b1ee
Rui Imura,Rui,Imura,,177.8,135.0,175.3,Southpaw,1999-03-24,http://ufcstats.com/fighter-details/bb56173e2275e622
Chris Indich,Chris,Indich,,177.8,170.0,,,1987-04-22,http://ufcstats.com/fighter-details/d5b7fac960e58920
Chris Inman,Chris,Inman,,,,,,,http://ufcstats.com/fighter-details/f0a381ba65d2a933
Guto Inocente,Guto,Inocente,,190.5,205.0,,Orthodox,1986-05-29,http://ufcstats.com/fighter-details/e7fe5315b1efeb92
Enson Inoue,Enson,Inoue,Yamato Damashii,177.8,210.0,,Orthodox,1967-04-15,http://ufcstats.com/fighter-details/0cf935519d439ba6
Egan Inoue,Egan,Inoue,,175.3,190.0,,Southpaw,1965-07-04,http://ufcstats.com/fighter-details/37a6c95201592fea
Katsuya Inoue,Katsuya,Inoue,,175.3,168.0,,Southpaw,1979-08-10,http://ufcstats.com/fighter-details/b5882371e2a3900d
Takeshi Inoue,Takeshi,Inoue,Lion,172.7,145.0,,,1980-03-18,http://ufcstats.com/fighter-details/a61a0cd2829e5d4e
Naoki Inoue,Naoki,Inoue,,175.3,125.0,180.3,Orthodox,1997-06-14,http://ufcstats.com/fighter-details/199eb7cf6ae90294
Jorge Interiano,Jorge,Interiano,,185.4,205.0,,,,http://ufcstats.com/fighter-details/1e75e6c9de99fa76
Jason Ireland,Jason,Ireland,The Irish Tornado,175.3,161.0,,Southpaw,1979-12-30,http://ufcstats.com/fighter-details/05a0556072931f01
James Irvin,James,Irvin,The Sandman,188.0,205.0,190.5,Orthodox,1978-09-12,http://ufcstats.com/fighter-details/a7f4d0902bb64092
Eric Irvin,Eric,Irvin,,172.7,155.0,,,1986-01-10,http://ufcstats.com/fighter-details/a47c2a6e24757932
Issa Isakov,Issa,Isakov,Determinator,175.3,155.0,177.8,Orthodox,1989-10-22,http://ufcstats.com/fighter-details/e9095aeb36f2aeb8
Mitsuhiro Ishida,Mitsuhiro,Ishida,The Endless Warrior,167.6,154.0,,Southpaw,1978-12-29,http://ufcstats.com/fighter-details/82f5c81f4e3c3eb5
Teruto Ishihara,Teruto,Ishihara,Yashabo,170.2,135.0,175.3,Southpaw,1991-07-23,http://ufcstats.com/fighter-details/88cd34d836b4ebcd
Satoshi Ishii,Satoshi,Ishii,,180.3,240.0,,Orthodox,1986-12-19,http://ufcstats.com/fighter-details/c8a49ff2acb6f3c5
Yuki Ishikawa,Yuki,Ishikawa,,180.3,205.0,,Orthodox,,http://ufcstats.com/fighter-details/119ebea97e914dcf
Eiji Ishikawa,Eiji,Ishikawa,,177.8,170.0,,,1979-10-12,http://ufcstats.com/fighter-details/eb89dc31949a1427
Tokimitsu Ishizawa,Tokimitsu,Ishizawa,Kendo Ka Shin,182.9,185.0,,Orthodox,1968-08-05,http://ufcstats.com/fighter-details/f3155a94ca420126
Damir Ismagulov,Damir,Ismagulov,Qazaq,177.8,155.0,188.0,Orthodox,1991-02-03,http://ufcstats.com/fighter-details/135d124172a0bea3
Wallid Ismail,Wallid,Ismail,,170.2,205.0,,Orthodox,1968-02-23,http://ufcstats.com/fighter-details/da6dfd09cca1d705
Leandro Issa,Leandro,Issa,Brodinho,170.2,135.0,175.3,Orthodox,1983-09-19,http://ufcstats.com/fighter-details/d1e1fdcea7c8a90a
Kuya Ito,Kuya,Ito,Psycho Zombie,165.1,135.0,167.6,Orthodox,1996-10-07,http://ufcstats.com/fighter-details/f647247f0d9f3b50
Blagoy Ivanov,Blagoy,Ivanov,Baga,180.3,250.0,185.4,Southpaw,1986-10-09,http://ufcstats.com/fighter-details/1788eee370f077b7
Anthony Ivy,Anthony,Ivy,Aquaman,188.0,185.0,188.0,Orthodox,1990-01-23,http://ufcstats.com/fighter-details/3c5005b66696d790
Tomomi Iwama,Tomomi,Iwama,,160.0,155.0,,Orthodox,,http://ufcstats.com/fighter-details/ac5f67109accb482
Tatsuya Iwasaki,Tatsuya,Iwasaki,,175.3,205.0,,Orthodox,,http://ufcstats.com/fighter-details/243b07fc65ccbb16
Taiga Iwasaki,Taiga,Iwasaki,,185.4,185.0,185.4,Orthodox,1997-07-07,http://ufcstats.com/fighter-details/5b08af4fbc987f9c
Saygid Izagakhmaev,Saygid,Izagakhmaev,,,170.0,,,1994-09-03,http://ufcstats.com/fighter-details/de26d906f2874dd4
Yoislandy Izquierdo,Yoislandy,Izquierdo,Cuba,180.3,155.0,,Southpaw,1984-01-09,http://ufcstats.com/fighter-details/afc2a7ce0c763bd5
Hiroshi Izumi,Hiroshi,Izumi,,,205.0,,Orthodox,1982-06-22,http://ufcstats.com/fighter-details/53e4e21f4c688801
Yves Jabouin,Yves,Jabouin,Tiger,170.2,135.0,172.7,Orthodox,1979-05-30,http://ufcstats.com/fighter-details/b4eeac608fc82f88
Kevin Jackson,Kevin,Jackson,,177.8,199.0,,Switch,,http://ufcstats.com/fighter-details/13b2f59210dda9cc
Eugene Jackson,Eugene,Jackson,The Wolf,172.7,185.0,,Orthodox,1966-09-23,http://ufcstats.com/fighter-details/ce783bf73b5131f9
Quinton Jackson,Quinton,Jackson,Rampage,185.4,205.0,185.4,Orthodox,1978-06-20,http://ufcstats.com/fighter-details/ffc088e64fab57e9
Jeremy Jackson,Jeremy,Jackson,Scorpion,177.8,170.0,,Orthodox,1982-09-19,http://ufcstats.com/fighter-details/ad32471f01e7b1a5
Damon Jackson,Damon,Jackson,The Leech,180.3,155.0,180.3,Switch,1988-08-08,http://ufcstats.com/fighter-details/29af297d9f1de0f8
Kenyon Jackson,Kenyon,Jackson,,182.9,185.0,,,,http://ufcstats.com/fighter-details/56c5132870a526d5
Mike Jackson,Mike,Jackson,The Truth,188.0,170.0,188.0,Orthodox,1985-03-22,http://ufcstats.com/fighter-details/0641c21bec209472
Jason Jackson,Jason,Jackson,Jah-Son,185.4,170.0,198.1,Orthodox,1990-10-30,http://ufcstats.com/fighter-details/ca8da445dfa82d56
Montel Jackson,Montel,Jackson,Quik,177.8,135.0,190.5,Southpaw,1992-04-24,http://ufcstats.com/fighter-details/cc1a8b4b38b92c6d
Eric Jacob,Eric,Jacob,,,155.0,,,,http://ufcstats.com/fighter-details/ba17afef01ed78b6
Richard Jacobi,Richard,Jacobi,,193.0,260.0,190.5,Orthodox,1993-09-28,http://ufcstats.com/fighter-details/46f557bd44da630e
Dustin Jacoby,Dustin,Jacoby,The Hanyak,190.5,205.0,193.0,Orthodox,1988-04-04,http://ufcstats.com/fighter-details/e4277e87a789d687
Justin James,Justin,James,,177.8,155.0,,Orthodox,1976-11-08,http://ufcstats.com/fighter-details/1ea8df62b3f8fea6
Nate James,Nate,James,,182.9,185.0,,,1978-05-29,http://ufcstats.com/fighter-details/a34fecf2f4e5a317
Virna Jandiroba,Virna,Jandiroba,Carcara,160.0,115.0,162.6,Orthodox,1988-05-30,http://ufcstats.com/fighter-details/7dda2cf308f24a02
Ryan Janes,Ryan,Janes,,190.5,185.0,193.0,Orthodox,1981-08-22,http://ufcstats.com/fighter-details/b59037262c8fe060
YunSeong Jang,YunSeong,Jang,,182.9,170.0,182.9,Orthodox,2002-11-04,http://ufcstats.com/fighter-details/c7b0081edfef4bc7
Milos Janicic,Milos,Janicic,Cobra,,155.0,,,1997-05-03,http://ufcstats.com/fighter-details/dfcadfcbd3a3f097
Josh Janousek,Josh,Janousek,,180.3,185.0,,Orthodox,1980-09-25,http://ufcstats.com/fighter-details/8f7380fb0916dc77
Dave Jansen,Dave,Jansen,,175.3,155.0,185.4,Orthodox,1979-08-21,http://ufcstats.com/fighter-details/335ad945324c3a2e
Jaime Jara,Jaime,Jara,El Cucui,185.4,205.0,,Southpaw,1969-08-02,http://ufcstats.com/fighter-details/805ad1801eb26abb
Gigo Jara,Gigo,Jara,The Little Animal,175.3,145.0,,,,http://ufcstats.com/fighter-details/99d5cf1eda8b25c1
Keith Jardine,Keith,Jardine,The Dean of Mean,188.0,185.0,193.0,Orthodox,1975-10-31,http://ufcstats.com/fighter-details/b9d0fd83bb8a147a
Brock Jardine,Brock,Jardine,The Machine,180.3,170.0,,Orthodox,1985-07-10,http://ufcstats.com/fighter-details/64959f90b6dd9759
Josh Jarvis,Josh,Jarvis,,,,,,,http://ufcstats.com/fighter-details/32e8e0e8498f03c2
Rony Jason,Rony,Jason,,170.2,145.0,185.4,Orthodox,1984-03-21,http://ufcstats.com/fighter-details/b71ce838b01f2cad
Jasmine Jasudavicius,Jasmine,Jasudavicius,,170.2,125.0,172.7,Orthodox,1989-03-01,http://ufcstats.com/fighter-details/a9e260472d321361
Louis Jauregui,Louis,Jauregui,,170.2,170.0,,,,http://ufcstats.com/fighter-details/0e8744ded08ee5fb
Yazmin Jauregui,Yazmin,Jauregui,,160.0,115.0,162.6,Orthodox,1999-02-28,http://ufcstats.com/fighter-details/40cb680ae1cd331f
Justin Jaynes,Justin,Jaynes,The Guitar Hero,170.2,145.0,172.7,Orthodox,1989-08-10,http://ufcstats.com/fighter-details/304a21d0595e1a08
Joanna Jedrzejczyk,Joanna,Jedrzejczyk,,167.6,115.0,165.1,Orthodox,1987-08-18,http://ufcstats.com/fighter-details/3d6749c4267da18f
Aaron Jeffery,Aaron,Jeffery,,188.0,185.0,185.4,Orthodox,1992-11-14,http://ufcstats.com/fighter-details/ccdcb20370be62a3
Trent Jenkins,Trent,Jenkins,,188.0,185.0,,,,http://ufcstats.com/fighter-details/02fc8f50f56eb307
Bubba Jenkins,Bubba,Jenkins,The Highlight Kid,170.2,145.0,,,1988-02-05,http://ufcstats.com/fighter-details/5e841bb3752b6e86
Adrienna Jenkins,Adrienna,Jenkins,AJ,172.7,145.0,,,1981-07-22,http://ufcstats.com/fighter-details/dae85a6a83f53215
Brandon Jenkins,Brandon,Jenkins,The Human Highlight Reel,182.9,155.0,180.3,Switch,1991-09-30,http://ufcstats.com/fighter-details/6a8928652fc01bee
Jack Jenkins,Jack,Jenkins,Phar,170.2,145.0,172.7,Switch,1993-11-03,http://ufcstats.com/fighter-details/a9da3158dd2c2b5a
Steve Jennum,Steve,Jennum,,177.8,215.0,,Orthodox,,http://ufcstats.com/fighter-details/ad047e3073a775f3
Ryan Jensen,Ryan,Jensen,,185.4,185.0,193.0,Orthodox,1977-09-20,http://ufcstats.com/fighter-details/aae99701b21554e4
Kyle Jensen,Kyle,Jensen,,175.3,170.0,,Orthodox,1979-07-20,http://ufcstats.com/fighter-details/aec273fcb765330d
Chan-Mi Jeon,Chan-Mi,Jeon,,165.1,115.0,,Orthodox,1997-08-28,http://ufcstats.com/fighter-details/24174a3f44ce8e03
Maciej Jewtuszko,Maciej,Jewtuszko,Irokez,182.9,155.0,,Southpaw,1981-01-31,http://ufcstats.com/fighter-details/6b5b9be990774f0e
Ronald Jhun,Ronald,Jhun,The Machine Gun,180.3,170.0,,Orthodox,1970-09-21,http://ufcstats.com/fighter-details/b9e871af730f826c
Baergeng Jieleyisi,Baergeng,Jieleyisi,,175.3,145.0,180.3,Orthodox,1995-11-24,http://ufcstats.com/fighter-details/8677e67a75d65b8e
Gilbert Jimenez,Gilbert,Jimenez,,,155.0,,,,http://ufcstats.com/fighter-details/59d36ddfcb27b7dc
Ramiro Jimenez,Ramiro,Jimenez,El Cachanilla,175.3,145.0,185.4,Southpaw,1999-01-16,http://ufcstats.com/fighter-details/1c02b964466c10e4
Art Jimmerson,Art,Jimmerson,,185.4,196.0,,Orthodox,1963-08-04,http://ufcstats.com/fighter-details/a5c53b3ddb31cc7d
Ryan Jimmo,Ryan,Jimmo,The Big Deal,185.4,205.0,185.4,Orthodox,1981-11-27,http://ufcstats.com/fighter-details/bc3ec52ef70fc155
Jinensibieke Asikeerbai,Jinensibieke,Asikeerbai,,167.6,155.0,175.3,Orthodox,1988-07-10,http://ufcstats.com/fighter-details/4eccb78d628b2238
Jiniushiyue,,Jiniushiyue,Little Vajra,167.6,125.0,172.7,Southpaw,2000-12-09,http://ufcstats.com/fighter-details/c14a683dac2ebc4c
Sung Bin Jo,Sung Bin,Jo,Korean Falcon,182.9,145.0,182.9,Orthodox,1992-07-17,http://ufcstats.com/fighter-details/6e0e977beb909837
Carls John De Tomas,Carls,John De Tomas,,165.1,125.0,180.3,Southpaw,1996-08-28,http://ufcstats.com/fighter-details/2a4200ead401a9ce
Phil Johns,Phil,Johns,,157.5,170.0,,Southpaw,1968-10-22,http://ufcstats.com/fighter-details/a8fa0c4e95512806
Brett Johns,Brett,Johns,The Pikey,170.2,135.0,180.3,Orthodox,1992-02-21,http://ufcstats.com/fighter-details/ec52462a1b41f714
Miles Johns,Miles,Johns,Chapo,170.2,135.0,172.7,Orthodox,1994-03-30,http://ufcstats.com/fighter-details/46e0d677f91bacc0
Anthony Johnson,Anthony,Johnson,Rumble,188.0,205.0,198.1,Orthodox,1984-03-06,http://ufcstats.com/fighter-details/365fee2da473b177
DaMarques Johnson,DaMarques,Johnson,Darkness,185.4,170.0,190.5,Orthodox,1982-06-28,http://ufcstats.com/fighter-details/322a56923b396b4d
Devin Johnson,Devin,Johnson,,,,,,,http://ufcstats.com/fighter-details/22f4b6cb6b1bd7fd
Travis Johnson,Travis,Johnson,,,205.0,,,,http://ufcstats.com/fighter-details/443835675e8fc6ca
Ricky Johnson,Ricky,Johnson,,172.7,145.0,,Orthodox,,http://ufcstats.com/fighter-details/fa2fca260beeb9c0
Tony Johnson,Tony,Johnson,,188.0,205.0,193.0,Orthodox,1983-05-02,http://ufcstats.com/fighter-details/3641a0d117e9bc6c
Lavar Johnson,Lavar,Johnson,Big,193.0,240.0,208.3,Orthodox,1977-06-11,http://ufcstats.com/fighter-details/e6c5908910cc26e4
Demetrious Johnson,Demetrious,Johnson,Mighty Mouse,160.0,125.0,167.6,Orthodox,1986-08-13,http://ufcstats.com/fighter-details/8a304bfd6bf04a57
Michael Johnson,Michael,Johnson,The Menace,177.8,155.0,185.4,Southpaw,1986-06-04,http://ufcstats.com/fighter-details/511e82663651438d
Deshaun Johnson,Deshaun,Johnson,,,167.0,,,,http://ufcstats.com/fighter-details/bf97ad31eae89429
Kajan Johnson,Kajan,Johnson,Ragin',180.3,155.0,190.5,Orthodox,1984-04-21,http://ufcstats.com/fighter-details/633a45d131192ffe
Dashon Johnson,Dashon,Johnson,Flyboy,170.2,145.0,,Orthodox,1988-01-25,http://ufcstats.com/fighter-details/36207c58e854cae5
Timothy Johnson,Timothy,Johnson,,190.5,265.0,195.6,Southpaw,1985-03-13,http://ufcstats.com/fighter-details/cc900af167fbedfd
Tony Johnson,Tony,Johnson,,185.4,265.0,,,,http://ufcstats.com/fighter-details/a45bab49951a45cd
Jordan Johnson,Jordan,Johnson,,188.0,205.0,200.7,Orthodox,1988-11-18,http://ufcstats.com/fighter-details/99bcdf5eac39898f
Taylor Johnson,Taylor,Johnson,Tombstone,182.9,185.0,188.0,Switch,1990-11-09,http://ufcstats.com/fighter-details/552b09cbf13b6328
Chad Johnson,Chad,Johnson,Big Rigg,188.0,230.0,203.2,Orthodox,1986-07-22,http://ufcstats.com/fighter-details/6ce9a012e4c6020c
Jose Johnson,Jose,Johnson,Zhakwarius,182.9,125.0,180.3,Orthodox,1995-05-20,http://ufcstats.com/fighter-details/84f727cf0166d6f2
Charles Johnson,Charles,Johnson,InnerG,175.3,125.0,177.8,Switch,1991-01-10,http://ufcstats.com/fighter-details/814e5233e2acf2ee
Donte Johnson,Donte,Johnson,Lock Jaw,172.7,185.0,188.0,Southpaw,1999-01-25,http://ufcstats.com/fighter-details/ad5cb64af10fc946
Brian Johnston,Brian,Johnston,,190.5,230.0,,Orthodox,,http://ufcstats.com/fighter-details/1c3f5e85b59ec710
Ben Johnston,Ben,Johnston,,,185.0,,,1990-10-11,http://ufcstats.com/fighter-details/3261aa79bf6caa64
Liana Jojua,Liana,Jojua,She Wolf,162.6,125.0,157.5,Orthodox,1995-03-22,http://ufcstats.com/fighter-details/eebc23626e38f5dc
Nikola Joksovic,Nikola,Joksovic,,,170.0,,,1994-09-11,http://ufcstats.com/fighter-details/a6aa3157e1a1d104
Daniel Jolly,Daniel,Jolly,The Werewolf of Texas,185.4,205.0,190.5,Orthodox,1984-09-03,http://ufcstats.com/fighter-details/eeabcd4dc6619129
Paul Jones,Paul,Jones,,175.3,199.0,,Orthodox,1963-06-16,http://ufcstats.com/fighter-details/f341f9551ba744e2
Jon Jones,Jon,Jones,Bones,193.0,248.0,213.4,Orthodox,1987-07-19,http://ufcstats.com/fighter-details/07f72a2a7591b409
Nathan Jones,Nathan,Jones,,210.8,345.0,,Orthodox,1970-08-21,http://ufcstats.com/fighter-details/f54fb3b9c4228142
Marcus Jones,Marcus,Jones,The Darkness,198.1,265.0,,Orthodox,1973-08-15,http://ufcstats.com/fighter-details/8fa2b06572365321
Carlton Jones,Carlton,Jones,,185.4,225.0,,Orthodox,,http://ufcstats.com/fighter-details/f117c3e8c1aa7b9e
Jesse Jones,Jesse,Jones,,175.3,170.0,,,,http://ufcstats.com/fighter-details/bc0f994de0521926
Tito Jones,Tito,Jones,,172.7,145.0,,Southpaw,1981-07-31,http://ufcstats.com/fighter-details/7b223a22a6c26868
Roy Jones,Roy,Jones,,,205.0,,,1983-10-26,http://ufcstats.com/fighter-details/be8dfcf0442812b1
Justin Jones,Justin,Jones,Black Dynamite,180.3,185.0,,Orthodox,1987-09-06,http://ufcstats.com/fighter-details/9b75954db8db2a08
Ben Jones,Ben,Jones,Blitzkrieg,,185.0,,,,http://ufcstats.com/fighter-details/329aff8e958a2997
Victor Jones,Victor,Jones,,,145.0,,,,http://ufcstats.com/fighter-details/04f0471f221db717
Chris Jones,Chris,Jones,Lionheart,175.3,149.0,,,1981-11-16,http://ufcstats.com/fighter-details/509319d35664369e
Roshaun Jones,Roshaun,Jones,,172.7,135.0,,,,http://ufcstats.com/fighter-details/8a9f54b9056b07f5
Jamelle Jones,Jamelle,Jones,The Beast,182.9,205.0,190.5,Orthodox,1988-01-31,http://ufcstats.com/fighter-details/1dda22d0ac3d1271
Antonio Jones,Antonio,Jones,Doomsday,180.3,185.0,,Orthodox,1985-04-12,http://ufcstats.com/fighter-details/f1fd494586ab8d5f
Trevin Jones,Trevin,Jones,5 Star,170.2,135.0,177.8,Southpaw,1990-08-04,http://ufcstats.com/fighter-details/ec23c1be628d8057
Mason Jones,Mason,Jones,The Dragon,177.8,155.0,188.0,Orthodox,1995-04-26,http://ufcstats.com/fighter-details/f6ad6a1e4d600e0d
Craig Jones,Craig,Jones,,,205.0,,,1991-07-17,http://ufcstats.com/fighter-details/e947b563eb744a21
Jacobi Jones,Jacobi,Jones,Big Toe,175.3,155.0,182.9,Orthodox,1996-05-24,http://ufcstats.com/fighter-details/08b01ed84044c6bc
Jocelyn Jones-Lybarger,Jocelyn,Jones-Lybarger,,170.2,115.0,162.6,Orthodox,1985-10-04,http://ufcstats.com/fighter-details/1a98c9dbb7fc3959
Kevin Jordan,Kevin,Jordan,The Shaman,190.5,245.0,,Orthodox,1970-12-31,http://ufcstats.com/fighter-details/02e52b3a595f0786
Joe Jordan,Joe,Jordan,,167.6,155.0,,Orthodox,1978-07-27,http://ufcstats.com/fighter-details/712c4db78b9373d1
Shawn Jordan,Shawn,Jordan,The Savage,182.9,260.0,190.5,Southpaw,1984-10-21,http://ufcstats.com/fighter-details/ca2efc9d7d523c43
Ivan Jorge,Ivan,Jorge,Batman,175.3,155.0,185.4,Orthodox,1980-11-07,http://ufcstats.com/fighter-details/19db7ac26308178f
Scott Jorgensen,Scott,Jorgensen,Young Guns,165.1,135.0,167.6,Orthodox,1982-09-17,http://ufcstats.com/fighter-details/0b64d0fed453ef7f
Gareth Joseph,Gareth,Joseph,,,205.0,,,,http://ufcstats.com/fighter-details/8ecb9f42da5ef5ac
Dwight Joseph,Dwight,Joseph,,167.6,135.0,,Switch,1989-08-16,http://ufcstats.com/fighter-details/34ca93f1791a5c50
Jeff Joslin,Jeff,Joslin,The Inferno,182.9,170.0,,Orthodox,1975-04-30,http://ufcstats.com/fighter-details/388abbf8832b5adf
Krzysztof Jotko,Krzysztof,Jotko,,185.4,185.0,195.6,Southpaw,1989-08-19,http://ufcstats.com/fighter-details/4e06913c91da5200
Alan Jouban,Alan,Jouban,Brahma,182.9,170.0,185.4,Southpaw,1981-11-25,http://ufcstats.com/fighter-details/cf65d56b0755ed3b
Charles Jourdain,Charles,Jourdain,Air,175.3,135.0,175.3,Switch,1995-11-27,http://ufcstats.com/fighter-details/f1d64ae34e088832
Louis Jourdain,Louis,Jourdain,The Mad Prince,175.3,135.0,175.3,Orthodox,1997-03-13,http://ufcstats.com/fighter-details/91cd52cb92dfdd52
Kevin Jousset,Kevin,Jousset,Air,188.0,170.0,190.5,Orthodox,1993-05-02,http://ufcstats.com/fighter-details/dda15dbfafb792df
Mike Joy,Mike,Joy,,167.6,155.0,,Southpaw,1985-07-18,http://ufcstats.com/fighter-details/35080a7f406f9ab3
Dustin Joynson,Dustin,Joynson,,198.1,244.0,198.1,Orthodox,1985-10-14,http://ufcstats.com/fighter-details/791367e8c35cfb6a
Tony Juarez,Tony,Juarez,,,155.0,,,,http://ufcstats.com/fighter-details/97f3692d5444a80a
Jesse Juarez,Jesse,Juarez,,185.4,170.0,,Orthodox,1981-05-08,http://ufcstats.com/fighter-details/cd039ff136d89ded
Ernie Juarez,Ernie,Juarez,The Young Titan,172.7,145.0,177.8,,1998-01-12,http://ufcstats.com/fighter-details/410898e8dd6ca9b6
Anshul Jubli,Anshul,Jubli,King of Lions,182.9,155.0,175.3,Switch,1995-01-13,http://ufcstats.com/fighter-details/a72a2a769fa5a2be
Carli Judice,Carli,Judice,Crispy,170.2,125.0,172.7,Southpaw,1999-03-02,http://ufcstats.com/fighter-details/f1ab6f37492c630a
Steve Judson,Steve,Judson,,180.3,230.0,,Orthodox,,http://ufcstats.com/fighter-details/6ece1d2ab1bed31d
Luke Jumeau,Luke,Jumeau,The Jedi,180.3,170.0,182.9,Orthodox,1988-02-12,http://ufcstats.com/fighter-details/4c288a2b250bb576
Bu-Kyung Jung,Bu-Kyung,Jung,,170.2,154.0,,Orthodox,1978-05-26,http://ufcstats.com/fighter-details/b35d1650c78c2948
Chan Sung Jung,Chan Sung,Jung,The Korean Zombie,170.2,145.0,182.9,Orthodox,1987-03-17,http://ufcstats.com/fighter-details/c451d67c09c55418
Young Sam Jung,Young Sam,Jung,,172.7,139.0,,Orthodox,1985-10-27,http://ufcstats.com/fighter-details/13104eaed3ae96c3
Da Woon Jung,Da Woon,Jung,Sseda,193.0,205.0,198.1,Orthodox,1993-12-07,http://ufcstats.com/fighter-details/74f9448b97bf8bec
Reginaldo Junior,Reginaldo,Junior,The Beast,,170.0,,,1999-02-10,http://ufcstats.com/fighter-details/9e6cd25e0bd05e3d
Scott Junk,Scott,Junk,,185.4,265.0,,Orthodox,1978-12-17,http://ufcstats.com/fighter-details/ac70a4f1db1b8c40
Myles Jury,Myles,Jury,Fury,177.8,145.0,185.4,Orthodox,1988-10-31,http://ufcstats.com/fighter-details/08e908ed6d18d6a0
Cristiane Justino,Cristiane,Justino,Cyborg,172.7,145.0,172.7,Orthodox,1985-07-09,http://ufcstats.com/fighter-details/634bb0de2eb043b4
Patrick Kaase,Patrick,Kaase,Kamikaze,175.3,185.0,,,,http://ufcstats.com/fighter-details/b180f05acb24d430
Emily Kagan,Emily,Kagan,,160.0,115.0,,,1981-07-14,http://ufcstats.com/fighter-details/c1ea9d56cd953586
Oron Kahlon,Oron,Kahlon,,172.7,135.0,177.8,Orthodox,1984-11-04,http://ufcstats.com/fighter-details/00a35c92b03992b0
Kaiwen,,Kaiwen,The Underdog,172.7,145.0,180.3,Switch,1995-10-16,http://ufcstats.com/fighter-details/0565706b1e7f7e7c
Sirwan Kakai,Sirwan,Kakai,Zohan,165.1,135.0,,Orthodox,1989-10-03,http://ufcstats.com/fighter-details/2525a853486ee670
Saidyokub Kakhramonov,Saidyokub,Kakhramonov,,172.7,135.0,175.3,Orthodox,1995-11-14,http://ufcstats.com/fighter-details/50a28b9f8314e008
Geza Kalman,Geza,Kalman,,185.4,200.0,,,,http://ufcstats.com/fighter-details/304fcd812f12c589
Bryson Kamaka,Bryson,Kamaka,,180.3,170.0,,Orthodox,,http://ufcstats.com/fighter-details/9336e86cfd4ceaa1
Kai Kamaka III,Kai,Kamaka III,Da Fighting Hawaiian,170.2,145.0,175.3,Orthodox,1995-01-05,http://ufcstats.com/fighter-details/eee0ef3e2b14816b
Shah Kamali,Shah,Kamali,,,265.0,,,1998-10-25,http://ufcstats.com/fighter-details/a46ab6c64d321c2d
Shuya Kamikubo,Shuya,Kamikubo,Stealth,165.1,135.0,172.7,Switch,1993-04-12,http://ufcstats.com/fighter-details/a46fa1c7972548d0
Daichi Kamiya,Daichi,Kamiya,,172.7,155.0,172.7,Southpaw,1999-04-19,http://ufcstats.com/fighter-details/a497e228cce8a64f
Martin Kampmann,Martin,Kampmann,The Hitman,182.9,170.0,182.9,Orthodox,1982-04-17,http://ufcstats.com/fighter-details/8b69839f3555a67b
Koya Kanda,Koya,Kanda,Bushido,175.3,145.0,190.5,Southpaw,1995-12-20,http://ufcstats.com/fighter-details/b42d3a1469dab722
Bharat Kandare,Bharat,Kandare,Daring,170.2,135.0,182.9,Orthodox,1987-06-20,http://ufcstats.com/fighter-details/efd2b3e9bb7965a4
Hiromitsu Kanehara,Hiromitsu,Kanehara,,177.8,200.0,,Orthodox,1970-10-05,http://ufcstats.com/fighter-details/eda579d906cf0ca2
Masanori Kanehara,Masanori,Kanehara,,170.2,135.0,170.2,Orthodox,1982-11-19,http://ufcstats.com/fighter-details/f3a078277b3b8ff4
Ken Kaneko,Ken,Kaneko,,182.9,161.0,,Orthodox,,http://ufcstats.com/fighter-details/5345f86680378fc1
Denis Kang,Denis,Kang,,180.3,185.0,195.6,Orthodox,1977-09-17,http://ufcstats.com/fighter-details/3c241737a6069b9f
Kyung Ho Kang,Kyung Ho,Kang,Mr. Perfect,175.3,135.0,185.4,Orthodox,1987-09-09,http://ufcstats.com/fighter-details/a7897d200692ab64
Manel Kape,Manel,Kape,StarBoy,165.1,125.0,172.7,Southpaw,1993-11-14,http://ufcstats.com/fighter-details/5d1b7e3dd9e11074
David Kaplan,David,Kaplan,Diamond,170.2,155.0,,Orthodox,1979-11-16,http://ufcstats.com/fighter-details/5669b828e7e11329
Kai Kara-France,Kai,Kara-France,Don't Blink,162.6,125.0,175.3,Orthodox,1993-03-26,http://ufcstats.com/fighter-details/853eb0dd5c0e2149
Georgi Karakhanyan,Georgi,Karakhanyan,Insane,172.7,145.0,,,1985-05-29,http://ufcstats.com/fighter-details/43292ecf0e72c143
Alex Karalexis,Alex,Karalexis,The Assassin,172.7,155.0,167.6,Orthodox,1977-09-20,http://ufcstats.com/fighter-details/e361e5c858af6ff1
Ernesta Kareckaite,Ernesta,Kareckaite,Heavy-Handed,175.3,125.0,180.3,Orthodox,1998-07-05,http://ufcstats.com/fighter-details/e4faa79383c9f214
Impa Kasanganay,Impa,Kasanganay,Tshilobo,180.3,170.0,190.5,Orthodox,1994-01-17,http://ufcstats.com/fighter-details/257b0c8d6f199895
Jinnosuke Kashimura,Jinnosuke,Kashimura,,170.2,155.0,180.3,Southpaw,2001-08-12,http://ufcstats.com/fighter-details/4a9120fa47bafef0
Nadia Kassem,Nadia,Kassem,,165.1,125.0,167.6,Southpaw,1995-11-15,http://ufcstats.com/fighter-details/6e7506127408aa9e
Yusuke Kasuya,Yusuke,Kasuya,,170.2,155.0,,Southpaw,1989-11-16,http://ufcstats.com/fighter-details/3058888c33149a53
Tetsuji Kato,Tetsuji,Kato,,,155.0,,Orthodox,,http://ufcstats.com/fighter-details/542db012217ecb83
Hisaki Kato,Hisaki,Kato,,182.9,185.0,,,1982-09-17,http://ufcstats.com/fighter-details/ebf1c247b2cba375
Brad Katona,Brad,Katona,Superman,167.6,135.0,162.6,Orthodox,1991-12-19,http://ufcstats.com/fighter-details/7b433309b0fd12aa
Calvin Kattar,Calvin,Kattar,,180.3,145.0,182.9,Orthodox,1988-03-26,http://ufcstats.com/fighter-details/751de04455cfaac0
Sarah Kaufman,Sarah,Kaufman,,165.1,135.0,167.6,Orthodox,1985-09-20,http://ufcstats.com/fighter-details/36df8e119aec6175
Lone'er Kavanagh,Lone'er,Kavanagh,,167.6,125.0,170.2,Orthodox,1999-06-09,http://ufcstats.com/fighter-details/bb2c3c3a466224af
Yusuke Kawaguchi,Yusuke,Kawaguchi,,182.9,255.0,,,1980-08-14,http://ufcstats.com/fighter-details/fa2320781bfe4f49
Canaan Kawaihae,Canaan,Kawaihae,,182.9,145.0,180.3,Southpaw,1997-08-26,http://ufcstats.com/fighter-details/58d42b9e920b25fc
Tatsuya Kawajiri,Tatsuya,Kawajiri,Crusher,170.2,145.0,175.3,Orthodox,1978-05-08,http://ufcstats.com/fighter-details/80d918336163b80c
Ryo Kawamura,Ryo,Kawamura,,180.3,205.0,,Orthodox,1981-06-29,http://ufcstats.com/fighter-details/9e91d7fd2720e241
Masuto Kawana,Masuto,Kawana,Mast,167.6,145.0,175.3,Orthodox,1995-01-30,http://ufcstats.com/fighter-details/49f4171f14f54220
Doug Kay,Doug,Kay,,,,,,,http://ufcstats.com/fighter-details/547c5611bd366988
Toshiomi Kazama,Toshiomi,Kazama,,170.2,135.0,175.3,Orthodox,1997-05-15,http://ufcstats.com/fighter-details/148bb103cfbf123e
Julie Kedzie,Julie,Kedzie,,165.1,135.0,,Orthodox,1981-03-18,http://ufcstats.com/fighter-details/981ab7a0576f76a0
Ryan Keenan,Ryan,Keenan,,177.8,170.0,,,1985-06-15,http://ufcstats.com/fighter-details/a72b20136239ba39
Losene Keita,Losene,Keita,Black Panther,172.7,145.0,182.9,Orthodox,1997-12-30,http://ufcstats.com/fighter-details/5b43d68174b6e2ab
CJ Keith,CJ,Keith,,182.9,155.0,,Orthodox,1986-08-09,http://ufcstats.com/fighter-details/c0eecd851dbf3146
Chris Kelades,Chris,Kelades,The Greek Assassin,170.2,125.0,172.7,Orthodox,1981-02-21,http://ufcstats.com/fighter-details/56c9acc4e86046a2
Brian Kelleher,Brian,Kelleher,Boom,167.6,135.0,167.6,Switch,1986-08-19,http://ufcstats.com/fighter-details/7be14eaed4c74856
Mayana Kellem,Mayana,Kellem,,165.1,135.0,,Orthodox,1981-07-07,http://ufcstats.com/fighter-details/c788481ae19e798d
Tony Kelley,Tony,Kelley,Primetime,175.3,135.0,177.8,Switch,1987-01-21,http://ufcstats.com/fighter-details/1a08b01fdabb6ae2
Paul Kelly,Paul,Kelly,,175.3,155.0,177.8,Orthodox,1984-09-12,http://ufcstats.com/fighter-details/aac5ac38148f0528
John Kelly,John,Kelly,,175.3,170.0,,,1978-08-02,http://ufcstats.com/fighter-details/ace83095105dd205
Daniel Kelly,Daniel,Kelly,,182.9,185.0,177.8,Southpaw,1977-10-31,http://ufcstats.com/fighter-details/bdcbb976816fd256
Tim Kennedy,Tim,Kennedy,,180.3,185.0,188.0,Orthodox,1979-09-01,http://ufcstats.com/fighter-details/3c660c90d48fc80d
Steve Kennedy,Steve,Kennedy,The Steamrolla,180.3,170.0,,Orthodox,1983-03-07,http://ufcstats.com/fighter-details/185fb0200a4605e6
Jeremy Kennedy,Jeremy,Kennedy,JBC,180.3,145.0,180.3,Orthodox,1992-09-16,http://ufcstats.com/fighter-details/68f6e96c5fa6e044
Waylon Kennell,Waylon,Kennell,,182.9,185.0,,,,http://ufcstats.com/fighter-details/9b8a73b59be8d786
Casey Kenney,Casey,Kenney,,170.2,135.0,172.7,Southpaw,1991-03-20,http://ufcstats.com/fighter-details/e7bba7ce4d6c7b07
Maimaitituoheti Keremuaili,Maimaitituoheti,Keremuaili,Kyrgyz Mountain Eagle,167.6,135.0,167.6,Orthodox,1991-03-18,http://ufcstats.com/fighter-details/772022b989534f0d
Aurelijus Kerpe,Aurelijus,Kerpe,,,,,Orthodox,,http://ufcstats.com/fighter-details/c1e4ae143cce7398
Mark Kerr,Mark,Kerr,The Smashing Machine,190.5,266.0,,Switch,1968-12-21,http://ufcstats.com/fighter-details/a7b48e18ca27795d
Will Kerr,Will,Kerr,,177.8,155.0,175.3,Orthodox,1982-10-21,http://ufcstats.com/fighter-details/ef61d9f5176b3200
Ron Keslar,Ron,Keslar,,,185.0,,,,http://ufcstats.com/fighter-details/b84f34b425dfd24b
Rustam Khabilov,Rustam,Khabilov,Tiger,172.7,155.0,185.4,Orthodox,1986-11-04,http://ufcstats.com/fighter-details/9b7694d064a8a0ad
Adam Khaliev,Adam,Khaliev,,182.9,170.0,,Orthodox,1984-04-16,http://ufcstats.com/fighter-details/1aba18b5f15d4956
Sergey Khandozhko,Sergey,Khandozhko,Honda,185.4,170.0,188.0,Orthodox,1992-05-19,http://ufcstats.com/fighter-details/90da09db03e41748
Sergei Kharitonov,Sergei,Kharitonov,,182.9,245.0,,Orthodox,1980-08-18,http://ufcstats.com/fighter-details/0693b2eab79198ea
Alfred Khashakyan,Alfred,Khashakyan,The Fearless,172.7,135.0,177.8,Orthodox,1988-07-17,http://ufcstats.com/fighter-details/3929efe0c0a83d07
Aziz Khaydarov,Aziz,Khaydarov,,180.3,155.0,182.9,Orthodox,1993-09-25,http://ufcstats.com/fighter-details/a072b512b6f4fc42
Mansher Khera,Mansher,Khera,New Era,177.8,155.0,172.7,Orthodox,1992-04-15,http://ufcstats.com/fighter-details/4bbd1e5c77ef3c2f
Aliaskhab Khizriev,Aliaskhab,Khizriev,Black Wolf,175.3,185.0,188.0,Southpaw,1990-08-24,http://ufcstats.com/fighter-details/7ab478c397cd68ef
WonBin Ki,WonBin,Ki,The Danger,180.3,155.0,185.4,Orthodox,1991-02-11,http://ufcstats.com/fighter-details/aaeb55084b198a39
Pannie Kianzad,Pannie,Kianzad,Banzai,170.2,135.0,167.6,Orthodox,1991-12-08,http://ufcstats.com/fighter-details/91dac5e69e28d5b5
Akira Kikuchi,Akira,Kikuchi,,172.7,155.0,,Orthodox,1978-07-23,http://ufcstats.com/fighter-details/9c37681096c6f3a9
Katsunori Kikuno,Katsunori,Kikuno,,172.7,145.0,167.6,Orthodox,1981-10-31,http://ufcstats.com/fighter-details/44470bfd9483c7ad
Sanae Kikuta,Sanae,Kikuta,,175.3,200.0,,Orthodox,1971-09-10,http://ufcstats.com/fighter-details/e4bde462b043d3e1
Jacob Kilburn,Jacob,Kilburn,The Killer,175.3,145.0,182.9,Orthodox,1995-06-28,http://ufcstats.com/fighter-details/637bd06c32219f0b
Dong Hyun Kim,Dong Hyun,Kim,Stun Gun,188.0,170.0,193.0,Southpaw,1981-11-17,http://ufcstats.com/fighter-details/9bcf8603ceb25680
Jin Oh Kim,Jin Oh,Kim,,175.3,205.0,,Orthodox,,http://ufcstats.com/fighter-details/8d04923f2db59b7f
Dae Won Kim,Dae Won,Kim,,180.3,180.0,,Orthodox,,http://ufcstats.com/fighter-details/354808cf38d9d73c
Jong Wang Kim,Jong Wang,Kim,,185.4,240.0,,,,http://ufcstats.com/fighter-details/380e8b023290d091
Jong Won Kim,Jong Won,Kim,,170.2,139.0,,Orthodox,,http://ufcstats.com/fighter-details/9e0f28d1f639ad73
Min Soo Kim,Min Soo,Kim,,185.4,255.0,,Southpaw,1975-01-22,http://ufcstats.com/fighter-details/831b937811804dad
Jong Man Kim,Jong Man,Kim,Special Force,170.2,139.0,,Orthodox,1978-03-03,http://ufcstats.com/fighter-details/dba230fe33011201
Ji Yeon Kim,Ji Yeon,Kim,Firefist,170.2,125.0,182.9,Orthodox,1989-10-18,http://ufcstats.com/fighter-details/a20f234df70f2182
MinWoo Kim,MinWoo,Kim,Korean MOAI,172.7,135.0,182.9,Orthodox,1993-07-21,http://ufcstats.com/fighter-details/6343a95f1d9e6a33
HanSeul Kim,HanSeul,Kim,Spade,185.4,170.0,185.4,Southpaw,1990-06-19,http://ufcstats.com/fighter-details/2bc47c7cc6c05bd7
KyeungPyo Kim,KyeungPyo,Kim,Redhorse,175.3,155.0,180.3,Orthodox,1992-01-29,http://ufcstats.com/fighter-details/5a9f7b5ffebdd6e7
Sangwook Kim,Sangwook,Kim,Frogman,182.9,155.0,180.3,Orthodox,1993-10-17,http://ufcstats.com/fighter-details/a264d4e9a4d6bfe4
SangWon Kim,SangWon,Kim,No Problem,175.3,145.0,175.3,Orthodox,1993-09-01,http://ufcstats.com/fighter-details/e9712cad24948ce1
KyuSung Kim,KyuSung,Kim,,180.3,125.0,175.3,Orthodox,1992-11-05,http://ufcstats.com/fighter-details/e7ecfab8fd86d3e1
So Yul Kim,So Yul,Kim,,,115.0,,,1997-05-25,http://ufcstats.com/fighter-details/864c07a7ff90caae
Jeremy Kimball,Jeremy,Kimball,,182.9,205.0,182.9,Switch,1991-01-03,http://ufcstats.com/fighter-details/917a5cb9821df261
Rob Kimmons,Rob,Kimmons,The Rosedale Reaper,177.8,185.0,185.4,Orthodox,1981-01-30,http://ufcstats.com/fighter-details/054defd5420a551f
Dustin Kimura,Dustin,Kimura,The Diamond,170.2,135.0,180.3,Orthodox,1989-05-21,http://ufcstats.com/fighter-details/fe91d254db77a7fc
Taiei Kin,Taiei,Kin,,180.3,185.0,,Orthodox,1970-07-08,http://ufcstats.com/fighter-details/c7ac79839e86ce33
Mike King,Mike,King,,190.5,185.0,,,1983-08-04,http://ufcstats.com/fighter-details/564c2f5f9eb45d67
Kyle Kingsbury,Kyle,Kingsbury,Kingsbu,193.0,205.0,200.7,Orthodox,1982-03-22,http://ufcstats.com/fighter-details/b959e8c7fd8390d2
Yusaku Kinoshita,Yusaku,Kinoshita,,182.9,170.0,180.3,Southpaw,2000-08-21,http://ufcstats.com/fighter-details/21b5c82c1b89dab1
Kamuela Kirk,Kamuela,Kirk,The Jawaiian,177.8,155.0,190.5,Switch,1994-04-13,http://ufcstats.com/fighter-details/c7d7fda69ec410d3
Yurij Kiseliov,Yurij,Kiseliov,Playboy,172.7,185.0,,Orthodox,,http://ufcstats.com/fighter-details/51d2aaaca56e5b40
Justine Kish,Justine,Kish,,165.1,125.0,162.6,Orthodox,1988-04-13,http://ufcstats.com/fighter-details/928ae2e5b5f7a9ec
Koji Kitao,Koji,Kitao,,200.7,350.0,,Southpaw,1963-10-12,http://ufcstats.com/fighter-details/2a6f8136da1e52c0
Satoru Kitaoka,Satoru,Kitaoka,,167.6,154.0,,,1980-02-04,http://ufcstats.com/fighter-details/e2ac5bb645f33088
Top Noi Kiwram,Top Noi,Kiwram,,165.1,125.0,170.2,Southpaw,1992-08-15,http://ufcstats.com/fighter-details/e065b4a42a6c2c79
Ludovit Klein,Ludovit,Klein,Mr. Highlight,170.2,155.0,182.9,Southpaw,1995-02-22,http://ufcstats.com/fighter-details/5b86d491d63890c5
Nick Klein,Nick,Klein,Blue Collar,185.4,185.0,195.6,Orthodox,1995-09-08,http://ufcstats.com/fighter-details/7eaa5e31c2dd86aa
Seth Kleinbeck,Seth,Kleinbeck,Mass Destruction,188.0,185.0,,,1973-07-25,http://ufcstats.com/fighter-details/8ad022dd81224f61
Stefan Klever,Stefan,Klever,,,185.0,,Orthodox,,http://ufcstats.com/fighter-details/bc3876891e155bb5
Fatima Kline,Fatima,Kline,The Archangel,167.6,115.0,170.2,Orthodox,2000-07-12,http://ufcstats.com/fighter-details/745fa7b605f8e2da
Felix Klinkhammer,Felix,Klinkhammer,,182.9,170.0,,,,http://ufcstats.com/fighter-details/8276f28f1ad087de
Drakkar Klose,Drakkar,Klose,,175.3,155.0,177.8,Orthodox,1988-03-09,http://ufcstats.com/fighter-details/7cbf7c78d3b34218
Michael Knaap,Michael,Knaap,Hammer,188.0,220.0,,Orthodox,1984-02-27,http://ufcstats.com/fighter-details/02f0e04acf102ea9
Kevin Knabjian,Kevin,Knabjian,,177.8,170.0,,Orthodox,1984-07-05,http://ufcstats.com/fighter-details/1fac46d466abd5b8
Jason Knight,Jason,Knight,The Kid,177.8,145.0,180.3,Orthodox,1992-07-14,http://ufcstats.com/fighter-details/bb1a2cdad6ff34db
William Knight,William,Knight,Knightmare,177.8,205.0,185.4,Orthodox,1988-04-03,http://ufcstats.com/fighter-details/5da33b8fbfa5ee95
Josefine Knutsson,Josefine,Knutsson,Thunder,160.0,115.0,152.4,Orthodox,1996-01-16,http://ufcstats.com/fighter-details/971dba22c622af12
Seokhyeon Ko,Seokhyeon,Ko,Technical,177.8,170.0,180.3,Southpaw,1993-09-24,http://ufcstats.com/fighter-details/4a07b1988477502c
Isao Kobayashi,Isao,Kobayashi,,172.7,145.0,,,1988-10-28,http://ufcstats.com/fighter-details/a02652d063ef5baa
Kelly Kobold,Kelly,Kobold,Blood Red,167.6,135.0,,Orthodox,1983-02-25,http://ufcstats.com/fighter-details/c398235fcaf8d71d
Erik Koch,Erik,Koch,Phoenix,177.8,170.0,180.3,Southpaw,1988-10-04,http://ufcstats.com/fighter-details/99bd87a300079ed9
Sokun Koh,Sokun,Koh,,185.4,205.0,,,,http://ufcstats.com/fighter-details/6d8ef8706781c49e
Shingo Kohara,Shingo,Kohara,,167.6,135.0,,,,http://ufcstats.com/fighter-details/44c233770075cea1
Brad Kohler,Brad,Kohler,,175.3,220.0,,Orthodox,1964-05-26,http://ufcstats.com/fighter-details/13c4313ed0f744f3
Charlie Kohler,Charlie,Kohler,,175.3,155.0,,Orthodox,1976-07-16,http://ufcstats.com/fighter-details/5717efc6f271cd52
Tsuyoshi Kohsaka,Tsuyoshi,Kohsaka,TK,180.3,225.0,,Orthodox,1970-03-06,http://ufcstats.com/fighter-details/b76ed59283d3559c
Kaloyan Kolev,Kaloyan,Kolev,,188.0,205.0,185.4,Orthodox,1992-10-17,http://ufcstats.com/fighter-details/33de378ce1734638
John Kolosci,John,Kolosci,,180.3,185.0,,Orthodox,1974-11-26,http://ufcstats.com/fighter-details/5f6038bcdb95e3e4
Yuki Kondo,Yuki,Kondo,,180.3,183.0,,Southpaw,1975-07-17,http://ufcstats.com/fighter-details/1fe7adb23b3eedfb
Syuri Kondo,Syuri,Kondo,,162.6,115.0,167.6,Orthodox,1989-02-08,http://ufcstats.com/fighter-details/a851c35f58199231
Mantas Kondratavicius,Mantas,Kondratavicius,,188.0,185.0,190.5,Orthodox,1999-07-17,http://ufcstats.com/fighter-details/3cc506f115cbb9d5
Cheick Kongo,Cheick,Kongo,,193.0,240.0,208.3,Orthodox,1975-05-17,http://ufcstats.com/fighter-details/1eacf73d6a0055dc
Andrei Kopylov,Andrei,Kopylov,,188.0,265.0,,Orthodox,1965-07-16,http://ufcstats.com/fighter-details/dd39f1ca787a3d9d
Roman Kopylov,Roman,Kopylov,,182.9,185.0,190.5,Southpaw,1991-05-04,http://ufcstats.com/fighter-details/9d83f6da776ff7d6
Bruno Korea,Bruno,Korea,,167.6,135.0,165.1,,1991-06-28,http://ufcstats.com/fighter-details/6c011be66326ad97
Chungreng Koren,Chungreng,Koren,The Indian Rhino,,135.0,,,1998-02-01,http://ufcstats.com/fighter-details/000774e57404d8c7
Andrey Koreshkov,Andrey,Koreshkov,Spartan,182.9,170.0,,,1990-08-23,http://ufcstats.com/fighter-details/aee885b8ca29ab4f
Josh Koscheck,Josh,Koscheck,,177.8,170.0,185.4,Orthodox,1977-11-30,http://ufcstats.com/fighter-details/dd37fd509af89f15
Steven Koslow,Steven,Koslow,Obi Won Shinobi The Pillow,170.2,125.0,175.3,Switch,1997-01-22,http://ufcstats.com/fighter-details/84512339473dd300
Naoyuki Kotani,Naoyuki,Kotani,,172.7,155.0,167.6,Southpaw,1981-12-08,http://ufcstats.com/fighter-details/bc8f6b42767e28df
Ilya Kotau,Ilya,Kotau,,,170.0,,,,http://ufcstats.com/fighter-details/a68d57ae177a5815
Iouri Kotchkine,Iouri,Kotchkine,,188.0,235.0,,Orthodox,,http://ufcstats.com/fighter-details/c6becb722706c7d8
Matt Kovacs,Matt,Kovacs,300,182.9,244.0,,Orthodox,,http://ufcstats.com/fighter-details/8fbcd82bf7f352bf
Marcus Kowal,Marcus,Kowal,,,135.0,,,,http://ufcstats.com/fighter-details/ad0e42800a0d8977
Karolina Kowalkiewicz,Karolina,Kowalkiewicz,,160.0,115.0,162.6,Orthodox,1985-10-15,http://ufcstats.com/fighter-details/d7c3816669784109
Martin Kozak,Martin,Kozak,CEO,,185.0,,,2002-07-09,http://ufcstats.com/fighter-details/716538be58c6c5e1
Steve Kozola,Steve,Kozola,,,155.0,,,,http://ufcstats.com/fighter-details/fc36e2352dccf2a4
Derrick Krantz,Derrick,Krantz,D-Rock,177.8,170.0,182.9,Orthodox,1988-01-13,http://ufcstats.com/fighter-details/714e1e0681ddb703
James Krause,James,Krause,The,188.0,170.0,185.4,Orthodox,1986-06-04,http://ufcstats.com/fighter-details/8f6a18831a120817
Pascal Krauss,Pascal,Krauss,Panzer,185.4,170.0,,Orthodox,1987-04-19,http://ufcstats.com/fighter-details/a01e84abefd85ec0
Rene Kronvold,Rene,Kronvold,,172.7,170.0,,Orthodox,,http://ufcstats.com/fighter-details/db05271715bb4874
Joseph Kropschot,Joseph,Kropschot,The Land Animal,,185.0,,,1995-06-19,http://ufcstats.com/fighter-details/8a81a0707350c4a8
Kaynan Kruschewsky,Kaynan,Kruschewsky,Bahia,182.9,155.0,185.4,Orthodox,1991-04-04,http://ufcstats.com/fighter-details/ca36633b80be4a78
Jorgen Kruth,Jorgen,Kruth,The Last Viking,188.0,205.0,,,1974-05-08,http://ufcstats.com/fighter-details/6071d786f6187810
Nikita Krylov,Nikita,Krylov,The Miner,190.5,205.0,195.6,Orthodox,1992-03-07,http://ufcstats.com/fighter-details/1091d4d957141094
Mariusz Ksiazkiewicz,Mariusz,Ksiazkiewicz,The Iron Pol,190.5,185.0,190.5,Southpaw,1989-10-04,http://ufcstats.com/fighter-details/ab16537dd1e5e81d
Eliezer Kubanza,Eliezer,Kubanza,,175.3,170.0,188.0,Orthodox,1997-12-23,http://ufcstats.com/fighter-details/66579081831db7b0
Junya Kudo,Junya,Kudo,,,135.0,,Orthodox,,http://ufcstats.com/fighter-details/487c170da059857d
John Kuhner,John,Kuhner,,,170.0,,,1982-10-12,http://ufcstats.com/fighter-details/a272656ad662ac53
Michael Kuiper,Michael,Kuiper,,182.9,185.0,185.4,Orthodox,1989-06-07,http://ufcstats.com/fighter-details/b7f38813485745da
Anton Kuivanen,Anton,Kuivanen,,172.7,155.0,182.9,Orthodox,1984-05-01,http://ufcstats.com/fighter-details/706f8e2b34e8e18b
Maiju Kujala,Maiju,Kujala,,,135.0,,,,http://ufcstats.com/fighter-details/4e77d070239699e2
Sumit Kumar,Sumit,Kumar,The Indian Kid,165.1,125.0,167.6,Orthodox,2000-09-09,http://ufcstats.com/fighter-details/a0a625221e0dd339
Aleksei Kunchenko,Aleksei,Kunchenko,,172.7,170.0,177.8,Orthodox,1984-05-02,http://ufcstats.com/fighter-details/e2ccd9a9ace60de7
Rizvan Kuniev,Rizvan,Kuniev,,193.0,240.0,193.0,Orthodox,1992-03-10,http://ufcstats.com/fighter-details/739fd4fbb5d862f4
Keigo Kunihara,Keigo,Kunihara,,182.9,235.0,,Orthodox,,http://ufcstats.com/fighter-details/782a2a17d3e38fdf
Kiichi Kunimoto,Kiichi,Kunimoto,Strasser,177.8,170.0,180.3,Orthodox,1981-05-01,http://ufcstats.com/fighter-details/71df36d6d8cf0d74
Jon Kunneman,Jon,Kunneman,AK-47,,185.0,,,1999-07-14,http://ufcstats.com/fighter-details/2694c4997a51ed01
Leo Kuntz,Leo,Kuntz,The Lion,177.8,155.0,,Orthodox,1983-10-03,http://ufcstats.com/fighter-details/6905d45bd71b50a9
Korey Kuppe,Korey,Kuppe,,195.6,170.0,195.6,Switch,1989-01-23,http://ufcstats.com/fighter-details/780a2897055e3ee3
Ramazan Kuramagomedov,Ramazan,Kuramagomedov,,185.4,170.0,185.4,Orthodox,1996-08-23,http://ufcstats.com/fighter-details/b6a73e6f11a8835c
Tsuyoshi Kurihara,Tsuyoshi,Kurihara,,177.8,185.0,,Orthodox,1973-07-13,http://ufcstats.com/fighter-details/032b65d5fff611b2
Eldari Kurtanidze,Eldari,Kurtanidze,,167.6,235.0,,Orthodox,1972-04-16,http://ufcstats.com/fighter-details/4c78fc005a53831d
Kyle Kurtz,Kyle,Kurtz,,,170.0,,,,http://ufcstats.com/fighter-details/b490def93478ae29
Guram Kutateladze,Guram,Kutateladze,Georgian Viking,180.3,155.0,182.9,Orthodox,1992-01-08,http://ufcstats.com/fighter-details/7772b283d288dbe2
Vadym Kutsyi,Vadym,Kutsyi,,182.9,170.0,180.3,Orthodox,1991-07-18,http://ufcstats.com/fighter-details/aeb2bcd4371f40d5
Lina Kvokov,Lina,Kvokov,,175.3,135.0,,Orthodox,,http://ufcstats.com/fighter-details/843dd76c50cae0f6
Kaleo Kwan,Kaleo,Kwan,Leo Boy,170.2,155.0,,,1970-08-01,http://ufcstats.com/fighter-details/2545c7f47a65bca3
Jarrod Kwitty,Jarrod,Kwitty,,172.7,185.0,,,,http://ufcstats.com/fighter-details/849d15ed7e3a0e97
Mike Kyle,Mike,Kyle,MAK,193.0,205.0,195.6,Orthodox,1980-03-31,http://ufcstats.com/fighter-details/56b8b24f65f9f057
Lisa Kyriacou,Lisa,Kyriacou,The Savage,165.1,125.0,162.6,Orthodox,1993-11-17,http://ufcstats.com/fighter-details/edbc609a3b0d2aba
Achmed Labasanov,Achmed,Labasanov,,190.5,215.0,,Orthodox,1978-04-24,http://ufcstats.com/fighter-details/b3fb8d2293e17a59
Josh LaBerge,Josh,LaBerge,,177.8,145.0,,,,http://ufcstats.com/fighter-details/5108b169b5fe1f86
Jeremiah Labiano,Jeremiah,Labiano,The Kid,177.8,135.0,,,,http://ufcstats.com/fighter-details/4fe1d105af549845
Daniel Lacerda,Daniel,Lacerda,Miojo,167.6,125.0,177.8,Switch,1996-06-05,http://ufcstats.com/fighter-details/31bb0772f21cabd8
Luan Lacerda,Luan,Lacerda,,170.2,135.0,180.3,Orthodox,1993-01-07,http://ufcstats.com/fighter-details/6fc506e1099afe20
Kemran Lachinov,Kemran,Lachinov,,,170.0,,,,http://ufcstats.com/fighter-details/eb84192d1a97f69e
Aspen Ladd,Aspen,Ladd,,167.6,135.0,167.6,Orthodox,1995-03-01,http://ufcstats.com/fighter-details/d4691518d012b9e7
Ryan LaFlare,Ryan,LaFlare,,185.4,170.0,188.0,Southpaw,1983-10-01,http://ufcstats.com/fighter-details/4c7781da8c6cae93
Corinne Laframboise,Corinne,Laframboise,,162.6,125.0,165.1,Orthodox,1989-05-25,http://ufcstats.com/fighter-details/fbe9f4efc2153be2
Ben Lagman,Ben,Lagman,Bad News,188.0,185.0,,,1986-09-04,http://ufcstats.com/fighter-details/b40e65d71a8d4ce5
Noad Lahat,Noad,Lahat,Neo,175.3,145.0,175.3,Orthodox,1984-06-08,http://ufcstats.com/fighter-details/9f755fb04cc21499
Tina Lahdemaki,Tina,Lahdemaki,Jelly Bean,157.5,115.0,,Orthodox,1988-05-28,http://ufcstats.com/fighter-details/e5ca2bc2451a5956
Yohan Lainesse,Yohan,Lainesse,White Lion,185.4,170.0,193.0,Orthodox,1992-08-14,http://ufcstats.com/fighter-details/f998f5c102250d6e
Tim Lajcik,Tim,Lajcik,The Bohemian,185.4,225.0,,Orthodox,1965-06-21,http://ufcstats.com/fighter-details/c7e9d15cfce52f1d
Todd Lally,Todd,Lally,,170.2,145.0,,Orthodox,,http://ufcstats.com/fighter-details/7d06092326c52528
Sean Lally,Sean,Lally,The Unpredictable One,182.9,170.0,,Orthodox,1990-11-04,http://ufcstats.com/fighter-details/e62ce041bb7aeb1f
Ricardo Lamas,Ricardo,Lamas,The Bully,172.7,145.0,180.3,Orthodox,1982-05-21,http://ufcstats.com/fighter-details/3974fa35c917af1d
Jason Lambert,Jason,Lambert,The Punisher,190.5,185.0,190.5,Orthodox,1975-06-03,http://ufcstats.com/fighter-details/5be86bb2f78fef2f
Jose Landi-Jons,Jose,Landi-Jons,Pele,180.3,170.0,,Orthodox,1973-09-09,http://ufcstats.com/fighter-details/7e062824c175f975
Nate Landwehr,Nate,Landwehr,The Train,175.3,145.0,182.9,Orthodox,1988-06-06,http://ufcstats.com/fighter-details/583ee11abddfc581
Austen Lane,Austen,Lane,,198.1,245.0,203.2,Orthodox,1987-11-09,http://ufcstats.com/fighter-details/be9bdec19b7e9ffe
Aaron Lanfranco,Aaron,Lanfranco,,,155.0,,,1986-08-26,http://ufcstats.com/fighter-details/d73e856f150744b2
Jeremy Lang,Jeremy,Lang,,180.3,205.0,,Southpaw,1975-05-11,http://ufcstats.com/fighter-details/09422812370fbdfe
Lionel Lanham,Lionel,Lanham,,,205.0,,,1980-08-31,http://ufcstats.com/fighter-details/b8980dd7e8fc5976
Lina Lansberg,Lina,Lansberg,Elbow Queen,170.2,135.0,165.1,Orthodox,1982-03-13,http://ufcstats.com/fighter-details/2eeaefbfc7f9fcff
Taylor Lapilus,Taylor,Lapilus,Double Impact,167.6,135.0,185.4,Southpaw,1992-04-08,http://ufcstats.com/fighter-details/8b1ed83b02303075
Chad Laprise,Chad,Laprise,The Disciple,177.8,170.0,180.3,Orthodox,1986-07-23,http://ufcstats.com/fighter-details/c03a5022f8439f2a
Anthony Lapsley,Anthony,Lapsley,The Recipe,175.3,170.0,,Southpaw,1980-02-13,http://ufcstats.com/fighter-details/f3a853544e4413c4
TJ Laramie,TJ,Laramie,,167.6,145.0,167.6,Orthodox,1997-10-15,http://ufcstats.com/fighter-details/cd2e5a390821fb48
Joseph Larcinese,Joseph,Larcinese,Big Sexy,,125.0,,,1998-10-01,http://ufcstats.com/fighter-details/62a72adeb0227603
Icho Larenas,Icho,Larenas,,190.5,235.0,,Orthodox,1980-03-12,http://ufcstats.com/fighter-details/49efbdc6c9f650c4
Lorenz Larkin,Lorenz,Larkin,The Monsoon,180.3,170.0,182.9,Orthodox,1986-09-03,http://ufcstats.com/fighter-details/9450848a71d53776
Jeremy Larsen,Jeremy,Larsen,,177.8,145.0,177.8,Orthodox,1984-05-18,http://ufcstats.com/fighter-details/c3bd649a9194e50c
Brock Larson,Brock,Larson,,180.3,170.0,180.3,Southpaw,1977-08-23,http://ufcstats.com/fighter-details/5eedbf1e9601be35
Ryan Larson,Ryan,Larson,,,170.0,,,1980-12-30,http://ufcstats.com/fighter-details/7107e53ebd7435fb
Bobby Lashley,Bobby,Lashley,,190.5,255.0,198.1,Orthodox,1976-07-16,http://ufcstats.com/fighter-details/b0826525fa17231d
Ilir Latifi,Ilir,Latifi,The Sledgehammer,177.8,230.0,185.4,Orthodox,1982-07-28,http://ufcstats.com/fighter-details/e9a3aeb207578eea
Sione Latu,Sione,Latu,,182.9,215.0,,,,http://ufcstats.com/fighter-details/5898357a45a73674
Phillip Latu,Phillip,Latu,The Doctor,190.5,205.0,193.0,Orthodox,1991-02-17,http://ufcstats.com/fighter-details/09224b76d27007ee
Jenel Lausa,Jenel,Lausa,,165.1,125.0,172.7,Orthodox,1988-08-01,http://ufcstats.com/fighter-details/ec664422b22d9787
Joe Lauzon,Joe,Lauzon,,177.8,155.0,180.3,Orthodox,1984-05-22,http://ufcstats.com/fighter-details/3bad7ef643840f67
Dan Lauzon,Dan,Lauzon,The Upgrade,177.8,155.0,,Orthodox,1988-03-30,http://ufcstats.com/fighter-details/4c8d6fde2dde07c4
Sandra Lavado,Sandra,Lavado,Peruvian Zombie,170.2,115.0,167.6,Orthodox,1994-05-03,http://ufcstats.com/fighter-details/aa6da8cb3a26da04
Chatt Lavender,Chatt,Lavender,,172.7,170.0,,,1976-05-24,http://ufcstats.com/fighter-details/5449dcccd972ff83
Cody Law,Cody,Law,,,145.0,,,1995-03-24,http://ufcstats.com/fighter-details/e3162dbdbfd78287
Muhammed Lawal,Muhammed,Lawal,King Mo,182.9,205.0,198.1,Southpaw,1981-01-11,http://ufcstats.com/fighter-details/a571770c4016736f
Robbie Lawler,Robbie,Lawler,Ruthless,180.3,170.0,188.0,Southpaw,1982-03-20,http://ufcstats.com/fighter-details/f2925e6db404bf1d
Tom Lawlor,Tom,Lawlor,Filthy,182.9,205.0,188.0,Southpaw,1983-05-15,http://ufcstats.com/fighter-details/4d44f37107f01b9b
Justin Lawrence,Justin,Lawrence,The American Kidd,172.7,145.0,170.2,Orthodox,1990-05-15,http://ufcstats.com/fighter-details/879f6cae48d25baa
Lance Lawrence,Lance,Lawrence,,185.4,145.0,188.0,Orthodox,1993-06-26,http://ufcstats.com/fighter-details/ce039df1994b18f0
Ronnie Lawrence,Ronnie,Lawrence,The Heat,172.7,135.0,172.7,Switch,1992-06-13,http://ufcstats.com/fighter-details/e7e01e266a9d4342
Eric Lawson,Eric,Lawson,,182.9,185.0,,Orthodox,,http://ufcstats.com/fighter-details/38e5d9dcb0fddc42
Jimmy Lawson,Jimmy,Lawson,Greedy,182.9,265.0,195.6,Orthodox,1991-11-13,http://ufcstats.com/fighter-details/e43eefb10d440cb0
Valmir Lazaro,Valmir,Lazaro,Bidu,182.9,155.0,185.4,Orthodox,1985-08-15,http://ufcstats.com/fighter-details/777dea713da2441d
Zviad Lazishvili,Zviad,Lazishvili,,167.6,135.0,175.3,Orthodox,1991-10-25,http://ufcstats.com/fighter-details/41498c2d1a87b154
Mounir Lazzez,Mounir,Lazzez,The Sniper,185.4,170.0,193.0,Orthodox,1987-11-16,http://ufcstats.com/fighter-details/49ee5024966efc0d
Cung Le,Cung,Le,,175.3,185.0,177.8,Southpaw,1972-05-25,http://ufcstats.com/fighter-details/d4f364dd076bb0e2
Thanh Le,Thanh,Le,,175.3,145.0,188.0,Orthodox,1985-08-28,http://ufcstats.com/fighter-details/882b3f5a0774d575
Quang Le,Quang,Le,Bang,170.2,135.0,177.8,Orthodox,1991-10-18,http://ufcstats.com/fighter-details/32feae6d9a1e5047
Carlos Leal,Carlos,Leal,The Lion,180.3,170.0,188.0,Orthodox,1994-05-04,http://ufcstats.com/fighter-details/28d421729451c8ca
Jordan Leavitt,Jordan,Leavitt,The Monkey King,175.3,155.0,180.3,Southpaw,1995-06-02,http://ufcstats.com/fighter-details/ac026518a9b4dc0f
Jerome LeBanner,Jerome,LeBanner,,190.5,265.0,,Southpaw,1972-12-26,http://ufcstats.com/fighter-details/2d0b10789feafddb
Chris Leben,Chris,Leben,The Crippler,180.3,185.0,185.4,Southpaw,1980-07-21,http://ufcstats.com/fighter-details/d43a048a880efdff
Julien Leblanc,Julien,Leblanc,,,185.0,,,1992-01-21,http://ufcstats.com/fighter-details/cd0dfd9846bd03b9
Jean-Paul Lebosnoyani,Jean-Paul,Lebosnoyani,Mufasa,180.3,170.0,182.9,Switch,1999-01-27,http://ufcstats.com/fighter-details/a3dda21be645be93
Mickael Lebout,Mickael,Lebout,Ragnar,180.3,155.0,185.4,Orthodox,1987-08-16,http://ufcstats.com/fighter-details/c575ab451e3c5b1d
Stephen Ledbetter,Stephen,Ledbetter,,175.3,145.0,,Orthodox,1982-06-30,http://ufcstats.com/fighter-details/56ec58954158966a
Justin Ledet,Justin,Ledet,El Blanco,193.0,205.0,203.2,Orthodox,1988-09-28,http://ufcstats.com/fighter-details/ba1e6cb3d43f7430
James Lee,James,Lee,,180.3,205.0,,Southpaw,1973-09-22,http://ufcstats.com/fighter-details/863d06a7ef8bc98c
David Lee,David,Lee,,177.8,155.0,,Orthodox,,http://ufcstats.com/fighter-details/8caca5857ce0e30b
Jackie Lee,Jackie,Lee,,,,,,,http://ufcstats.com/fighter-details/4985113c0928aa62
Eun Soo Lee,Eun Soo,Lee,,185.4,215.0,,Orthodox,1982-03-07,http://ufcstats.com/fighter-details/39c568f8c579913e
Tae Hyun Lee,Tae Hyun,Lee,,198.1,295.0,,Orthodox,1975-01-17,http://ufcstats.com/fighter-details/de99da2c0d18d34a
Tommy Lee,Tommy,Lee,,170.2,145.0,,Orthodox,1977-01-20,http://ufcstats.com/fighter-details/806975e1b4f47b27
Matt Lee,Matt,Lee,,180.3,155.0,,Orthodox,,http://ufcstats.com/fighter-details/d9e3743bae8d703d
Imani Lee,Imani,Lee,,,,,Orthodox,,http://ufcstats.com/fighter-details/0802be3516ef8f66
Vaughan Lee,Vaughan,Lee,,167.6,125.0,167.6,Orthodox,1982-10-15,http://ufcstats.com/fighter-details/8bb6f4479685bbcc
Kevin Lee,Kevin,Lee,The Motown Phenom,175.3,170.0,195.6,Orthodox,1992-09-04,http://ufcstats.com/fighter-details/ee9ebceabfd16fa7
Rocky Lee,Rocky,Lee,,175.3,145.0,,Orthodox,1987-04-08,http://ufcstats.com/fighter-details/0d1c163b206e8c5f
Andrea Lee,Andrea,Lee,KGB,167.6,125.0,175.3,Orthodox,1989-02-11,http://ufcstats.com/fighter-details/05fa626cb33d15b8
JeongYeong Lee,JeongYeong,Lee,Korean Tiger,177.8,145.0,185.4,Orthodox,1995-11-13,http://ufcstats.com/fighter-details/d008d785f6347dc2
JungHyun Lee,JungHyun,Lee,The Phenom,165.1,125.0,165.1,Orthodox,2002-09-10,http://ufcstats.com/fighter-details/b6033505c245e28b
ChangHo Lee,ChangHo,Lee,,172.7,135.0,175.3,Orthodox,1994-05-09,http://ufcstats.com/fighter-details/117a06469813e4ef
Macksom Lee,Macksom,Lee,,185.4,135.0,190.5,Orthodox,1999-01-06,http://ufcstats.com/fighter-details/9fd299c8356cbf0f
YiSak Lee,YiSak,Lee,The Tank,,185.0,,,2000-01-01,http://ufcstats.com/fighter-details/e6666480a830f764
Ricky Legere Jr.,Ricky,Legere Jr.,IE Bad Boy,172.7,170.0,,,,http://ufcstats.com/fighter-details/5817df778cc27274
Sherron Leggett,Sherron,Leggett,Rob Roy,172.7,155.0,,Southpaw,1978-10-27,http://ufcstats.com/fighter-details/4f670b7972fa0a2e
Cheyden Leialoha,Cheyden,Leialoha,Steadfast,172.7,135.0,185.4,Orthodox,1994-03-15,http://ufcstats.com/fighter-details/98cbbc06074c68a4
Claudia Leite,Claudia,Leite,,160.0,135.0,162.6,Orthodox,1996-11-04,http://ufcstats.com/fighter-details/90550a08f0b02b6f
Thales Leites,Thales,Leites,,185.4,185.0,198.1,Orthodox,1981-09-06,http://ufcstats.com/fighter-details/cfb65863d5099327
Jovan Leka,Jovan,Leka,,,265.0,,,2002-03-15,http://ufcstats.com/fighter-details/182a73d5b4e57871
Stefan Leko,Stefan,Leko,Blitz,188.0,215.0,,Orthodox,1974-06-03,http://ufcstats.com/fighter-details/d56bb6dff2ae77eb
Gabe Lemley,Gabe,Lemley,,172.7,155.0,,Orthodox,,http://ufcstats.com/fighter-details/fd4578cac86d75ca
Amanda Lemos,Amanda,Lemos,,162.6,115.0,165.1,Southpaw,1987-05-22,http://ufcstats.com/fighter-details/3df5493bb279226f
Giacomo Lemos,Giacomo,Lemos,,190.5,247.0,190.5,Orthodox,1989-06-23,http://ufcstats.com/fighter-details/f37822d5b3e47517
Christophe Leninger,Christophe,Leninger,,182.9,200.0,,Southpaw,,http://ufcstats.com/fighter-details/7269329bd87eb479
Jesse Lennox,Jesse,Lennox,The Ox,175.3,170.0,182.9,Orthodox,1982-03-10,http://ufcstats.com/fighter-details/3ae10ac4df3df05c
Jean Francois Lenogue,Jean Francois,Lenogue,,182.9,185.0,,Orthodox,1972-11-29,http://ufcstats.com/fighter-details/e60201cfab7d656d
Nik Lentz,Nik,Lentz,The Carny,172.7,145.0,172.7,Orthodox,1984-08-13,http://ufcstats.com/fighter-details/6fb1ba67bef41b37
Alberta Cerra Leon,Alberta Cerra,Leon,,172.7,238.0,,,,http://ufcstats.com/fighter-details/6e02c318762f52f1
Victoria Leonardo,Victoria,Leonardo,Fury,165.1,125.0,162.6,Orthodox,1990-02-16,http://ufcstats.com/fighter-details/9dedfdd91070ddd8
Anthony Leone,Anthony,Leone,,167.6,135.0,,Orthodox,1987-05-27,http://ufcstats.com/fighter-details/86b9b51a81e9c339
Chad Leonhardt,Chad,Leonhardt,The Boss,182.9,170.0,,,1980-02-19,http://ufcstats.com/fighter-details/657d0ed181f04215
Kimo Leopoldo,Kimo,Leopoldo,,190.5,235.0,,Orthodox,1968-01-05,http://ufcstats.com/fighter-details/08ae5cd9aef7ddd3
Michael Lerma,Michael,Lerma,,,,,,,http://ufcstats.com/fighter-details/f1fd8ec1023c89b3
Lukasz Les,Lukasz,Les,,,170.0,,,1981-11-05,http://ufcstats.com/fighter-details/5a8e30ed38a5bc6f
Brock Lesnar,Brock,Lesnar,,190.5,265.0,205.7,Orthodox,1977-07-12,http://ufcstats.com/fighter-details/513c6f1715e547a8
Frank Lester,Frank,Lester,,180.3,170.0,,Orthodox,1984-06-10,http://ufcstats.com/fighter-details/edd8d5d8089a35f8
Valerie Letourneau,Valerie,Letourneau,Trouble,170.2,115.0,172.7,Orthodox,1983-04-29,http://ufcstats.com/fighter-details/46a2f24feb258ae0
Leah Letson,Leah,Letson,Nidas,170.2,145.0,180.3,Southpaw,1992-08-21,http://ufcstats.com/fighter-details/8cb78f3a6c2a08f7
Justin Levens,Justin,Levens,The Executioner,180.3,185.0,,Orthodox,1980-04-18,http://ufcstats.com/fighter-details/8c3f3c43c8ceb778
Marcus LeVesseur,Marcus,LeVesseur,The Prospect,175.3,155.0,177.8,Southpaw,1982-07-17,http://ufcstats.com/fighter-details/182f2b78582de3d8
David Levicki,David,Levicki,,195.6,275.0,,,,http://ufcstats.com/fighter-details/49590e0508b2c19f
Kyle Levinton,Kyle,Levinton,,,,,,,http://ufcstats.com/fighter-details/81ddc98fceb30086
Natan Levy,Natan,Levy,Lethal,175.3,155.0,180.3,Southpaw,1991-09-30,http://ufcstats.com/fighter-details/a29db9cd4f9ccea5
John Lewis,John,Lewis,,182.9,155.0,,Southpaw,,http://ufcstats.com/fighter-details/4a01dc8376736ef5
Derrick Lewis,Derrick,Lewis,The Black Beast,190.5,260.0,200.7,Orthodox,1985-02-07,http://ufcstats.com/fighter-details/d3df1add9d9a7efb
Bevon Lewis,Bevon,Lewis,,190.5,185.0,200.7,Orthodox,1991-05-05,http://ufcstats.com/fighter-details/899923ff6ab13917
Brandon Lewis,Brandon,Lewis,,162.6,135.0,177.8,Orthodox,1997-08-02,http://ufcstats.com/fighter-details/6623cb1c27025634
Malik Lewis,Malik,Lewis,Hard Knock,182.9,155.0,190.5,Orthodox,1996-03-04,http://ufcstats.com/fighter-details/f60dbe6e05489c4f
Chi Lewis-Parry,Chi,Lewis-Parry,Chopper,205.7,243.0,,,1983-08-10,http://ufcstats.com/fighter-details/a307a10414d0ad00
Li Jingliang,Li,Jingliang,The Leech,182.9,170.0,180.3,Orthodox,1988-03-20,http://ufcstats.com/fighter-details/e64b96c07d7ce999
Li Yunfeng,Li,Yunfeng,,172.7,135.0,172.7,Orthodox,1999-03-08,http://ufcstats.com/fighter-details/4c7afd56ef1947ac
Liang Na,Liang,Na,The Dragon Girl,165.1,125.0,170.2,Orthodox,1996-07-27,http://ufcstats.com/fighter-details/ec0dcceace7d25a3
Jess Liaudin,Jess,Liaudin,The Joker,175.3,170.0,182.9,Orthodox,,http://ufcstats.com/fighter-details/a8aba6fd8a463043
Chuck Liddell,Chuck,Liddell,The Iceman,188.0,205.0,193.0,Orthodox,1969-12-17,http://ufcstats.com/fighter-details/a390eb8a9b2df298
Rodrigo Lidio,Rodrigo,Lidio,Dynamis,180.3,155.0,185.4,Orthodox,1989-07-07,http://ufcstats.com/fighter-details/11b5a809c3120e27
Sam Liera,Sam,Liera,,,,,,,http://ufcstats.com/fighter-details/421ccfc6ddb17958
Zach Light,Zach,Light,,172.7,170.0,,Orthodox,1974-02-06,http://ufcstats.com/fighter-details/5d7c18191b8aa432
Scott Lighty,Scott,Lighty,,188.0,205.0,,,1978-10-15,http://ufcstats.com/fighter-details/998c8890a8dde1eb
Chris Liguori,Chris,Liguori,,175.3,185.0,,Orthodox,,http://ufcstats.com/fighter-details/0e31bfd26cc8c503
Donnie Liles,Donnie,Liles,,175.3,170.0,,Orthodox,,http://ufcstats.com/fighter-details/a1bf037613180253
Jae Suk Lim,Jae Suk,Lim,,175.3,170.0,,Orthodox,1979-11-09,http://ufcstats.com/fighter-details/bbb15f301e4a490a
Hyun Gyu Lim,Hyun Gyu,Lim,The Ace,190.5,170.0,195.6,Orthodox,1985-01-16,http://ufcstats.com/fighter-details/203c957eac95dd87
GwanWoo Lim,GwanWoo,Lim,The Giant,,155.0,,,2001-07-27,http://ufcstats.com/fighter-details/a53657e43b00614e
Juliana Lima,Juliana,Lima,Ju Thai,165.1,115.0,165.1,Orthodox,1982-03-15,http://ufcstats.com/fighter-details/75a6a390fd5dca46
Dhiego Lima,Dhiego,Lima,,188.0,170.0,190.5,Orthodox,1989-01-31,http://ufcstats.com/fighter-details/e9213f53ddeca978
Douglas Lima,Douglas,Lima,The Phenom,185.4,170.0,,,1988-01-05,http://ufcstats.com/fighter-details/264111bf62662fbf
Mabelly Lima,Mabelly,Lima,,157.5,135.0,,Orthodox,1994-01-25,http://ufcstats.com/fighter-details/6135fd9665fbb74e
Andre Lima,Andre,Lima,Mascote,170.2,125.0,170.2,Orthodox,1999-02-04,http://ufcstats.com/fighter-details/b1f21ce050035d58
Felipe Lima,Felipe,Lima,Jungle Boy,167.6,135.0,172.7,Orthodox,1998-05-07,http://ufcstats.com/fighter-details/9256f591b30c073e
Miguel Linares,Miguel,Linares,,,,,,,http://ufcstats.com/fighter-details/18c49685296c60e6
Emiliano Linares,Emiliano,Linares,Golden Bull,172.7,145.0,182.9,Orthodox,1997-04-21,http://ufcstats.com/fighter-details/a4ef92274a45143d
Matt Lindland,Matt,Lindland,The Law,182.9,185.0,188.0,Southpaw,1970-05-17,http://ufcstats.com/fighter-details/0e041d43a47d2e4b
Jake Lindsey,Jake,Lindsey,The Librarian,180.3,155.0,,Switch,1986-06-21,http://ufcstats.com/fighter-details/33e00249ef08d3a4
John Lineker,John,Lineker,Hands of Stone,160.0,135.0,170.2,Orthodox,1990-06-12,http://ufcstats.com/fighter-details/c268b2cfebccf652
Austin Lingo,Austin,Lingo,Lights Out,177.8,145.0,177.8,Orthodox,1994-07-10,http://ufcstats.com/fighter-details/305d73ede05e31ad
Lucio Linhares,Lucio,Linhares,,188.0,185.0,,Orthodox,1973-12-08,http://ufcstats.com/fighter-details/a780d16cf7eed44d
Philipe Lins,Philipe,Lins,Monstro,188.0,205.0,198.1,Orthodox,1985-08-17,http://ufcstats.com/fighter-details/53c943c873cffe90
Tainara Lisboa,Tainara,Lisboa,Thai Panther,170.2,135.0,170.2,Orthodox,1991-03-02,http://ufcstats.com/fighter-details/2c5f5749569eef66
Dean Lister,Dean,Lister,The Boogeyman,185.4,185.0,190.5,Orthodox,1976-02-13,http://ufcstats.com/fighter-details/68c6cd5287b473a7
Wesley Little,Wesley,Little,,193.0,205.0,,,,http://ufcstats.com/fighter-details/008c6e1a25751575
Liu Ce,Liu,Ce,,,205.0,,,1996-09-04,http://ufcstats.com/fighter-details/a9936818d709e2d7
Adam Livingston,Adam,Livingston,Bomb,188.0,155.0,180.3,Orthodox,2001-08-15,http://ufcstats.com/fighter-details/515890922fe9ce96
James Llontop,James,Llontop,Goku,182.9,155.0,185.4,Orthodox,1999-08-02,http://ufcstats.com/fighter-details/93b2b7caa457cbea
Abner Lloveras,Abner,Lloveras,Skullman,180.3,155.0,,,1982-09-04,http://ufcstats.com/fighter-details/6448e57a9533b7e4
Brian Lo-A-Njoe,Brian,Lo-A-Njoe,,170.2,155.0,,Orthodox,,http://ufcstats.com/fighter-details/7abce81b72fbbd9b
John Lober,John,Lober,The Machine,180.3,199.0,,Orthodox,1968-02-26,http://ufcstats.com/fighter-details/31652c9267606d54
Artem Lobov,Artem,Lobov,The Russian Hammer,175.3,145.0,165.1,Southpaw,1986-08-11,http://ufcstats.com/fighter-details/02f2a9702ba3d167
Dylan Lockard,Dylan,Lockard,,175.3,145.0,182.9,Orthodox,1992-05-19,http://ufcstats.com/fighter-details/9caa254991a5a698
Ryan Loder,Ryan,Loder,Man of Steel,188.0,185.0,193.0,Southpaw,1991-06-05,http://ufcstats.com/fighter-details/d5bab53a1a603aac
Sean Loeffler,Sean,Loeffler,The Destroyer,190.5,185.0,,Orthodox,1982-05-23,http://ufcstats.com/fighter-details/d3d1ff3f3dfa0931
Christian Lohsen,Christian,Lohsen,Hollywood,188.0,155.0,195.6,Southpaw,1995-01-24,http://ufcstats.com/fighter-details/4ab36d70d1b28b58
David Loiseau,David,Loiseau,The Crow,182.9,185.0,193.0,Orthodox,1979-12-17,http://ufcstats.com/fighter-details/22e47b53e4ceb27c
Hector Lombard,Hector,Lombard,,175.3,185.0,180.3,Southpaw,1978-02-02,http://ufcstats.com/fighter-details/db1f2ed63b54b9a7
Michael Lombardo,Michael,Lombardo,The Don,182.9,170.0,182.9,Orthodox,1990-04-03,http://ufcstats.com/fighter-details/6d6b9a6cb063b60d
Rocky Long,Rocky,Long,,,145.0,,,1978-02-18,http://ufcstats.com/fighter-details/10e04e5e81f391a0
Thomas Longacre,Thomas,Longacre,,175.3,145.0,,Orthodox,,http://ufcstats.com/fighter-details/989be26791d0aad4
Loma Lookboonmee,Loma,Lookboonmee,,154.9,115.0,154.9,Orthodox,1996-01-18,http://ufcstats.com/fighter-details/4e30e4250cb08b61
Ange Loosa,Ange,Loosa,The Last Ninja,177.8,170.0,188.0,Orthodox,1993-03-18,http://ufcstats.com/fighter-details/1497e735d9f2560a
Lucas Lopes,Lucas,Lopes,,188.0,185.0,,,1979-10-05,http://ufcstats.com/fighter-details/1f70dd67ad507990
Dileno Lopes,Dileno,Lopes,,165.1,135.0,,,1984-09-26,http://ufcstats.com/fighter-details/8270c00fae24c922
Diego Lopes,Diego,Lopes,,180.3,145.0,182.9,Orthodox,1994-12-30,http://ufcstats.com/fighter-details/f166e93d04a8c274
Bruno Lopes,Bruno,Lopes,The Brazilian Cowboy,188.0,205.0,188.0,Orthodox,1993-04-24,http://ufcstats.com/fighter-details/0abcf6bc47191219
Arthur Lopes,Arthur,Lopes,Demolidor,188.0,234.0,195.6,Southpaw,1993-02-17,http://ufcstats.com/fighter-details/2aa481e98185e261
Ivan Lopez,Ivan,Lopez,,167.6,135.0,,Southpaw,,http://ufcstats.com/fighter-details/0db9d2486d564a3c
Steve Lopez,Steve,Lopez,,180.3,155.0,,Orthodox,1984-07-30,http://ufcstats.com/fighter-details/6085ceb59087514b
Federico Lopez,Federico,Lopez,Kiko,162.6,139.0,,Orthodox,,http://ufcstats.com/fighter-details/9681e0ce67dc978b
Jorge Lopez,Jorge,Lopez,,177.8,170.0,,Orthodox,1988-11-21,http://ufcstats.com/fighter-details/ee624ee2a18f2a43
Christopher Lopez,Christopher,Lopez,,177.8,170.0,,,1986-01-30,http://ufcstats.com/fighter-details/5148a665aa527865
Matthew Lopez,Matthew,Lopez,,170.2,135.0,175.3,Southpaw,1987-01-21,http://ufcstats.com/fighter-details/2fc7e9701642ca38
Benito Lopez,Benito,Lopez,Golden Boy,177.8,135.0,185.4,Switch,1994-04-06,http://ufcstats.com/fighter-details/773f7feacf96153e
Gustavo Lopez,Gustavo,Lopez,,165.1,135.0,170.2,Orthodox,1989-06-27,http://ufcstats.com/fighter-details/93b62c5f2ba18e51
Gabriel Lorenco,Gabriel,Lorenco,Black Mamba,,,,,1999-09-30,http://ufcstats.com/fighter-details/e3fc6c1fab298561
Alik Lorenz,Alik,Lorenz,,188.0,205.0,195.6,Orthodox,1997-01-25,http://ufcstats.com/fighter-details/92b5f4ee9ff40321
Colton Loud,Colton,Loud,,,125.0,,,2000-12-07,http://ufcstats.com/fighter-details/1c01e9a0c44e3128
Brendan Loughnane,Brendan,Loughnane,,177.8,145.0,177.8,Switch,1989-12-05,http://ufcstats.com/fighter-details/b788862dd1c11eac
Nate Loughran,Nate,Loughran,,188.0,185.0,,Orthodox,1980-07-28,http://ufcstats.com/fighter-details/cbf94e4c4af4ff6d
Caolan Loughran,Caolan,Loughran,The Don,167.6,135.0,172.7,Orthodox,1996-05-18,http://ufcstats.com/fighter-details/42ac4020cba261ad
Rashard Lovelace,Rashard,Lovelace,,,155.0,,,,http://ufcstats.com/fighter-details/e601d71cf8e5be22
Ian Loveland,Ian,Loveland,The Barn Owl,172.7,145.0,,Orthodox,1983-09-07,http://ufcstats.com/fighter-details/eea0274e153256a0
Jakob Lovstad,Jakob,Lovstad,The Striking Viking,190.5,205.0,,Orthodox,,http://ufcstats.com/fighter-details/ad044be25c94dcfd
Waylon Lowe,Waylon,Lowe,,170.2,145.0,,Southpaw,1980-10-31,http://ufcstats.com/fighter-details/28f62d866c59c709
Brandon Lowe,Brandon,Lowe,,,155.0,,,,http://ufcstats.com/fighter-details/78ac94d54aa7f378
Joe Lowry,Joe,Lowry,,180.3,155.0,185.4,Orthodox,1989-12-12,http://ufcstats.com/fighter-details/86248c84834238e7
Lu Kai,Lu,Kai,The Last Gladiator,175.3,145.0,175.3,Orthodox,1994-03-01,http://ufcstats.com/fighter-details/a2d23e684b3db732
Lu Zhengyong,Lu,Zhengyong,,,125.0,,,,http://ufcstats.com/fighter-details/dc1bfd47c3b21ad3
Robert Lucarelli,Robert,Lucarelli,,188.0,245.0,,,,http://ufcstats.com/fighter-details/96087e90d900f0ef
Matt Lucas,Matt,Lucas,Luke Duke,185.4,205.0,,,,http://ufcstats.com/fighter-details/668222c99c5c311d
Cleber Luciano,Cleber,Luciano,,167.6,155.0,,,,http://ufcstats.com/fighter-details/9bdebbf2735d14c2
Stephanie Luciano,Stephanie,Luciano,Rondinha,167.6,115.0,165.1,Orthodox,1999-12-16,http://ufcstats.com/fighter-details/1b35af4d1529adf6
Iasmin Lucindo,Iasmin,Lucindo,,160.0,115.0,167.6,Orthodox,2002-01-08,http://ufcstats.com/fighter-details/abcf2cc6efc42031
Duane Ludwig,Duane,Ludwig,Bang,177.8,170.0,177.8,Orthodox,1978-08-04,http://ufcstats.com/fighter-details/84ac950d4c1722dd
Lawrence Lui,Lawrence,Lui,Lok Yin,170.2,135.0,182.9,Orthodox,1996-08-04,http://ufcstats.com/fighter-details/a1ad35b98a9136e5
Mike Lullo,Mike,Lullo,,172.7,145.0,,Orthodox,1979-07-24,http://ufcstats.com/fighter-details/e26882820f9e8df5
Juan Andres Luna,Juan Andres,Luna,,170.2,125.0,182.9,Orthodox,1995-08-20,http://ufcstats.com/fighter-details/1fd9f744105024a8
Paula Luna,Paula,Luna,La Prodigia,157.5,125.0,157.5,Orthodox,1999-07-05,http://ufcstats.com/fighter-details/5b1effb0db45273a
Santiago Luna,Santiago,Luna,BorderBoy,175.3,135.0,188.0,Orthodox,2004-08-06,http://ufcstats.com/fighter-details/faf317c665546a36
Dalcha Lungiambula,Dalcha,Lungiambula,Champion,172.7,185.0,193.0,Orthodox,1987-07-31,http://ufcstats.com/fighter-details/ce632027bf2a871b
Alexandru Lungu,Alexandru,Lungu,,182.9,385.0,,Orthodox,1974-09-03,http://ufcstats.com/fighter-details/4887e5bc4dbb73ff
Vicente Luque,Vicente,Luque,The Silent Assassin,180.3,170.0,190.5,Orthodox,1991-11-27,http://ufcstats.com/fighter-details/6d4b63c767106d3a
Thaddeus Luster,Thaddeus,Luster,,190.5,210.0,,,,http://ufcstats.com/fighter-details/505934897b8b4824
Travis Lutter,Travis,Lutter,The Serial Killer,180.3,185.0,190.5,Orthodox,1973-05-12,http://ufcstats.com/fighter-details/622f015c81a9b13a
Joilton Lutterbach,Joilton,Lutterbach,Peregrino,185.4,185.0,190.5,Orthodox,1992-11-05,http://ufcstats.com/fighter-details/12630a4aa0894da8
Tucker Lutz,Tucker,Lutz,Top Gun,172.7,145.0,182.9,Orthodox,1994-07-12,http://ufcstats.com/fighter-details/7832f2f62f04178f
Lv Zhenhong,Lv,Zhenhong,,172.7,145.0,170.2,Switch,1993-06-25,http://ufcstats.com/fighter-details/5a4913108a3b9190
Stevie Lynch,Stevie,Lynch,,177.8,170.0,,Orthodox,,http://ufcstats.com/fighter-details/710d93f1508f7104
Adam Lynn,Adam,Lynn,,177.8,155.0,,Orthodox,,http://ufcstats.com/fighter-details/edfe95e3c33a4bf8
Chris Lytle,Chris,Lytle,Lights Out,180.3,170.0,172.7,Orthodox,1974-08-18,http://ufcstats.com/fighter-details/91acd6910b802a9e
Dong Hyun Ma,Dong Hyun,Ma,Maestro,180.3,155.0,177.8,Orthodox,1988-09-09,http://ufcstats.com/fighter-details/98a6b2361045898f
Pawan Maan,Pawan,Maan,,170.2,155.0,177.8,Orthodox,1986-04-06,http://ufcstats.com/fighter-details/450bacdacd706bcd
William Macario,William,Macario,Patolino,180.3,170.0,190.5,Orthodox,1991-07-01,http://ufcstats.com/fighter-details/ed74afc8b5b47a61
Jason MacDonald,Jason,MacDonald,The Athlete,190.5,185.0,203.2,Orthodox,1975-06-03,http://ufcstats.com/fighter-details/2be6596a9db33bf5
Rob MacDonald,Rob,MacDonald,Maximus,190.5,205.0,198.1,Orthodox,1978-09-05,http://ufcstats.com/fighter-details/f3388d2cf7ab3f64
Rory MacDonald,Rory,MacDonald,Red King,182.9,170.0,193.0,Orthodox,1989-07-22,http://ufcstats.com/fighter-details/cbd5d3cdd862e90e
Ryan MacDonald,Ryan,MacDonald,Main Event,180.3,135.0,180.3,Switch,1993-03-18,http://ufcstats.com/fighter-details/35e1f9984ed64206
Clayton MacFarlane,Clayton,MacFarlane,,,170.0,,,,http://ufcstats.com/fighter-details/39831e62d12e7ad1
Ilima Macfarlane,Ilima,Macfarlane,,162.6,125.0,,,,http://ufcstats.com/fighter-details/8cf90e41646491fd
Valesca Machado,Valesca,Machado,Tina Black,162.6,115.0,160.0,Orthodox,1996-05-06,http://ufcstats.com/fighter-details/a1a91dbf41a029c4
Caio Machado,Caio,Machado,Bigfoot,193.0,250.0,198.1,Southpaw,1994-07-20,http://ufcstats.com/fighter-details/89839250eb25c9c1
Ian Machado Garry,Ian,Machado Garry,The Future,190.5,170.0,188.0,Orthodox,1997-11-17,http://ufcstats.com/fighter-details/442c9011034ae1fd
Lyoto Machida,Lyoto,Machida,The Dragon,185.4,185.0,188.0,Southpaw,1978-05-30,http://ufcstats.com/fighter-details/f7a7f7118d4b01b6
War Machine,War,Machine,,180.3,170.0,,Orthodox,1981-11-30,http://ufcstats.com/fighter-details/cd7bafbeee1f29a0
Anthony Macias,Anthony,Macias,Mad Dog,175.3,185.0,,Switch,,http://ufcstats.com/fighter-details/dedc3bb440d09554
Pauline Macias,Pauline,Macias,PITA,162.6,115.0,162.6,Southpaw,1988-06-27,http://ufcstats.com/fighter-details/e88b83dea18f5d31
Reza Madadi,Reza,Madadi,Mad Dog,180.3,155.0,185.4,Orthodox,1978-06-20,http://ufcstats.com/fighter-details/e25bcbcdaf6537a1
Don Madge,Don,Madge,Magic Man,182.9,155.0,182.9,Southpaw,1990-11-12,http://ufcstats.com/fighter-details/68c7ad953455c73f
Ryan Madigan,Ryan,Madigan,,182.9,170.0,,Orthodox,,http://ufcstats.com/fighter-details/a8d521d913df4e31
Victor Madrigal,Victor,Madrigal,Periquito,170.2,135.0,180.3,Orthodox,1990-08-16,http://ufcstats.com/fighter-details/cc63a5f0089d8ba9
Jon Madsen,Jon,Madsen,,182.9,240.0,182.9,Orthodox,1980-02-12,http://ufcstats.com/fighter-details/7691a80e6ca3e55b
Mark Madsen,Mark,Madsen,The Olympian,172.7,155.0,182.9,Orthodox,1984-09-23,http://ufcstats.com/fighter-details/da0995f19b749cfa
Yoshiro Maeda,Yoshiro,Maeda,,170.2,139.0,172.7,Southpaw,1981-10-31,http://ufcstats.com/fighter-details/a4bf17bd3ba3423b
Leonardo Mafra,Leonardo,Mafra,Macarrao,177.8,155.0,177.8,Orthodox,1989-04-25,http://ufcstats.com/fighter-details/8bbc0cfc01bc1ba1
Vinny Magalhaes,Vinny,Magalhaes,Pezao,190.5,205.0,190.5,Orthodox,1984-07-02,http://ufcstats.com/fighter-details/88a9bc81271ccd89
Vinicius Magalhaes,Vinicius,Magalhaes,Draculinho,,145.0,,,1971-07-30,http://ufcstats.com/fighter-details/1b583c64c23f0c7f
Caio Magalhaes,Caio,Magalhaes,Hellboy,185.4,185.0,185.4,Orthodox,1987-12-14,http://ufcstats.com/fighter-details/0c5c66ddd1886b83
Bernardo Magalhaes,Bernardo,Magalhaes,Trekko,175.3,155.0,,Orthodox,1981-04-08,http://ufcstats.com/fighter-details/7a613f78dd7ee8f8
Eric Magana,Eric,Magana,,,,,,,http://ufcstats.com/fighter-details/8db1b36dde268ef6
Brandon Magana,Brandon,Magana,,,170.0,,Orthodox,,http://ufcstats.com/fighter-details/2015c944226ad2df
Angela Magana,Angela,Magana,Your Majesty,154.9,115.0,165.1,Orthodox,1983-08-02,http://ufcstats.com/fighter-details/bd878a638e0e3be3
Neil Magny,Neil,Magny,The Haitian Sensation,190.5,170.0,203.2,Orthodox,1987-08-03,http://ufcstats.com/fighter-details/84b3e7d38f2d2ec5
Raimond Magomedaliev,Raimond,Magomedaliev,,185.4,170.0,190.5,Orthodox,1990-06-10,http://ufcstats.com/fighter-details/d16373b3568678d4
Ibragim Magomedov,Ibragim,Magomedov,,182.9,250.0,,Orthodox,,http://ufcstats.com/fighter-details/e7e970d508529bf3
Rashid Magomedov,Rashid,Magomedov,Highlander,175.3,155.0,177.8,Orthodox,1984-11-29,http://ufcstats.com/fighter-details/7ea1f74cef32f906
Ruslan Magomedov,Ruslan,Magomedov,Leopard,190.5,242.0,198.1,Orthodox,1986-11-26,http://ufcstats.com/fighter-details/369e1ce458ef50a6
Abus Magomedov,Abus,Magomedov,,188.0,185.0,198.1,Orthodox,1990-09-02,http://ufcstats.com/fighter-details/36b8f265bcd1b7a4
Shara Magomedov,Shara,Magomedov,Bullet,188.0,185.0,185.4,Orthodox,1994-05-16,http://ufcstats.com/fighter-details/06734ca9d88dec3a
Murtazali Magomedov,Murtazali,Magomedov,The Highlight,175.3,145.0,177.8,Orthodox,1999-08-26,http://ufcstats.com/fighter-details/d436f5d55156a521
Zabit Magomedsharipov,Zabit,Magomedsharipov,,185.4,145.0,185.4,Orthodox,1991-03-01,http://ufcstats.com/fighter-details/87aa9fb63d6b51a1
John Maguire,John,Maguire,The One,175.3,155.0,175.3,Southpaw,1983-05-19,http://ufcstats.com/fighter-details/1a7745388839e52b
Lolohea Mahe,Lolohea,Mahe,,,,,,,http://ufcstats.com/fighter-details/fb0b6593cec84356
Michelle Maher,Michelle,Maher,,,145.0,,,,http://ufcstats.com/fighter-details/118463dd8db16e7f
Maheshate,,Maheshate,,182.9,155.0,180.3,Orthodox,1999-12-01,http://ufcstats.com/fighter-details/8c1ca54b5089d199
Bill Mahood,Bill,Mahood,The Butcher,190.5,200.0,,Orthodox,1967-02-01,http://ufcstats.com/fighter-details/ae58685caf8e4a0d
Klayton Mai,Klayton,Mai,,175.3,125.0,,,1986-11-30,http://ufcstats.com/fighter-details/7a9c1bb08a743d7f
Demian Maia,Demian,Maia,,185.4,170.0,182.9,Southpaw,1977-11-06,http://ufcstats.com/fighter-details/427b5953ac8e3a27
Jennifer Maia,Jennifer,Maia,,162.6,125.0,162.6,Orthodox,1988-10-06,http://ufcstats.com/fighter-details/8e1f36476ef02a6a
Nayara Maia,Nayara,Maia,Capita,165.1,125.0,167.6,Orthodox,1990-07-25,http://ufcstats.com/fighter-details/03b1b79b34eaf217
Yilizhati Maimaitijiang,Yilizhati,Maimaitijiang,,,185.0,,,,http://ufcstats.com/fighter-details/df1e855932897f45
Roshan Mainam,Roshan,Mainam,The Indian Notorious,,135.0,,,,http://ufcstats.com/fighter-details/b301292b1bc92bdb
Levan Makashvili,Levan,Makashvili,The Hornet,172.7,145.0,172.7,Orthodox,1989-01-07,http://ufcstats.com/fighter-details/938ad489fb7a1f31
John Makdessi,John,Makdessi,The Bull,172.7,155.0,172.7,Orthodox,1985-05-03,http://ufcstats.com/fighter-details/c21a036b4e012f1c
Islam Makhachev,Islam,Makhachev,,177.8,170.0,177.8,Southpaw,1991-10-27,http://ufcstats.com/fighter-details/275aca31f61ba28c
Aliev Makhmud,Aliev,Makhmud,,167.6,195.0,,Southpaw,1970-02-13,http://ufcstats.com/fighter-details/3d481aa374c954a1
Zach Makovsky,Zach,Makovsky,Fun Size,162.6,125.0,162.6,Southpaw,1983-04-19,http://ufcstats.com/fighter-details/57ab4d7c0bc09a30
Azat Maksum,Azat,Maksum,Qazaq,170.2,125.0,177.8,Southpaw,1995-02-02,http://ufcstats.com/fighter-details/7f1bf0c255ec8756
Jeremy Malaterre,Jeremy,Malaterre,,180.3,155.0,,,,http://ufcstats.com/fighter-details/110404b505fb562c
Fabio Maldonado,Fabio,Maldonado,Caipira de Aco,185.4,205.0,190.5,Orthodox,1980-03-17,http://ufcstats.com/fighter-details/1fb80f46d3c105d9
Marvin Maldonado,Marvin,Maldonado,The Bulldog,167.6,135.0,,,,http://ufcstats.com/fighter-details/e5ce754b01f922be
Bea Malecki,Bea,Malecki,,175.3,135.0,188.0,Orthodox,1991-08-23,http://ufcstats.com/fighter-details/b60c980f79b87ce8
Nazareno Malegarie,Nazareno,Malegarie,El Tigre,172.7,155.0,,,1986-05-16,http://ufcstats.com/fighter-details/d38e8c6ae2dfc051
Carl Malenko,Carl,Malenko,,180.3,200.0,,Orthodox,,http://ufcstats.com/fighter-details/a314687f372b2cec
Jacob Malkoun,Jacob,Malkoun,Mamba,175.3,185.0,185.4,Orthodox,1995-08-26,http://ufcstats.com/fighter-details/d4270315cbcf2569
Mike Malott,Mike,Malott,Proper,185.4,170.0,185.4,Orthodox,1991-11-07,http://ufcstats.com/fighter-details/dd6103dd7127db1d
Dan Manasoiu,Dan,Manasoiu,,,,,,,http://ufcstats.com/fighter-details/eefc73b53d4a05d7
Troy Mandaloniz,Troy,Mandaloniz,Rude Boy,175.3,170.0,,Orthodox,1980-02-01,http://ufcstats.com/fighter-details/725a834930c2b5bf
Nate Maness,Nate,Maness,Mayhem,177.8,125.0,182.9,Orthodox,1991-06-27,http://ufcstats.com/fighter-details/6e9f40c706f91f32
Michael Mangan,Michael,Mangan,,,155.0,,,,http://ufcstats.com/fighter-details/9297ce6eee046f7a
Gary Mangat,Gary,Mangat,,170.2,135.0,,,,http://ufcstats.com/fighter-details/1c0ffc63d8ec8f45
George Mangos,George,Mangos,,177.8,145.0,177.8,Switch,2003-08-19,http://ufcstats.com/fighter-details/122ae3b34275fbb2
Melvin Manhoef,Melvin,Manhoef,No Mercy,175.3,185.0,,Orthodox,1976-05-11,http://ufcstats.com/fighter-details/e5767ed355a937c2
Melchor Manibusan,Melchor,Manibusan,Barracuda,165.1,154.0,,Southpaw,1976-12-27,http://ufcstats.com/fighter-details/b6c6d1731ff00eeb
Jon Manley,Jon,Manley,,185.4,170.0,,Orthodox,1986-07-07,http://ufcstats.com/fighter-details/a0602dd050bebefc
Steve Mann,Steve,Mann,,185.4,170.0,,,,http://ufcstats.com/fighter-details/0eef1bf99afd4ff2
Marnic Mann,Marnic,Mann,The Sawed-Off Savage,152.4,115.0,162.6,Southpaw,1993-03-05,http://ufcstats.com/fighter-details/b6203e0492a9336c
Dylan Mantello,Dylan,Mantello,The Quiet Man,185.4,155.0,185.4,Orthodox,1992-11-19,http://ufcstats.com/fighter-details/e192ebb85b68fa9e
Chris Manuel,Chris,Manuel,,175.3,135.0,,Orthodox,1987-07-21,http://ufcstats.com/fighter-details/a23e63184c65f5b8
Jimi Manuwa,Jimi,Manuwa,Poster Boy,185.4,205.0,200.7,Orthodox,1980-02-18,http://ufcstats.com/fighter-details/1e1dbd1cc5a7469e
Dom Mar Fan,Dom,Mar Fan,Street Buddha,180.3,155.0,190.5,Orthodox,2000-03-19,http://ufcstats.com/fighter-details/530af2900b5a1693
Cristiano Marcello,Cristiano,Marcello,,175.3,155.0,182.9,Orthodox,1977-12-03,http://ufcstats.com/fighter-details/ff4c3ab594c7fac3
Daniel Marcos,Daniel,Marcos,Soncora,170.2,135.0,175.3,Orthodox,1993-03-07,http://ufcstats.com/fighter-details/850266b3dc4e506e
Jose Maria,Jose,Maria,No Chance,165.1,125.0,,Orthodox,1982-01-04,http://ufcstats.com/fighter-details/b35ba64b6a2bbcb3
Marcos Mariano,Marcos,Mariano,Dhalsim,185.4,155.0,193.0,Switch,1986-10-12,http://ufcstats.com/fighter-details/72e5e5a6edfa8223
Enrique Marin,Enrique,Marin,Wasabi,177.8,170.0,,,1986-09-02,http://ufcstats.com/fighter-details/23a6e307077c6ccc
Chepe Mariscal,Chepe,Mariscal,Machine Gun,170.2,145.0,175.3,Orthodox,1992-10-27,http://ufcstats.com/fighter-details/e0c6edcb5b5d0b90
Ronny Markes,Ronny,Markes,,185.4,185.0,190.5,Orthodox,1988-04-21,http://ufcstats.com/fighter-details/bd21a1e3d41c97ee
Rory Markham,Rory,Markham,,182.9,170.0,180.3,Orthodox,1982-03-25,http://ufcstats.com/fighter-details/23a16ebe733e3041
Randa Markos,Randa,Markos,Quiet Storm,162.6,115.0,160.0,Orthodox,1985-08-10,http://ufcstats.com/fighter-details/4a57ebb14315b251
Christina Marks,Christina,Marks,,170.2,125.0,175.3,Orthodox,1985-11-08,http://ufcstats.com/fighter-details/c7be22a47a58365a
Brendon Marotte,Brendon,Marotte,The Kid,175.3,145.0,177.8,Orthodox,1996-01-12,http://ufcstats.com/fighter-details/d7fe8c6b7d2872e5
Nate Marquardt,Nate,Marquardt,The Great,182.9,185.0,188.0,Orthodox,1979-04-20,http://ufcstats.com/fighter-details/a8e6a69796280f17
Danilo Marques,Danilo,Marques,,198.1,205.0,195.6,Orthodox,1985-12-26,http://ufcstats.com/fighter-details/687c15b2eddfaa63
Julian Marquez,Julian,Marquez,The Cuban Missile Crisis,188.0,185.0,182.9,Orthodox,1990-05-08,http://ufcstats.com/fighter-details/d0e1b42d41dab603
Carmelo Marrero,Carmelo,Marrero,The Fury,182.9,205.0,185.4,Orthodox,1981-01-26,http://ufcstats.com/fighter-details/aa03a3ca00ac6827
Cesar Marscucci,Cesar,Marscucci,,,,,,,http://ufcstats.com/fighter-details/e8efeb9cf33b1941
John Marsh,John,Marsh,,182.9,265.0,,Orthodox,1970-09-15,http://ufcstats.com/fighter-details/b6b12014698cc345
CJ Marsh,CJ,Marsh,,,,,,,http://ufcstats.com/fighter-details/4c91eb190d5e0dd9
Eliot Marshall,Eliot,Marshall,Fire,188.0,205.0,195.6,Orthodox,1980-07-07,http://ufcstats.com/fighter-details/a08d909a5be6f410
Doug Marshall,Doug,Marshall,The Rhino,177.8,205.0,,Orthodox,1975-09-09,http://ufcstats.com/fighter-details/0c1773639c795466
David Marshall,David,Marshall,,188.0,170.0,,,1984-08-24,http://ufcstats.com/fighter-details/0a2813f89a758ff7
Francis Marshall,Francis,Marshall,Fire,175.3,145.0,182.9,Orthodox,1999-03-03,http://ufcstats.com/fighter-details/5d495dec23d7c68e
Jack Marshman,Jack,Marshman,The Hammer,182.9,185.0,185.4,Orthodox,1989-12-19,http://ufcstats.com/fighter-details/045f25b3a4c08e81
Terry Martin,Terry,Martin,,172.7,185.0,180.3,Orthodox,1980-10-10,http://ufcstats.com/fighter-details/6a92caba39b64752
Eric Martin,Eric,Martin,,,,,,,http://ufcstats.com/fighter-details/abbc4fc02e0d84b3
Justin Martin,Justin,Martin,,182.9,185.0,,,,http://ufcstats.com/fighter-details/3da19339ee7051d5
Dave Martin,Dave,Martin,,182.9,205.0,,,,http://ufcstats.com/fighter-details/92c96df8bdab5fea
Joe Martin,Joe,Martin,,175.3,170.0,,,,http://ufcstats.com/fighter-details/325550dab63fb25a
Anthony Rocco Martin,Anthony Rocco,Martin,,182.9,170.0,185.4,Orthodox,1989-12-11,http://ufcstats.com/fighter-details/5331b25a60417ffb
Mallory Martin,Mallory,Martin,,162.6,115.0,160.0,Orthodox,1994-01-29,http://ufcstats.com/fighter-details/19b7738321cfae42
Michal Martinek,Michal,Martinek,,188.0,230.0,,Southpaw,1990-04-19,http://ufcstats.com/fighter-details/9acf42aebe9bb895
Adrian Luna Martinetti,Adrian Luna,Martinetti,,,135.0,,,1995-08-20,http://ufcstats.com/fighter-details/e3b30b573e7f0d19
Rainy Martinez,Rainy,Martinez,,182.9,199.0,,Orthodox,,http://ufcstats.com/fighter-details/577ec7e108b94be3
Danny Martinez,Danny,Martinez,The Gremlin,167.6,125.0,170.2,Orthodox,1985-06-14,http://ufcstats.com/fighter-details/8a9c6c4301f6d088
Alonzo Martinez,Alonzo,Martinez,Zo Diddy,177.8,155.0,,,1984-04-22,http://ufcstats.com/fighter-details/feffee4fc6da3aa3
Henry Martinez,Henry,Martinez,Sicario,170.2,155.0,175.3,Southpaw,1983-08-07,http://ufcstats.com/fighter-details/76729a829623e266
Jonathan Martinez,Jonathan,Martinez,Dragon,172.7,135.0,177.8,Southpaw,1994-04-20,http://ufcstats.com/fighter-details/f2477cf43c4975cc
Poppies Martinez,Poppies,Martinez,The Tachi Kid,175.3,145.0,,,1983-08-19,http://ufcstats.com/fighter-details/8851bb0418d27d28
Andrew Martinez,Andrew,Martinez,Mickey D,175.3,215.0,,,,http://ufcstats.com/fighter-details/f8c2aba4815876b5
Mana Martinez,Mana,Martinez,ManaBoi,177.8,135.0,177.8,Orthodox,1996-03-25,http://ufcstats.com/fighter-details/c0386644627a7ee5
Victor Martinez,Victor,Martinez,The Brick,172.7,155.0,177.8,Orthodox,1991-07-17,http://ufcstats.com/fighter-details/3e708ce33b6b18e6
Roque Martinez,Roque,Martinez,,177.8,250.0,182.9,Orthodox,1986-03-04,http://ufcstats.com/fighter-details/2c5a0b8317f8f27a
Melissa Martinez,Melissa,Martinez,Super Mely,157.5,115.0,167.6,Southpaw,1997-08-18,http://ufcstats.com/fighter-details/3f4c3bc822bea45d
Julieta Martinez,Julieta,Martinez,The Ninja Ferret,154.9,115.0,157.5,Orthodox,2004-09-14,http://ufcstats.com/fighter-details/f77afa72da84c9a8
David Martinez,David,Martinez,,165.1,135.0,170.2,Orthodox,1998-08-03,http://ufcstats.com/fighter-details/9a97acbfd5a08bfa
Wagner da Conceicao Martins,Wagner da Conceicao,Martins,Zuluzinho,200.7,390.0,,Orthodox,1978-05-19,http://ufcstats.com/fighter-details/563d051c9e769b24
Adriano Martins,Adriano,Martins,,177.8,155.0,182.9,Southpaw,1982-12-16,http://ufcstats.com/fighter-details/7dcf06c1967801c1
Lucas Martins,Lucas,Martins,Mineiro,182.9,145.0,182.9,Southpaw,1988-11-11,http://ufcstats.com/fighter-details/7413b80dbb0f8f9f
Max Martyniouk,Max,Martyniouk,Payne,,155.0,,,,http://ufcstats.com/fighter-details/69d3fa376ff2595e
Bristol Marunde,Bristol,Marunde,,185.4,170.0,190.5,Orthodox,1982-04-20,http://ufcstats.com/fighter-details/a17322f99ddfd8e9
Shoji Maruyama,Shoji,Maruyama,,170.2,139.0,,Orthodox,1983-04-24,http://ufcstats.com/fighter-details/c046100aea0dba9a
Kazuma Maruyama,Kazuma,Maruyama,Gluttony,180.3,155.0,182.9,Orthodox,1992-07-19,http://ufcstats.com/fighter-details/aa1a873d05acc7eb
Islem Masraf,Islem,Masraf,Lightning,182.9,205.0,188.0,Southpaw,1996-06-07,http://ufcstats.com/fighter-details/6dedfe07640a9acc
Mike Massenzio,Mike,Massenzio,The Master of Disaster,188.0,185.0,185.4,Southpaw,1982-11-01,http://ufcstats.com/fighter-details/5b2d7906aa894274
Jameel Massouh,Jameel,Massouh,,177.8,145.0,182.9,Orthodox,1984-09-12,http://ufcstats.com/fighter-details/883922e5cd6d8473
Tiffany Masters,Tiffany,Masters,Rainbow Renegade,160.0,115.0,165.1,Orthodox,1994-07-31,http://ufcstats.com/fighter-details/ca743f96dd2063d5
Jorge Masvidal,Jorge,Masvidal,Gamebred,180.3,170.0,188.0,Orthodox,1984-11-12,http://ufcstats.com/fighter-details/47b9e0e7703a4868
Al Matavao,Al,Matavao,Sweetness,172.7,205.0,170.2,Orthodox,1994-02-23,http://ufcstats.com/fighter-details/eec3fe66a8b11a26
Tateki Matsuda,Tateki,Matsuda,Tech,170.2,125.0,,Orthodox,1986-02-27,http://ufcstats.com/fighter-details/3a524c6700addc24
Arisa Matsuda,Arisa,Matsuda,,160.0,115.0,162.6,Orthodox,1994-12-15,http://ufcstats.com/fighter-details/4c33b3d37955aa85
Daijiro Matsui,Daijiro,Matsui,,175.3,200.0,,Orthodox,1972-12-05,http://ufcstats.com/fighter-details/cd42bbe8887bba90
Toki Matsui,Toki,Matsui,,167.6,125.0,165.1,Orthodox,1999-09-08,http://ufcstats.com/fighter-details/56cc76c55cee8410
Koichiro Matsumoto,Koichiro,Matsumoto,,170.2,145.0,,,1986-03-07,http://ufcstats.com/fighter-details/2fb6f197d1fbc779
Jean Matsumoto,Jean,Matsumoto,,167.6,135.0,172.7,Orthodox,1999-09-09,http://ufcstats.com/fighter-details/ffd3224638c01b57
Koyomi Matsushima,Koyomi,Matsushima,,170.2,145.0,167.6,Orthodox,1992-10-08,http://ufcstats.com/fighter-details/5ad226da6c74a48e
Naoki Matsushita,Naoki,Matsushita,,167.6,155.0,,Orthodox,,http://ufcstats.com/fighter-details/990060b2a68a7b82
AJ Matthews,AJ,Matthews,,180.3,185.0,,,,http://ufcstats.com/fighter-details/18e4f61f16f458c6
Jake Matthews,Jake,Matthews,The Celtic Kid,180.3,170.0,185.4,Orthodox,1994-08-19,http://ufcstats.com/fighter-details/a845f0735bc67405
Connor Matthews,Connor,Matthews,The Controller,172.7,145.0,180.3,Switch,1992-05-31,http://ufcstats.com/fighter-details/36e78278a77006d4
Claudio Mattos,Claudio,Mattos,Popeye,,185.0,,Orthodox,,http://ufcstats.com/fighter-details/6e2b1d631832921d
John Matua,John,Matua,,188.0,400.0,,Orthodox,,http://ufcstats.com/fighter-details/c933d423ebdbbbdb
Francesco Maturi,Francesco,Maturi,,,,,,,http://ufcstats.com/fighter-details/d3b5ad3b15a64a18
Vladimir Matyushenko,Vladimir,Matyushenko,The Janitor,182.9,205.0,188.0,Orthodox,1971-01-04,http://ufcstats.com/fighter-details/ccdd90bd1fc7dab6
Miranda Maverick,Miranda,Maverick,Fear The,160.0,125.0,165.1,Southpaw,1997-07-01,http://ufcstats.com/fighter-details/f29a6350c69f4a33
Nick Maximov,Nick,Maximov,,182.9,185.0,193.0,Southpaw,1997-12-23,http://ufcstats.com/fighter-details/12585614e0ed2626
Elaina Maxwell,Elaina,Maxwell,Beef,172.7,145.0,,Orthodox,1978-12-16,http://ufcstats.com/fighter-details/a16ce18149021139
Jeremy May,Jeremy,May,,185.4,185.0,,,1986-10-23,http://ufcstats.com/fighter-details/c32fdfe75cda5b22
Jack May,Jack,May,The Outlaw,203.2,255.0,,Switch,1981-04-14,http://ufcstats.com/fighter-details/2c6e81426dd7573c
Don'Tale Mayes,Don'Tale,Mayes,Lord Kong,198.1,260.0,205.7,Orthodox,1992-01-16,http://ufcstats.com/fighter-details/1a9480fc288e55d7
Gray Maynard,Gray,Maynard,,175.3,155.0,177.8,Orthodox,1979-05-09,http://ufcstats.com/fighter-details/7d96bc577e5178b2
Brooke Mayo,Brooke,Mayo,The Bully,170.2,125.0,,,,http://ufcstats.com/fighter-details/1b41c21d947d6f2f
Gina Mazany,Gina,Mazany,Danger,167.6,125.0,172.7,Southpaw,1988-08-19,http://ufcstats.com/fighter-details/016a8d958883167c
Sabina Mazo,Sabina,Mazo,Colombian Queen,170.2,125.0,177.8,Orthodox,1997-03-25,http://ufcstats.com/fighter-details/70d2329a92864fdb
Francesco Mazzeo,Francesco,Mazzeo,,190.5,205.0,190.5,Orthodox,1997-09-23,http://ufcstats.com/fighter-details/7b3c13fe33556a21
Scott McAfee,Scott,McAfee,,172.7,155.0,,Orthodox,1983-08-23,http://ufcstats.com/fighter-details/7e7d81bf162a5ec1
Bobby McAndrews,Bobby,McAndrews,,,,,Orthodox,,http://ufcstats.com/fighter-details/ef6f45095119d416
Michael McBride,Michael,McBride,,185.4,155.0,,Orthodox,1986-03-09,http://ufcstats.com/fighter-details/443f60bec7c3c3d5
Ian McCall,Ian,McCall,Uncle Creepy,165.1,125.0,162.6,Orthodox,1984-05-07,http://ufcstats.com/fighter-details/701e057d63c124d9
Molly McCann,Molly,McCann,Meatball,162.6,115.0,157.5,Orthodox,1990-05-04,http://ufcstats.com/fighter-details/51018a31ddf31eb2
Charles McCarthy,Charles,McCarthy,Chainsaw,177.8,185.0,180.3,Orthodox,1980-08-06,http://ufcstats.com/fighter-details/da97d6c97d09c030
Eric McConico,Eric,McConico,,182.9,185.0,195.6,Southpaw,1990-05-09,http://ufcstats.com/fighter-details/9508cc6184cb2450
Sean McCorkle,Sean,McCorkle,,200.7,265.0,205.7,Orthodox,1976-07-17,http://ufcstats.com/fighter-details/008dc37cca279def
Danni McCormack,Danni,McCormack,Mac,162.6,125.0,157.5,Southpaw,1990-03-15,http://ufcstats.com/fighter-details/2a9f9db24cd032ba
Paddy McCorry,Paddy,McCorry,,190.5,185.0,185.4,Switch,1997-12-09,http://ufcstats.com/fighter-details/b43620395f655046
Liam McCracken,Liam,McCracken,,,155.0,,,2001-09-07,http://ufcstats.com/fighter-details/e431ed30fc027c77
Kris McCray,Kris,McCray,Savage,182.9,170.0,193.0,Orthodox,1981-09-24,http://ufcstats.com/fighter-details/baed16f18348908e
Tamdan McCrory,Tamdan,McCrory,The Barncat,193.0,185.0,193.0,Switch,1986-11-05,http://ufcstats.com/fighter-details/eff47295daf721a6
Rob McCullough,Rob,McCullough,Razor,175.3,155.0,175.3,Orthodox,1977-05-26,http://ufcstats.com/fighter-details/11e3fd7546359fc5
Justin McCully,Justin,McCully,The Insane One,185.4,225.0,185.4,Orthodox,1976-02-18,http://ufcstats.com/fighter-details/75f871836d41f90f
Robert McDaniel,Robert,McDaniel,Bubba,190.5,185.0,190.5,Southpaw,1983-05-03,http://ufcstats.com/fighter-details/5cafbc97dba2e797
Michael McDonald,Michael,McDonald,The Black Sniper,180.3,205.0,,Orthodox,1965-02-06,http://ufcstats.com/fighter-details/d52ef694108f8235
Scott McDonald,Scott,McDonald,,,,,,,http://ufcstats.com/fighter-details/08ae3100bf2100ed
Michael McDonald,Michael,McDonald,Mayday,175.3,135.0,177.8,Orthodox,1991-01-15,http://ufcstats.com/fighter-details/d0314416a7f26527
Josh McDonald,Josh,McDonald,,,185.0,,,,http://ufcstats.com/fighter-details/b507a76087e3ed9f
Miles McDonald,Miles,McDonald,,170.2,115.0,,,1991-08-13,http://ufcstats.com/fighter-details/a3f8356ace5e3eb5
Justin McElfresh,Justin,McElfresh,,198.1,205.0,,Orthodox,1980-01-04,http://ufcstats.com/fighter-details/49c29e57d4e2be6f
Drew McFedries,Drew,McFedries,The Massacre,182.9,185.0,182.9,Southpaw,1978-07-27,http://ufcstats.com/fighter-details/1fd4fbdcc67de844
Liam McGeary,Liam,McGeary,,198.1,205.0,,,1982-10-04,http://ufcstats.com/fighter-details/e4e0993befecdaf8
Gan McGee,Gan,McGee,The Giant,208.3,265.0,,Orthodox,1976-11-20,http://ufcstats.com/fighter-details/d90b630e0561818b
Court McGee,Court,McGee,The Crusher,180.3,170.0,190.5,Orthodox,1984-12-12,http://ufcstats.com/fighter-details/523fa774700d7d3f
Marcus McGhee,Marcus,McGhee,The Maniac,172.7,135.0,175.3,Orthodox,1990-05-07,http://ufcstats.com/fighter-details/c0ac37a4a1133da9
Ryan McGillivray,Ryan,McGillivray,The Kid,180.3,170.0,,,1986-09-27,http://ufcstats.com/fighter-details/1f9c371c93dfd3a9
Ryan McGivern,Ryan,McGivern,,182.9,185.0,,Orthodox,1980-01-17,http://ufcstats.com/fighter-details/856ec65948b7d234
Jack McGlaughlin,Jack,McGlaughlin,,,,,Orthodox,,http://ufcstats.com/fighter-details/237187ed9f419285
Conor McGregor,Conor,McGregor,The Notorious,175.3,155.0,188.0,Southpaw,1988-07-14,http://ufcstats.com/fighter-details/f4c49976c75c5ab2
Greg McIntyre,Greg,McIntyre,,177.8,155.0,,Orthodox,1980-04-21,http://ufcstats.com/fighter-details/00a905a4a4a2b071
Antonio McKee,Antonio,McKee,Mandingo,172.7,155.0,,Southpaw,1970-03-12,http://ufcstats.com/fighter-details/3414b50b08a10600
AJ McKee,AJ,McKee,Mercenary,177.8,145.0,,,,http://ufcstats.com/fighter-details/f3ec0214794a699e
Rhys McKee,Rhys,McKee,Skeletor,188.0,170.0,198.1,Orthodox,1995-09-10,http://ufcstats.com/fighter-details/f748267c4ab6c127
Cory McKenna,Cory,McKenna,Poppins,160.0,115.0,147.3,Orthodox,1999-07-11,http://ufcstats.com/fighter-details/3351aa64aa83c4d9
Tim McKenzie,Tim,McKenzie,,182.9,185.0,188.0,Orthodox,1982-07-21,http://ufcstats.com/fighter-details/9ca265dfe8323db3
Cody McKenzie,Cody,McKenzie,,182.9,155.0,182.9,Switch,1987-12-16,http://ufcstats.com/fighter-details/7be63795363029e8
Terrance McKinney,Terrance,McKinney,T. Wrecks,177.8,155.0,185.4,Switch,1994-09-15,http://ufcstats.com/fighter-details/809bd1a871491508
Brian McLaughlin,Brian,McLaughlin,,175.3,155.0,,,1984-05-12,http://ufcstats.com/fighter-details/6488729da7ac1c79
Jason McLean,Jason,McLean,,165.1,145.0,,,,http://ufcstats.com/fighter-details/8336d7a85ce45481
Garreth McLellan,Garreth,McLellan,Soldier Boy,185.4,185.0,182.9,Southpaw,1982-09-01,http://ufcstats.com/fighter-details/f215cfbd4ba3c270
Sara McMann,Sara,McMann,,167.6,135.0,167.6,Orthodox,1980-09-24,http://ufcstats.com/fighter-details/7be74a12d7352df2
Tommy McMillen,Tommy,McMillen,Gun,182.9,145.0,188.0,Orthodox,1997-12-15,http://ufcstats.com/fighter-details/6b0a6def604de298
James McSweeney,James,McSweeney,The Hammer,193.0,230.0,195.6,Switch,1980-10-24,http://ufcstats.com/fighter-details/cac08b8685387ca5
Charles McTorry,Charles,McTorry,,,,,,,http://ufcstats.com/fighter-details/acd8a53f7c0ce85e
Jackson McVey,Jackson,McVey,The Moose,193.0,185.0,195.6,Southpaw,1999-03-25,http://ufcstats.com/fighter-details/3eeec2f53cebdf12
Daniel McWilliams,Daniel,McWilliams,The Animal,185.4,185.0,,,,http://ufcstats.com/fighter-details/7b03d9df5910917d
Tim Means,Tim,Means,The Dirty Bird,188.0,170.0,190.5,Orthodox,1984-02-20,http://ufcstats.com/fighter-details/4b47e71384a9522f
Yancy Medeiros,Yancy,Medeiros,,177.8,155.0,190.5,Orthodox,1987-09-07,http://ufcstats.com/fighter-details/813550bc53b15fb0
Anistavio Medeiros,Anistavio,Medeiros,Gasparzinho,167.6,145.0,,Orthodox,1988-05-01,http://ufcstats.com/fighter-details/2937cb502dda0808
Kaline Medeiros,Kaline,Medeiros,The Dark Angel,160.0,115.0,,,,http://ufcstats.com/fighter-details/263af068bd986548
MarQuel Mederos,MarQuel,Mederos,,177.8,155.0,175.3,Orthodox,1996-11-30,http://ufcstats.com/fighter-details/e2be0c1a9b886d92
Uros Medic,Uros,Medic,The Doctor,185.4,170.0,180.3,Southpaw,1993-04-25,http://ufcstats.com/fighter-details/681399317dbf4701
Todd Medina,Todd,Medina,El Tiburon,177.8,193.0,,Southpaw,,http://ufcstats.com/fighter-details/b60391da771deefe
Jason Medina,Jason,Medina,,175.3,180.0,,,,http://ufcstats.com/fighter-details/f53fb9d9e57cc38e
Emil Meek,Emil,Meek,Valhalla,180.3,170.0,188.0,Switch,1988-08-20,http://ufcstats.com/fighter-details/103b06d8707895a9
Sanford Alton Meeks,Sanford Alton,Meeks,,195.6,265.0,190.5,Orthodox,1994-04-05,http://ufcstats.com/fighter-details/27c59ac201539d10
Gerald Meerschaert,Gerald,Meerschaert,GM3,185.4,185.0,195.6,Southpaw,1987-12-18,http://ufcstats.com/fighter-details/6ac9bc2953c47345
Frank Megallon,Frank,Megallon,,177.8,185.0,,Southpaw,,http://ufcstats.com/fighter-details/c0a93b52096b7682
Derrick Mehmen,Derrick,Mehmen,Caveman,193.0,205.0,,,1985-05-30,http://ufcstats.com/fighter-details/6c7dafd03b6cc3f8
Miika Mehmet,Miika,Mehmet,,,205.0,,Orthodox,,http://ufcstats.com/fighter-details/41dca66f9dadfc86
Jordan Mein,Jordan,Mein,Young Gun,182.9,170.0,185.4,Orthodox,1989-10-10,http://ufcstats.com/fighter-details/2aa49b3766a59bcd
Bryce Mejia,Bryce,Mejia,,185.4,170.0,,,,http://ufcstats.com/fighter-details/6eae26c44e505775
Brian Melancon,Brian,Melancon,,172.7,170.0,,Orthodox,1982-05-28,http://ufcstats.com/fighter-details/eee7dafac7d672b5
Brandon Melendez,Brandon,Melendez,The Murderer,180.3,155.0,,Southpaw,1983-03-24,http://ufcstats.com/fighter-details/2b06b6ad5db63348
Gilbert Melendez,Gilbert,Melendez,El Nino,175.3,145.0,185.4,Orthodox,1982-04-12,http://ufcstats.com/fighter-details/aa5b4eff51bdc7d1
Nair Melikyan,Nair,Melikyan,Ahalkalakski,167.6,155.0,,,1997-08-08,http://ufcstats.com/fighter-details/64b8561624d3b15e
Anna Melisano,Anna,Melisano,Bandana,,125.0,,Orthodox,1997-05-20,http://ufcstats.com/fighter-details/40a7ec5d1ad6ffa8
Marcelo Mello,Marcelo,Mello,,170.2,170.0,,Southpaw,,http://ufcstats.com/fighter-details/672ef06fd9f41f7d
Fabio Mello,Fabio,Mello,,165.1,155.0,,Southpaw,,http://ufcstats.com/fighter-details/8a028648f3f0761d
Vanessa Melo,Vanessa,Melo,,165.1,135.0,165.1,Orthodox,1988-03-27,http://ufcstats.com/fighter-details/9b7dfb3b7d99926a
Antonio Mendes,Antonio,Mendes,Samurai,190.5,205.0,195.6,Southpaw,1981-04-19,http://ufcstats.com/fighter-details/3795fca327cbcf23
Chad Mendes,Chad,Mendes,Money,167.6,145.0,167.6,Orthodox,1985-05-01,http://ufcstats.com/fighter-details/b5b684eac99ae0a3
Augusto Mendes,Augusto,Mendes,Tanquinho,167.6,135.0,165.1,Orthodox,1983-03-03,http://ufcstats.com/fighter-details/3d5b1ce6097dbb49
Eddie Mendez,Eddie,Mendez,,177.8,185.0,,,1984-01-16,http://ufcstats.com/fighter-details/49e49b54e5901d0d
Mateus Mendonca,Mateus,Mendonca,Bocao,167.6,125.0,180.3,Orthodox,1999-01-17,http://ufcstats.com/fighter-details/48812daf291a4e23
Luis Mendoza,Luis,Mendoza,,,155.0,,,,http://ufcstats.com/fighter-details/28200bc87367614f
Meng Bo,Meng,Bo,,,115.0,,,1996-04-21,http://ufcstats.com/fighter-details/2d85fcb4468c30d7
Pietro Menga,Pietro,Menga,,170.2,125.0,172.7,Southpaw,1988-02-15,http://ufcstats.com/fighter-details/869d68b5383131fd
Alonzo Menifield,Alonzo,Menifield,Atomic,182.9,205.0,193.0,Orthodox,1987-10-18,http://ufcstats.com/fighter-details/a495f599e787614f
Ivan Menjivar,Ivan,Menjivar,The Pride of El Salvador,167.6,145.0,162.6,Orthodox,1982-05-30,http://ufcstats.com/fighter-details/5755960ebd0b16f6
Dave Menne,Dave,Menne,The Warrior,177.8,170.0,,Orthodox,1974-07-29,http://ufcstats.com/fighter-details/275cafc9de131c83
Steve Mensing,Steve,Mensing,The Machine,180.3,185.0,,Orthodox,1977-12-06,http://ufcstats.com/fighter-details/3bc27ec15facbcf3
Buck Meredith,Buck,Meredith,,188.0,185.0,,,1982-05-17,http://ufcstats.com/fighter-details/36120738148f203f
Adam Meredith,Adam,Meredith,,188.0,170.0,,,,http://ufcstats.com/fighter-details/c1135a6892e916db
Nick Meregali,Nick,Meregali,,,,,,,http://ufcstats.com/fighter-details/2f6dc878d653c442
Joe Merritt,Joe,Merritt,,182.9,170.0,,Orthodox,1984-03-07,http://ufcstats.com/fighter-details/e82d5f54daa85a7e
Bia Mesquita,Bia,Mesquita,The Lady GOAT,,135.0,,Orthodox,1991-04-07,http://ufcstats.com/fighter-details/eff9074bc066f0f2
Jeremiah Metcalf,Jeremiah,Metcalf,,185.4,185.0,,Orthodox,,http://ufcstats.com/fighter-details/5bdcbd8dd681a257
Jonathan Meunier,Jonathan,Meunier,District,190.5,170.0,,Switch,1987-08-04,http://ufcstats.com/fighter-details/5823ceab56741617
Yaotzin Meza,Yaotzin,Meza,,175.3,145.0,180.3,Orthodox,1981-02-04,http://ufcstats.com/fighter-details/3623bd267a2eef2e
Guy Mezger,Guy,Mezger,,185.4,200.0,,Orthodox,1968-01-01,http://ufcstats.com/fighter-details/946f341df6472ee0
David Mgoyan,David,Mgoyan,,175.3,145.0,177.8,Orthodox,2004-06-25,http://ufcstats.com/fighter-details/8f003ef7e0d9a139
Jonathan Micallef,Jonathan,Micallef,The Captain,182.9,170.0,195.6,Southpaw,1999-03-05,http://ufcstats.com/fighter-details/f782f953bfe7b5f2
Brandon Michaels,Brandon,Michaels,,175.3,185.0,,,,http://ufcstats.com/fighter-details/f5e4ce11afbdfb61
Andreas Michailidis,Andreas,Michailidis,The Spartan,182.9,170.0,193.0,Orthodox,1988-07-18,http://ufcstats.com/fighter-details/79325a3c1a5c3bf4
David Michaud,David,Michaud,BullDawg,175.3,155.0,,Orthodox,1988-11-10,http://ufcstats.com/fighter-details/49f4b511932f71e9
Chris Mickle,Chris,Mickle,,175.3,145.0,,Orthodox,1983-07-10,http://ufcstats.com/fighter-details/f903967fd320da38
Zachary Micklewright,Zachary,Micklewright,,182.9,155.0,188.0,Southpaw,1976-08-21,http://ufcstats.com/fighter-details/a36a14985a57a1c6
Kristof Midoux,Kristof,Midoux,The Hurricane,185.4,220.0,,Orthodox,1974-07-30,http://ufcstats.com/fighter-details/5b5b9c6f6f270369
Keith Mielke,Keith,Mielke,,172.7,185.0,,,,http://ufcstats.com/fighter-details/f62850b3c7480db9
Chris Mierzwiak,Chris,Mierzwiak,,185.4,185.0,,,1988-02-14,http://ufcstats.com/fighter-details/2b284840ca89876a
Gabriel Miglioli,Gabriel,Miglioli,Biel,172.7,170.0,,,,http://ufcstats.com/fighter-details/a6fa5dd90528e9f7
Bojan Mihajlovic,Bojan,Mihajlovic,,180.3,205.0,185.4,Orthodox,1980-03-30,http://ufcstats.com/fighter-details/d6285cba1d1052e0
Billy Miles,Billy,Miles,The Kid,177.8,170.0,,Orthodox,1978-04-28,http://ufcstats.com/fighter-details/3c48019bc387b80c
Pat Miletich,Pat,Miletich,The Croatian Sensation,177.8,170.0,,Orthodox,1968-03-09,http://ufcstats.com/fighter-details/cedfdf8d423d500c
Curtis Millender,Curtis,Millender,Curtious,188.0,170.0,193.0,Orthodox,1987-12-01,http://ufcstats.com/fighter-details/f1928a52590c5532
Phillip Miller,Phillip,Miller,,180.3,185.0,,Orthodox,1979-02-20,http://ufcstats.com/fighter-details/18aecaf50f52e4c3
Jason Miller,Jason,Miller,Mayhem,185.4,185.0,,Orthodox,1980-12-24,http://ufcstats.com/fighter-details/b2f88c04c4dd43ce
Dan Miller,Dan,Miller,,185.4,185.0,188.0,Orthodox,1981-06-30,http://ufcstats.com/fighter-details/d0c29452d3272603
Jim Miller,Jim,Miller,A-10,172.7,155.0,180.3,Southpaw,1983-08-30,http://ufcstats.com/fighter-details/d1941565abf50b16
Cole Miller,Cole,Miller,Magrinho,185.4,145.0,185.4,Orthodox,1984-04-26,http://ufcstats.com/fighter-details/282fa667ff9c51ed
Henry Miller,Henry,Miller,Sentoryu,170.2,270.0,,Southpaw,1969-07-16,http://ufcstats.com/fighter-details/45a2ba3ef82b9700
Micah Miller,Micah,Miller,Maverick,182.9,145.0,,Orthodox,1987-02-14,http://ufcstats.com/fighter-details/3ff0d0dc7a14bb50
Aaron Miller,Aaron,Miller,Blood Spiller,175.3,145.0,,,,http://ufcstats.com/fighter-details/a4d055f1435d6d75
Mo Miller,Mo,Miller,Moshow,172.7,135.0,182.9,Orthodox,1992-08-10,http://ufcstats.com/fighter-details/39019970ac8543e9
Juliana Miller,Juliana,Miller,Killer,170.2,125.0,167.6,Orthodox,1996-05-07,http://ufcstats.com/fighter-details/aa0c573da7119292
Ty Miller,Ty,Miller,Thriller,188.0,170.0,195.6,Orthodox,2000-06-04,http://ufcstats.com/fighter-details/0859524157a19045
Trent Miller,Trent,Miller,The Terminator,175.3,185.0,182.9,Orthodox,1995-10-31,http://ufcstats.com/fighter-details/2b6a37a97541a4fd
Eddy Millis,Eddy,Millis,,185.4,185.0,,,,http://ufcstats.com/fighter-details/f2c934689243fe4e
Che Mills,Che,Mills,Beautiful,185.4,170.0,193.0,Orthodox,1982-09-29,http://ufcstats.com/fighter-details/6cadfd8f1d9e7685
Nina Milosevic,Nina,Milosevic,Queen Beast,,135.0,,,1996-08-08,http://ufcstats.com/fighter-details/eabece0edc2d62ca
Adam Milstead,Adam,Milstead,The Prototype,190.5,205.0,193.0,Orthodox,1987-07-03,http://ufcstats.com/fighter-details/72ffecf712673af1
Alberto Mina,Alberto,Mina,Soldier of God,182.9,170.0,195.6,Orthodox,1982-05-02,http://ufcstats.com/fighter-details/4b1d46a1b5c0fd11
Vitaly Minakov,Vitaly,Minakov,,188.0,249.0,,,1985-02-06,http://ufcstats.com/fighter-details/56c975c4a2b357a5
Yunosuke Minami,Yunosuke,Minami,,,135.0,,,2000-09-10,http://ufcstats.com/fighter-details/9f2c07bd65fde55c
Artur Minev,Artur,Minev,Headhunter,,155.0,,,,http://ufcstats.com/fighter-details/20d37922ba85e6fc
Mario Mingaj,Mario,Mingaj,,,185.0,,,,http://ufcstats.com/fighter-details/1ccaeae54725d897
Darrick Minner,Darrick,Minner,,170.2,145.0,175.3,Orthodox,1990-04-28,http://ufcstats.com/fighter-details/34e516ab361afb1c
Mike Minniger,Mike,Minniger,,,,,,,http://ufcstats.com/fighter-details/c8aa3541bec4042e
Ikuhisa Minowa,Ikuhisa,Minowa,Minowaman,175.3,181.0,,Orthodox,1976-01-12,http://ufcstats.com/fighter-details/ce6065baef021cf3
Carlton Minus,Carlton,Minus,Clutch,177.8,170.0,190.5,Orthodox,1993-04-26,http://ufcstats.com/fighter-details/40d8b74488743800
Stipe Miocic,Stipe,Miocic,,193.0,240.0,203.2,Orthodox,1982-08-19,http://ufcstats.com/fighter-details/d28dee5c705991df
Frank Mir,Frank,Mir,,190.5,264.0,200.7,Southpaw,1979-05-24,http://ufcstats.com/fighter-details/1ff9589f9065a9ed
Bella Mir,Bella,Mir,Lady,,125.0,,,2003-01-01,http://ufcstats.com/fighter-details/9ab21ab88230ce48
Juan Miranda,Juan,Miranda,,,155.0,,,,http://ufcstats.com/fighter-details/be8ad887e4d674b0
Mario Miranda,Mario,Miranda,,190.5,185.0,188.0,Orthodox,1979-07-12,http://ufcstats.com/fighter-details/df2bf09c99594848
Vitor Miranda,Vitor,Miranda,Lex Luthor,185.4,185.0,195.6,Orthodox,1979-03-10,http://ufcstats.com/fighter-details/4bcb6eb12b4ad4aa
Gabriel Miranda,Gabriel,Miranda,Fly,180.3,145.0,180.3,Orthodox,1990-03-25,http://ufcstats.com/fighter-details/b909a9a9688b5284
Alexis Miranda,Alexis,Miranda,Mantis,,185.0,,,1999-01-03,http://ufcstats.com/fighter-details/d458266c796643e2
Damir Mirenic,Damir,Mirenic,Wolf,182.9,185.0,,Orthodox,1974-08-02,http://ufcstats.com/fighter-details/992c82450d96f726
Kazuo Misaki,Kazuo,Misaki,Hitman,172.7,183.0,,Orthodox,1976-04-25,http://ufcstats.com/fighter-details/5e7a28f20927d64a
Toby Misech,Toby,Misech,2 Quick,172.7,145.0,,Southpaw,1988-03-07,http://ufcstats.com/fighter-details/3f87218a7aca84c4
Dokonjonosuke Mishima,Dokonjonosuke,Mishima,,170.2,155.0,,Southpaw,1972-04-19,http://ufcstats.com/fighter-details/b14a68c533f4a4aa
Felix Lee Mitchell,Felix Lee,Mitchell,,,,,Orthodox,,http://ufcstats.com/fighter-details/6cbb7661c3258617
David Mitchell,David,Mitchell,Daudi,182.9,170.0,190.5,Orthodox,1979-10-24,http://ufcstats.com/fighter-details/8f3df4c579cfbb69
Danny Mitchell,Danny,Mitchell,The Cheesecake Assassin,188.0,170.0,,Orthodox,1986-08-08,http://ufcstats.com/fighter-details/c06d554ce1713fd3
Brad Mitchell,Brad,Mitchell,,180.3,145.0,,,1974-10-10,http://ufcstats.com/fighter-details/7263e0dc082adc87
Clay Mitchell,Clay,Mitchell,,188.0,185.0,,,,http://ufcstats.com/fighter-details/3d960455f880bb25
Bryce Mitchell,Bryce,Mitchell,Thug Nasty,177.8,135.0,177.8,Southpaw,1994-10-04,http://ufcstats.com/fighter-details/d9c6f19f958643e9
Maurice Mitchell,Maurice,Mitchell,The AK Kid,175.3,145.0,,Orthodox,1987-06-29,http://ufcstats.com/fighter-details/568bebed6366b667
Terrence Mitchell,Terrence,Mitchell,,177.8,135.0,188.0,Orthodox,1989-12-30,http://ufcstats.com/fighter-details/f3ca6908f78efebe
Roman Mitichyan,Roman,Mitichyan,,177.8,170.0,,Orthodox,1978-09-04,http://ufcstats.com/fighter-details/2961be02cfb0d2c1
Matt Mitrione,Matt,Mitrione,,190.5,265.0,208.3,Switch,1978-07-15,http://ufcstats.com/fighter-details/ba280572acfba13f
Eiji Mitsuoka,Eiji,Mitsuoka,,170.2,145.0,,Southpaw,1976-01-01,http://ufcstats.com/fighter-details/2b4faacc16d66898
Hiromitsu Miura,Hiromitsu,Miura,,175.3,170.0,180.3,Orthodox,1981-09-22,http://ufcstats.com/fighter-details/509697e08673d2e5
Jonathan Mix,Jonathan,Mix,,182.9,168.0,,,1980-11-09,http://ufcstats.com/fighter-details/f64e4ecd214c6378
Patchy Mix,Patchy,Mix,No Love,172.7,135.0,182.9,Southpaw,1993-08-16,http://ufcstats.com/fighter-details/2cfba6c837c03ed0
Ryuho Miyaguchi,Ryuho,Miyaguchi,,,135.0,,,1998-01-27,http://ufcstats.com/fighter-details/f1a9c0998c683782
Tomoya Miyashita,Tomoya,Miyashita,,170.2,139.0,,Southpaw,,http://ufcstats.com/fighter-details/c9885b1b7c7055a0
Kazuyuki Miyata,Kazuyuki,Miyata,,172.7,139.0,,Orthodox,,http://ufcstats.com/fighter-details/af70d268e5352186
Motoki Miyazawa,Motoki,Miyazawa,,180.3,168.0,,Southpaw,,http://ufcstats.com/fighter-details/9649d75defe0dedb
Takeya Mizugaki,Takeya,Mizugaki,,170.2,135.0,175.3,Orthodox,1983-12-16,http://ufcstats.com/fighter-details/48e093ea1f43a053
Mizuki,,Mizuki,,160.0,115.0,165.1,Orthodox,1994-08-19,http://ufcstats.com/fighter-details/43a59ce3bb40449e
Tatsuya Mizuno,Tatsuya,Mizuno,,185.4,205.0,,Southpaw,1981-06-02,http://ufcstats.com/fighter-details/478c8706bdb92440
Roxanne Modafferi,Roxanne,Modafferi,The Happy Warrior,170.2,125.0,175.3,Orthodox,1982-09-24,http://ufcstats.com/fighter-details/4498b382c65a7faa
Bobby Moffett,Bobby,Moffett,The Wolfman,177.8,145.0,185.4,Orthodox,1990-06-01,http://ufcstats.com/fighter-details/d76ad9a08c4408ff
Bronson Mohika,Bronson,Mohika,,,135.0,,,,http://ufcstats.com/fighter-details/65239fccecd03404
Nate Mohr,Nate,Mohr,,175.3,155.0,182.9,Orthodox,1983-03-03,http://ufcstats.com/fighter-details/04c15b52c3cc1cab
Renato Moicano,Renato,Moicano,,180.3,155.0,182.9,Orthodox,1989-05-21,http://ufcstats.com/fighter-details/b6452706b373eea1
Thiago Moises,Thiago,Moises,,175.3,155.0,177.8,Orthodox,1995-03-23,http://ufcstats.com/fighter-details/d945aae53e3e54e6
Muhammad Mokaev,Muhammad,Mokaev,The Punisher,170.2,125.0,177.8,Orthodox,2000-07-30,http://ufcstats.com/fighter-details/75353550928a7921
Ashkan Mokhtarian,Ashkan,Mokhtarian,The Assassin,167.6,125.0,170.2,Southpaw,1985-09-15,http://ufcstats.com/fighter-details/e9bc5748e6a76bb6
Suman Mokhtarian,Suman,Mokhtarian,,172.7,145.0,182.9,Orthodox,1992-06-13,http://ufcstats.com/fighter-details/192520689012c7e4
Dan Molina,Dan,Molina,,177.8,216.0,,,1984-06-14,http://ufcstats.com/fighter-details/606136dee6f6ecea
Jeff Molina,Jeff,Molina,El Jefe,167.6,125.0,175.3,Orthodox,1997-07-17,http://ufcstats.com/fighter-details/008ea710276c9606
Rudyard Moncayo,Rudyard,Moncayo,,177.8,195.0,,Orthodox,,http://ufcstats.com/fighter-details/02d276b7d62b3472
Hidetaka Monma,Hidetaka,Monma,,182.9,168.0,,Orthodox,1973-10-23,http://ufcstats.com/fighter-details/a8e133139286df84
Jeff Monson,Jeff,Monson,The Snowman,175.3,247.0,188.0,Orthodox,1971-01-18,http://ufcstats.com/fighter-details/cbfd1d34356a004c
Darrell Montague,Darrell,Montague,Mongoose,167.6,125.0,170.2,Southpaw,1987-11-03,http://ufcstats.com/fighter-details/bffeb123b21c9aad
Michelle Montague,Michelle,Montague,The Wild One,175.3,135.0,172.7,Southpaw,1993-11-25,http://ufcstats.com/fighter-details/ca80d72da81d7224
Andrew Montanez,Andrew,Montanez,,,185.0,,,,http://ufcstats.com/fighter-details/72c9c2eadfc3277e
Jose Montanha,Jose,Montanha,,,265.0,,,1996-08-25,http://ufcstats.com/fighter-details/4e30f2761b6bd3b5
Augusto Montano,Augusto,Montano,Dodger,185.4,170.0,185.4,Orthodox,1984-10-25,http://ufcstats.com/fighter-details/94508d80e1f885fc
Erick Montano,Erick,Montano,Perry,182.9,170.0,185.4,Orthodox,1985-11-19,http://ufcstats.com/fighter-details/8163cd7de0342652
Nicco Montano,Nicco,Montano,,165.1,135.0,165.1,Southpaw,1988-12-16,http://ufcstats.com/fighter-details/1de9ad94de18eeaf
Antonio Monteiro,Antonio,Monteiro,Junior Negao,170.2,145.0,177.8,Orthodox,1995-07-02,http://ufcstats.com/fighter-details/3e38b1ea16bd4d86
Sofia Montenegro,Sofia,Montenegro,La Bruja,167.6,125.0,170.2,Orthodox,1999-06-18,http://ufcstats.com/fighter-details/8b1b051038354655
Alberto Montes,Alberto,Montes,The Promise,170.2,145.0,175.3,Orthodox,1994-05-31,http://ufcstats.com/fighter-details/a112097ad877a48f
Steve Montgomery,Steve,Montgomery,The Creepy Weasel,193.0,185.0,,Southpaw,1990-12-19,http://ufcstats.com/fighter-details/6e92eb1242b46636
James Moontasri,James,Moontasri,Moon Walker,177.8,170.0,180.3,Switch,1988-04-10,http://ufcstats.com/fighter-details/c06a9b48d4132c8e
Homer Moore,Homer,Moore,The Rock,177.8,205.0,,Orthodox,1971-11-27,http://ufcstats.com/fighter-details/e56df3c1d8b4b1cc
Todd Moore,Todd,Moore,,175.3,170.0,180.3,Southpaw,1983-12-30,http://ufcstats.com/fighter-details/e31502e3f79d00c5
Nate Moore,Nate,Moore,,182.9,170.0,,,,http://ufcstats.com/fighter-details/518e5202a91980d4
Dustin Moore,Dustin,Moore,,162.6,125.0,,,,http://ufcstats.com/fighter-details/831de97afe326478
Taylor Moore,Taylor,Moore,,177.8,135.0,177.8,Southpaw,1993-10-16,http://ufcstats.com/fighter-details/26927dab41dbd5fc
Sergio Moraes,Sergio,Moraes,The Panther,182.9,170.0,182.9,Orthodox,1982-07-23,http://ufcstats.com/fighter-details/1bcaac2d99b90fce
Marlon Moraes,Marlon,Moraes,Magic,167.6,135.0,170.2,Orthodox,1988-04-26,http://ufcstats.com/fighter-details/fea79f9bc8c68769
Sheymon Moraes,Sheymon,Moraes,,172.7,145.0,182.9,Orthodox,1990-10-11,http://ufcstats.com/fighter-details/0d62719b1dcf7c40
John Moraga,John,Moraga,,167.6,125.0,167.6,Orthodox,1984-03-20,http://ufcstats.com/fighter-details/92437c6775b3f7d1
Ricardo Morais,Ricardo,Morais,The Mutant,203.2,270.0,,Orthodox,1967-02-26,http://ufcstats.com/fighter-details/2dc7f1762dc0a7ef
Leonardo Morales,Leonardo,Morales,Chimy,172.7,135.0,,Southpaw,1992-12-22,http://ufcstats.com/fighter-details/45230be0641f3f53
Albert Morales,Albert,Morales,The Warrior,175.3,135.0,182.9,Orthodox,1991-05-25,http://ufcstats.com/fighter-details/544d7460b3e44393
Joseph Morales,Joseph,Morales,Bopo,167.6,125.0,175.3,Switch,1994-08-22,http://ufcstats.com/fighter-details/2fe9032955c2e013
Vince Morales,Vince,Morales,Vandetta,170.2,135.0,177.8,Orthodox,1990-11-12,http://ufcstats.com/fighter-details/37098a6e6c27fb66
Omar Morales,Omar,Morales,Venezuelan Fighter,180.3,155.0,185.4,Orthodox,1985-10-17,http://ufcstats.com/fighter-details/a0e6753c42698f13
Michael Morales,Michael,Morales,,182.9,170.0,200.7,Orthodox,1999-06-24,http://ufcstats.com/fighter-details/c32aeb1a59e6272d
Paris Moran,Paris,Moran,,,125.0,,,1996-02-04,http://ufcstats.com/fighter-details/abe2e048a04d22cf
Sarah Moras,Sarah,Moras,Cheesecake,170.2,135.0,170.2,Orthodox,1988-04-30,http://ufcstats.com/fighter-details/539ed332b3078821
Christian Morecraft,Christian,Morecraft,,198.1,260.0,205.7,Orthodox,1986-09-08,http://ufcstats.com/fighter-details/80779d7441af1b52
Joe Moreira,Joe,Moreira,,180.3,195.0,,Southpaw,,http://ufcstats.com/fighter-details/df85d6ec3493d120
Richardson Moreira,Richardson,Moreira,Rick Monstro,188.0,185.0,,Orthodox,1984-03-31,http://ufcstats.com/fighter-details/9147679e1a4ad4a3
Gisele Moreira,Gisele,Moreira,,167.6,135.0,,Orthodox,1981-01-14,http://ufcstats.com/fighter-details/6a125ba3ec37e27e
Vinicius Moreira,Vinicius,Moreira,Mamute,193.0,205.0,193.0,Orthodox,1989-02-28,http://ufcstats.com/fighter-details/acb36c908d415c4a
Jesse Moreng,Jesse,Moreng,Arturo,170.2,145.0,,Orthodox,1979-11-09,http://ufcstats.com/fighter-details/2e2cdb6e9eb84bb9
Brandon Moreno,Brandon,Moreno,The Assassin Baby,170.2,125.0,177.8,Orthodox,1993-12-07,http://ufcstats.com/fighter-details/792be9a24df82ed6
Mike Moreno,Mike,Moreno,El Palo Duro,182.9,185.0,,,,http://ufcstats.com/fighter-details/bb2eee4fb3259c01
Dan Moret,Dan,Moret,The Hitman,182.9,155.0,185.4,Southpaw,1986-11-21,http://ufcstats.com/fighter-details/66e98b3bb5fc5250
Sammy Morgan,Sammy,Morgan,The Squeeze,177.8,170.0,,Orthodox,1981-09-28,http://ufcstats.com/fighter-details/2067a177a2842fbf
Peggy Morgan,Peggy,Morgan,The Daywalker,185.4,135.0,,,1979-12-16,http://ufcstats.com/fighter-details/92b36014314b028b
Alexander Morgan,Alexander,Morgan,The Chess Master,177.8,145.0,180.3,Orthodox,1991-05-14,http://ufcstats.com/fighter-details/938ea36fe9c269f0
Alex Morono,Alex,Morono,The Great White,180.3,170.0,182.9,Orthodox,1990-08-16,http://ufcstats.com/fighter-details/cdb96af67d096b1e
Maryna Moroz,Maryna,Moroz,Iron Lady,170.2,125.0,170.2,Orthodox,1991-09-08,http://ufcstats.com/fighter-details/b4192a975027aab6
Sergey Morozov,Sergey,Morozov,,167.6,135.0,170.2,Orthodox,1989-06-14,http://ufcstats.com/fighter-details/2f6a993c7f547c13
Brad Morris,Brad,Morris,,188.0,205.0,,Orthodox,1979-11-01,http://ufcstats.com/fighter-details/6803d4d6908354ac
Scott Morris,Scott,Morris,,177.8,210.0,,Orthodox,,http://ufcstats.com/fighter-details/be9d259be012e8a4
Anthony Morrison,Anthony,Morrison,Cheesesteak,170.2,145.0,,Orthodox,1984-03-29,http://ufcstats.com/fighter-details/dab0e6cb8c932162
Jack Morrison,Jack,Morrison,,180.3,205.0,,,,http://ufcstats.com/fighter-details/38fccd44d669bb2f
Harry Moskowitz,Harry,Moskowitz,Dirty,195.6,275.0,,Orthodox,,http://ufcstats.com/fighter-details/4dc496aa0cfc0d95
Carlos Mota,Carlos,Mota,Tizil,162.6,125.0,175.3,Orthodox,1995-04-15,http://ufcstats.com/fighter-details/b15862fcd6ded451
Miki Motono,Miki,Motono,,157.5,115.0,160.0,Southpaw,1994-05-18,http://ufcstats.com/fighter-details/a5fa51a81d0c5ed9
Juan Mott,Juan,Mott,,182.9,190.0,,Switch,,http://ufcstats.com/fighter-details/5da4e8dc02e50ac0
Nikolas Motta,Nikolas,Motta,Iron,175.3,155.0,177.8,Orthodox,1993-02-08,http://ufcstats.com/fighter-details/37f560436d745c18
Flavio Luiz Moura,Flavio Luiz,Moura,,180.3,183.0,,Open Stance,,http://ufcstats.com/fighter-details/ab35634d1a8c7a11
Eduarda Moura,Eduarda,Moura,Ronda,167.6,125.0,170.2,Orthodox,1994-02-28,http://ufcstats.com/fighter-details/de594b35c45c2e9a
Gegard Mousasi,Gegard,Mousasi,,188.0,185.0,193.0,Orthodox,1985-08-01,http://ufcstats.com/fighter-details/232c582f29f8f65e
Kris Moutinho,Kris,Moutinho,,170.2,135.0,172.7,Southpaw,1992-08-09,http://ufcstats.com/fighter-details/9c27f3217891f3f0
Kin Moy,Kin,Moy,Kong,165.1,135.0,,,,http://ufcstats.com/fighter-details/ae922e7d9e852d7a
Jamie Moyle,Jamie,Moyle,,154.9,115.0,165.1,Orthodox,1989-03-17,http://ufcstats.com/fighter-details/882d62561063a927
Askar Mozharov,Askar,Mozharov,,190.5,205.0,188.0,Orthodox,1994-10-26,http://ufcstats.com/fighter-details/e92901944ce91909
Garrett Mueller,Garrett,Mueller,,175.3,135.0,,,1989-01-29,http://ufcstats.com/fighter-details/d0c325dfefdde31f
Lauren Mueller,Lauren,Mueller,Princess Tiger,165.1,125.0,170.2,Orthodox,1991-11-15,http://ufcstats.com/fighter-details/f923e012414c883e
Belal Muhammad,Belal,Muhammad,Remember the Name,180.3,170.0,182.9,Orthodox,1988-07-09,http://ufcstats.com/fighter-details/b1b0729d27936f2f
Fazlo Mulabitinovic,Fazlo,Mulabitinovic,,,135.0,,,,http://ufcstats.com/fighter-details/2252b2c892397f0d
Quinn Mulhern,Quinn,Mulhern,,190.5,155.0,,Orthodox,1984-09-20,http://ufcstats.com/fighter-details/16af2d5a6f28bee2
James Mulheron,James,Mulheron,,177.8,243.0,185.4,Orthodox,1988-02-20,http://ufcstats.com/fighter-details/8d5350fa18b79e9a
Jamie Mullarkey,Jamie,Mullarkey,,182.9,155.0,188.0,Orthodox,1994-08-17,http://ufcstats.com/fighter-details/af9f42e6894047fc
Jim Mullen,Jim,Mullen,,185.4,215.0,,Southpaw,,http://ufcstats.com/fighter-details/1a49e0670dfaca31
Melissa Mullins,Melissa,Mullins,No Mess,170.2,135.0,172.7,Orthodox,1991-07-23,http://ufcstats.com/fighter-details/bd532e9a2b93870c
Ananias Mulumba,Ananias,Mulumba,Metal,,145.0,,,1998-09-18,http://ufcstats.com/fighter-details/a59bc10f5e9f5fbb
Pedro Munhoz,Pedro,Munhoz,The Young Punisher,167.6,135.0,165.1,Orthodox,1986-09-07,http://ufcstats.com/fighter-details/6bd02119599741a4
Andre Muniz,Andre,Muniz,Sergipano,185.4,185.0,198.1,Southpaw,1990-02-17,http://ufcstats.com/fighter-details/886264a0c9f4ea5e
Mark Munoz,Mark,Munoz,The Filipino Wrecking Machine,182.9,185.0,180.3,Orthodox,1978-02-09,http://ufcstats.com/fighter-details/179f1948dc234f1f
Alexander Munoz,Alexander,Munoz,,175.3,155.0,182.9,Switch,1990-02-27,http://ufcstats.com/fighter-details/f8f1ec513bcfef43
Johnny Munoz,Johnny,Munoz,Kid Kvenbo,175.3,135.0,180.3,Orthodox,1993-02-16,http://ufcstats.com/fighter-details/f6bcbd91b114ff58
Andy Murad,Andy,Murad,The Tooth Fairy,175.3,185.0,,,,http://ufcstats.com/fighter-details/fd0b4e3eb18eafb7
Olivier Murad,Olivier,Murad,Warrior of God,177.8,145.0,182.9,Southpaw,1993-12-21,http://ufcstats.com/fighter-details/c3dd69333eb8085a
Makhmud Muradov,Makhmud,Muradov,,188.0,185.0,190.5,Orthodox,1990-02-08,http://ufcstats.com/fighter-details/ea7e5bc78d9de658
Kazunari Murakami,Kazunari,Murakami,,185.4,220.0,,Orthodox,1973-11-29,http://ufcstats.com/fighter-details/cfbccfed4e4796fe
Ryuichi Murata,Ryuichi,Murata,,172.7,183.0,,Orthodox,,http://ufcstats.com/fighter-details/e3a6c6d6d0ac0815
Kanako Murata,Kanako,Murata,,154.9,115.0,157.5,Orthodox,1993-08-10,http://ufcstats.com/fighter-details/e0b0cf71e0d69dd0
Ailiya Muratbek,Ailiya,Muratbek,,,155.0,,,,http://ufcstats.com/fighter-details/9b6dcc335ad03696
Kasib Murdoch,Kasib,Murdoch,Murder,,135.0,,,,http://ufcstats.com/fighter-details/3a51f8d30900b580
Vince Murdock,Vince,Murdock,,167.6,145.0,162.6,Orthodox,1991-03-21,http://ufcstats.com/fighter-details/4b90384d7c3519b8
Samandar Murodov,Samandar,Murodov,,185.4,170.0,190.5,Orthodox,1999-08-28,http://ufcstats.com/fighter-details/6f4d199c0adc06f5
Tom Murphy,Tom,Murphy,,188.0,227.0,,Southpaw,1974-11-19,http://ufcstats.com/fighter-details/62918a2118de08b2
Ian Murphy,Ian,Murphy,,185.4,185.0,,Orthodox,1985-06-14,http://ufcstats.com/fighter-details/de25520d54eab12d
Jon Murphy,Jon,Murphy,Man of Faith,190.5,260.0,,Orthodox,1977-08-09,http://ufcstats.com/fighter-details/1b5c146ee7b86e34
Lauren Murphy,Lauren,Murphy,Lucky,165.1,125.0,170.2,Orthodox,1983-07-27,http://ufcstats.com/fighter-details/729d4bd5a6cd0a97
Patrick Murphy,Patrick,Murphy,,182.9,170.0,,,,http://ufcstats.com/fighter-details/eca7e064746c161a
Lerone Murphy,Lerone,Murphy,The Miracle,175.3,145.0,185.4,Orthodox,1991-07-22,http://ufcstats.com/fighter-details/396fe87b84ac2e1c
Lee Murray,Lee,Murray,Lightning,190.5,185.0,,Orthodox,1977-09-12,http://ufcstats.com/fighter-details/32016899d0a222a3
Jesse Murray,Jesse,Murray,Hollywood,190.5,205.0,198.1,Orthodox,1993-01-26,http://ufcstats.com/fighter-details/d0147e906106cd2e
Khalid Murtazaliev,Khalid,Murtazaliev,,182.9,185.0,193.0,Orthodox,1993-07-15,http://ufcstats.com/fighter-details/231cae8b77fbbcc1
Azamat Murzakanov,Azamat,Murzakanov,The Professional,177.8,205.0,180.3,Southpaw,1989-04-12,http://ufcstats.com/fighter-details/e90a2f22417af68e
Josias Musasa,Josias,Musasa,The KO Wizard,172.7,135.0,188.0,Southpaw,1998-10-10,http://ufcstats.com/fighter-details/723b64c0e9a8f348
Tofiq Musayev,Tofiq,Musayev,,175.3,155.0,175.3,Orthodox,1989-12-15,http://ufcstats.com/fighter-details/ae81a3ac7b260411
Nicholas Musoke,Nicholas,Musoke,Nico,182.9,170.0,190.5,Orthodox,1986-04-05,http://ufcstats.com/fighter-details/8b5f9ea38184ded3
Andre Mussi,Andre,Mussi,,190.5,242.0,,Orthodox,,http://ufcstats.com/fighter-details/d0d43cb9b14f231c
Magomed Mustafaev,Magomed,Mustafaev,The Sniper,172.7,155.0,180.3,Orthodox,1988-08-02,http://ufcstats.com/fighter-details/31d7446b184e3305
Max Mustaki,Max,Mustaki,,182.9,155.0,,Orthodox,1987-11-07,http://ufcstats.com/fighter-details/f4c40f8a64d3151d
Elvis Mutapcic,Elvis,Mutapcic,The King,182.9,185.0,182.9,Orthodox,1986-07-19,http://ufcstats.com/fighter-details/28c55b4087a6f136
Fiona Muxlow,Fiona,Muxlow,,162.6,145.0,,,1977-05-13,http://ufcstats.com/fighter-details/062e57ca1a3c95a8
Ho Bae Myeon,Ho Bae,Myeon,,180.3,168.0,,Orthodox,,http://ufcstats.com/fighter-details/2719f300b0439039
Katsuhiko Nagata,Katsuhiko,Nagata,,170.2,154.0,,Southpaw,1973-10-31,http://ufcstats.com/fighter-details/d5ae8074631762fc
Yuji Nagata,Yuji,Nagata,,182.9,225.0,,Orthodox,1968-04-24,http://ufcstats.com/fighter-details/e49c2db95e572dc8
Greg Nagy,Greg,Nagy,,185.4,210.0,,Orthodox,1983-10-18,http://ufcstats.com/fighter-details/342422bb6ced1e8d
Logan Nail,Logan,Nail,,,185.0,,,1989-06-20,http://ufcstats.com/fighter-details/47e0b5833e6bc91a
Muhammad Naimov,Muhammad,Naimov,Hillman,175.3,145.0,177.8,Orthodox,1994-08-07,http://ufcstats.com/fighter-details/8d11d9c13e2ccdf7
Yukiya Naito,Yukiya,Naito,,185.4,205.0,,Orthodox,,http://ufcstats.com/fighter-details/7be328bb3c2ea22e
Yura Naito,Yura,Naito,2 FACE,182.9,185.0,188.0,Orthodox,1996-04-26,http://ufcstats.com/fighter-details/50c469e0cb73be10
Andrews Nakahara,Andrews,Nakahara,,185.4,185.0,,Orthodox,1983-03-12,http://ufcstats.com/fighter-details/7a9ca95a92d7b64c
Rin Nakai,Rin,Nakai,,154.9,135.0,,Orthodox,1986-10-22,http://ufcstats.com/fighter-details/f9ae6914f604aa9f
Kazuhiro Nakamura,Kazuhiro,Nakamura,Kaz,180.3,205.0,177.8,Orthodox,1979-07-16,http://ufcstats.com/fighter-details/b034747dc1d15491
Keita Nakamura,Keita,Nakamura,K-Taro,180.3,170.0,185.4,Southpaw,1984-05-22,http://ufcstats.com/fighter-details/65ddc8a9ac4e8531
Daisuke Nakamura,Daisuke,Nakamura,,170.2,154.0,,Orthodox,1980-06-10,http://ufcstats.com/fighter-details/a196332ee4aa8a82
Yusaku Nakamura,Yusaku,Nakamura,,165.1,145.0,,,1986-06-21,http://ufcstats.com/fighter-details/03e8df49c4a059ba
Rinya Nakamura,Rinya,Nakamura,Hybred,170.2,135.0,172.7,Southpaw,1995-03-23,http://ufcstats.com/fighter-details/d8c811df0386d5e8
Keiichiro Nakamura,Keiichiro,Nakamura,,177.8,145.0,177.8,Southpaw,1998-12-02,http://ufcstats.com/fighter-details/3618e0632ecdba9c
Tokitaka Nakanishi,Tokitaka,Nakanishi,Toky,167.6,135.0,167.6,Orthodox,1996-07-28,http://ufcstats.com/fighter-details/eb9446a4f44e19cf
Jutaro Nakao,Jutaro,Nakao,,175.3,170.0,,Southpaw,1970-11-30,http://ufcstats.com/fighter-details/95eb112a85601a0a
Yoshihiro Nakao,Yoshihiro,Nakao,Kiss,182.9,220.0,,Southpaw,1972-06-25,http://ufcstats.com/fighter-details/e18012194473e8b0
Mandel Nallo,Mandel,Nallo,Mango,182.9,155.0,190.5,Orthodox,1989-07-26,http://ufcstats.com/fighter-details/8f4528c10bd34fab
Yui Chul Nam,Yui Chul,Nam,The Korean Bulldozer,175.3,145.0,,Orthodox,1981-07-16,http://ufcstats.com/fighter-details/a00ec21cfbba17b6
Tyson Nam,Tyson,Nam,,170.2,125.0,172.7,Orthodox,1983-10-06,http://ufcstats.com/fighter-details/6e00cfffd54653c4
Rose Namajunas,Rose,Namajunas,Thug,165.1,125.0,165.1,Orthodox,1992-06-29,http://ufcstats.com/fighter-details/47b63240018d5d86
Yasuhito Namekawa,Yasuhito,Namekawa,,175.3,205.0,,Orthodox,1974-10-27,http://ufcstats.com/fighter-details/6083f497c22cc075
Nad Narimani,Nad,Narimani,Smiler,172.7,145.0,177.8,Orthodox,1987-04-14,http://ufcstats.com/fighter-details/776a58a67665a171
Roger Narvaez,Roger,Narvaez,Silverback,190.5,185.0,,Southpaw,1983-09-09,http://ufcstats.com/fighter-details/3a12a2f096a6d975
Fabio Nascimento,Fabio,Nascimento,Negao,177.8,185.0,,Orthodox,,http://ufcstats.com/fighter-details/307064d3e0f036c2
Allan Nascimento,Allan,Nascimento,Puro Osso,172.7,125.0,175.3,Orthodox,1991-09-11,http://ufcstats.com/fighter-details/253076a23d03dcd0
Rodrigo Nascimento,Rodrigo,Nascimento,Ze Colmeia,188.0,246.0,203.2,Orthodox,1992-11-26,http://ufcstats.com/fighter-details/d31a5546c0e9b213
Jefferson Nascimento,Jefferson,Nascimento,Toddynho,172.7,170.0,177.8,Orthodox,1998-11-19,http://ufcstats.com/fighter-details/4b85abc5abbe657c
Bobby Nash,Bobby,Nash,,182.9,170.0,188.0,Orthodox,1990-03-26,http://ufcstats.com/fighter-details/7dfb56f24fe5ddea
Reza Nasri,Reza,Nasri,,180.3,205.0,,Orthodox,,http://ufcstats.com/fighter-details/d41937647eae9a34
Nasrudin Nasrudinov,Nasrudin,Nasrudinov,,182.9,205.0,180.3,Orthodox,1991-10-06,http://ufcstats.com/fighter-details/769fa803bf9d2e3b
Pawel Nastula,Pawel,Nastula,,182.9,230.0,,Southpaw,1970-06-26,http://ufcstats.com/fighter-details/154a6b3ffae264cd
Rafael Natal,Rafael,Natal,Sapo,182.9,185.0,195.6,Orthodox,1982-12-25,http://ufcstats.com/fighter-details/0dba4df5f34d5ff0
Kevin Natividad,Kevin,Natividad,Quicksand,167.6,135.0,177.8,Orthodox,1993-04-02,http://ufcstats.com/fighter-details/0c258d1d8e16e5f1
Ismail Naurdiev,Ismail,Naurdiev,,177.8,185.0,188.0,Orthodox,1996-08-18,http://ufcstats.com/fighter-details/6a96ad1bc34fb113
Danny Navarro,Danny,Navarro,,177.8,155.0,,,1983-05-27,http://ufcstats.com/fighter-details/618f72750ec50b05
Marcio Navarro,Marcio,Navarro,The Locomotive,182.9,155.0,,,1978-09-17,http://ufcstats.com/fighter-details/52f7d300738961ac
Tafon Nchukwi,Tafon,Nchukwi,Da Don,182.9,185.0,195.6,Orthodox,1994-10-14,http://ufcstats.com/fighter-details/6aae253467e8f9ce
Dustin Neace,Dustin,Neace,The Beast,175.3,145.0,175.3,,1986-09-12,http://ufcstats.com/fighter-details/e503aa5c252a1b4d
Josh Neal,Josh,Neal,,182.9,185.0,,,,http://ufcstats.com/fighter-details/0b534765dca35e71
Joe Neal,Joe,Neal,Nine Lives,167.6,135.0,,,1986-07-29,http://ufcstats.com/fighter-details/5751267660c734cb
Geoff Neal,Geoff,Neal,Handz of Steel,180.3,170.0,190.5,Southpaw,1990-08-28,http://ufcstats.com/fighter-details/b997be68943010fc
Stanislav Nedkov,Stanislav,Nedkov,Stucky,180.3,205.0,180.3,Orthodox,1981-12-09,http://ufcstats.com/fighter-details/1d4bbaabd8b60173
Josh Neer,Josh,Neer,The Dentist,180.3,170.0,182.9,Orthodox,1983-03-24,http://ufcstats.com/fighter-details/d1a1314976c50bef
Nicolae Negumereanu,Nicolae,Negumereanu,,182.9,205.0,198.1,Orthodox,1994-09-04,http://ufcstats.com/fighter-details/8c57c7b8c3bab0eb
Steve Nelmark,Steve,Nelmark,The Sandman,182.9,240.0,,Orthodox,,http://ufcstats.com/fighter-details/13e62d766b709aa6
Shane Nelson,Shane,Nelson,Sugar,175.3,155.0,177.8,Southpaw,1984-11-29,http://ufcstats.com/fighter-details/2db7fa8db6bc9632
Roy Nelson,Roy,Nelson,Big Country,182.9,263.0,185.4,Orthodox,1976-06-20,http://ufcstats.com/fighter-details/3f7c14c7eca7195d
Gunnar Nelson,Gunnar,Nelson,Gunni,180.3,170.0,182.9,Switch,1988-07-28,http://ufcstats.com/fighter-details/fd55393021a8c255
Kyle Nelson,Kyle,Nelson,The Monster,180.3,155.0,180.3,Switch,1991-04-20,http://ufcstats.com/fighter-details/31f8081c7600da93
Lissette Neri,Lissette,Neri,,157.5,145.0,,,1987-08-05,http://ufcstats.com/fighter-details/f4db63258ecf0613
Mario Neto,Mario,Neto,Sukata,182.9,229.0,,Orthodox,,http://ufcstats.com/fighter-details/1209b5134401ca53
Antonio Braga Neto,Antonio Braga,Neto,,190.5,185.0,195.6,Orthodox,1987-10-29,http://ufcstats.com/fighter-details/fae67903c4fe636b
Eduardo Neves,Eduardo,Neves,Bebezao,188.0,263.0,198.1,Orthodox,2000-03-16,http://ufcstats.com/fighter-details/1d688fa375d9431c
Julio Cesar Neves Jr.,Julio Cesar,Neves Jr.,Morceguinho,172.7,145.0,,,1994-04-25,http://ufcstats.com/fighter-details/195d0d3e14a2e256
Nick Newell,Nick,Newell,Notorious,177.8,155.0,,Southpaw,1986-03-17,http://ufcstats.com/fighter-details/f562238becb9ec50
Journey Newson,Journey,Newson,,165.1,135.0,170.2,Orthodox,1989-03-07,http://ufcstats.com/fighter-details/78f485f851891d68
Jeff Newton,Jeff,Newton,,188.0,205.0,,Sideways,1966-12-11,http://ufcstats.com/fighter-details/94609dd91731d428
Carlos Newton,Carlos,Newton,The Ronin,175.3,170.0,,Orthodox,1976-08-17,http://ufcstats.com/fighter-details/952f6fa06f25a0ec
Emanuel Newton,Emanuel,Newton,The Hardcore Kid,185.4,205.0,,,1984-01-02,http://ufcstats.com/fighter-details/fbbbc68d368832fa
Francis Ngannou,Francis,Ngannou,The Predator,193.0,250.0,210.8,Orthodox,1986-09-05,http://ufcstats.com/fighter-details/8d03ce87ca14e778
Nghiem Van Y,Nghiem,Van Y,,170.2,135.0,172.7,Orthodox,1999-05-15,http://ufcstats.com/fighter-details/fd08d6536b7b91f0
Ben Nguyen,Ben,Nguyen,Ten,165.1,125.0,165.1,Switch,1988-08-03,http://ufcstats.com/fighter-details/840d2c82ea68b9aa
Steven Nguyen,Steven,Nguyen,The Ninja,180.3,145.0,185.4,Switch,1993-05-19,http://ufcstats.com/fighter-details/69037fc7730e4225
Alex Nicholson,Alex,Nicholson,The Spartan,193.0,185.0,195.6,Orthodox,1990-05-02,http://ufcstats.com/fighter-details/2b6d855c6e280fb1
Bo Nickal,Bo,Nickal,,185.4,185.0,193.0,Southpaw,1996-01-14,http://ufcstats.com/fighter-details/35673bf5204524ee
Mike Nickels,Mike,Nickels,,193.0,205.0,,Orthodox,1971-12-13,http://ufcstats.com/fighter-details/330ec26453c44a59
Matheus Nicolau,Matheus,Nicolau,,167.6,125.0,167.6,Orthodox,1993-01-06,http://ufcstats.com/fighter-details/1a31ef98efce7a79
Stewart Nicoll,Stewart,Nicoll,Kakamora,165.1,125.0,165.1,Orthodox,1996-04-11,http://ufcstats.com/fighter-details/2bd98ab77a8daa75
Jaimelene Nievera,Jaimelene,Nievera,Queenie,165.1,125.0,,Orthodox,1984-10-28,http://ufcstats.com/fighter-details/3edf45e1717fa764
Khomkrit Niimi,Khomkrit,Niimi,The Bumblebee,157.5,125.0,,,,http://ufcstats.com/fighter-details/52a003d768f10d91
Tom Niinimaki,Tom,Niinimaki,Stoneface,175.3,145.0,175.3,Orthodox,1982-07-25,http://ufcstats.com/fighter-details/5fceb45939fc0c8a
Ramsey Nijem,Ramsey,Nijem,,180.3,155.0,190.5,Orthodox,1988-04-01,http://ufcstats.com/fighter-details/22aa91e402d0fe1f
Hans Nijman,Hans,Nijman,,182.9,250.0,,Switch,1959-10-23,http://ufcstats.com/fighter-details/4956f60b7fa57c1a
Fedor Nikolov,Fedor,Nikolov,,,,,,,http://ufcstats.com/fighter-details/346f789951e85f3f
Jack Nilson,Jack,Nilson,,,,,,,http://ufcstats.com/fighter-details/53e533db1b8e9712
Mats Nilsson,Mats,Nilsson,,185.4,170.0,,Orthodox,1983-12-05,http://ufcstats.com/fighter-details/a9bcf8717dd12532
Guangyou Ning,Guangyou,Ning,Smasher,162.6,145.0,162.6,Southpaw,1981-12-15,http://ufcstats.com/fighter-details/2c1170b825f58e57
Soichi Nishida,Soichi,Nishida,,180.3,320.0,,Orthodox,,http://ufcstats.com/fighter-details/6810d8d2dd557cf9
Yosuke Nishijima,Yosuke,Nishijima,,175.3,205.0,,Orthodox,1973-05-15,http://ufcstats.com/fighter-details/5cde96e0a1a1fffe
Yamato Nishikawa,Yamato,Nishikawa,,170.2,155.0,,Orthodox,2002-12-06,http://ufcstats.com/fighter-details/7beecbe0a08cf002
Akiyo Nishiura,Akiyo,Nishiura,Wicky Akiyo,172.7,139.0,,Southpaw,1983-08-08,http://ufcstats.com/fighter-details/6c9383ffab2725a5
Anthony Njokuani,Anthony,Njokuani,The Assassin,185.4,155.0,190.5,Orthodox,1980-03-01,http://ufcstats.com/fighter-details/6bf5a7d3e081ade2
Chidi Njokuani,Chidi,Njokuani,Bang Bang,190.5,170.0,203.2,Orthodox,1988-12-31,http://ufcstats.com/fighter-details/c68c68efaa5ca6ef
Derrick Noble,Derrick,Noble,The Eraser,175.3,170.0,,Southpaw,1978-08-14,http://ufcstats.com/fighter-details/21321cdfba797c52
Kyle Noblitt,Kyle,Noblitt,,188.0,243.0,,,1989-12-26,http://ufcstats.com/fighter-details/4acf03bdec2025d7
Pedro Nobre,Pedro,Nobre,The Rock,165.1,135.0,,,1986-02-13,http://ufcstats.com/fighter-details/e983c62faf677ab2
Jacob Noe,Jacob,Noe,Psycho,,205.0,,,,http://ufcstats.com/fighter-details/9bff1b4c37ebbede
Antonio Rodrigo Nogueira,Antonio Rodrigo,Nogueira,Minotauro,190.5,240.0,195.6,Orthodox,1976-06-02,http://ufcstats.com/fighter-details/ee9d73f4fee9cbdd
Rogerio Nogueira,Rogerio,Nogueira,Minotouro,188.0,205.0,190.5,Southpaw,1976-06-02,http://ufcstats.com/fighter-details/73e09f837f3b5ecc
Alexandre Franca Nogueira,Alexandre Franca,Nogueira,Pequeno,170.2,145.0,,Orthodox,1978-01-15,http://ufcstats.com/fighter-details/4c27ca8c8481f79a
Talita Nogueira,Talita,Nogueira,Treta,177.8,145.0,,,1985-10-13,http://ufcstats.com/fighter-details/a3d1d060f9af97fe
Kyle Noke,Kyle,Noke,,185.4,170.0,193.0,Southpaw,1980-03-18,http://ufcstats.com/fighter-details/7339d340aa2889cb
Tom Nolan,Tom,Nolan,Big Train,190.5,155.0,185.4,Southpaw,2000-03-08,http://ufcstats.com/fighter-details/6c3b2525436cf5d4
Eric Nolan,Eric,Nolan,Night Time,188.0,185.0,188.0,Orthodox,1997-09-13,http://ufcstats.com/fighter-details/64b12fe31be7560c
Nick Nolte,Nick,Nolte,,182.9,170.0,,,,http://ufcstats.com/fighter-details/d665de9b4da87c22
KJ Noons,KJ,Noons,King,177.8,155.0,177.8,Orthodox,1982-12-07,http://ufcstats.com/fighter-details/b7ffa72aa148599a
Sage Northcutt,Sage,Northcutt,Super,182.9,170.0,180.3,Orthodox,1996-03-01,http://ufcstats.com/fighter-details/ed9d8ee3a4239b1c
Jan Nortje,Jan,Nortje,The Giant,185.4,310.0,,Southpaw,1975-04-11,http://ufcstats.com/fighter-details/bd4389b71fdc0ce2
Scott Norton,Scott,Norton,Hollywood,177.8,170.0,,Orthodox,1973-03-15,http://ufcstats.com/fighter-details/f21a3d68fb9df387
Shohei Nose,Shohei,Nose,,167.6,135.0,172.7,Switch,1997-10-19,http://ufcstats.com/fighter-details/6b0e83b094f816ac
Jonatas Novaes,Jonatas,Novaes,,180.3,170.0,,,1981-03-02,http://ufcstats.com/fighter-details/9e8e5c529057fe60
Jason Novelli,Jason,Novelli,Flipside,182.9,155.0,,Orthodox,1979-06-08,http://ufcstats.com/fighter-details/459e4dc69ec669b2
Norbert Novenyi,Norbert,Novenyi,Magic,,185.0,,,1999-10-06,http://ufcstats.com/fighter-details/770108c77e4bcfd8
Phillipe Nover,Phillipe,Nover,The Filipino Assassin,175.3,145.0,182.9,Orthodox,1984-02-03,http://ufcstats.com/fighter-details/64360e618823a8e4
Shayilan Nuerdanbieke,Shayilan,Nuerdanbieke,Wolverine,172.7,145.0,175.3,Orthodox,1994-05-04,http://ufcstats.com/fighter-details/0a73acff6325c1e2
Azamat Nuftillaev,Azamat,Nuftillaev,Dragon,,265.0,,,1994-01-01,http://ufcstats.com/fighter-details/b37321c0bb9e8570
Diego Nunes,Diego,Nunes,The Gun,167.6,145.0,170.2,Orthodox,1982-11-30,http://ufcstats.com/fighter-details/3a24769a4855040a
Amanda Nunes,Amanda,Nunes,The Lioness,172.7,135.0,175.3,Orthodox,1988-05-30,http://ufcstats.com/fighter-details/80fa8218c99f9c58
Nina Nunes,Nina,Nunes,,165.1,125.0,162.6,Orthodox,1985-12-03,http://ufcstats.com/fighter-details/d343df8ba11f4c4e
Istela Nunes,Istela,Nunes,,162.6,115.0,167.6,Orthodox,1992-07-23,http://ufcstats.com/fighter-details/efc67b07eed39794
Josiane Nunes,Josiane,Nunes,Josi,157.5,135.0,170.2,Southpaw,1993-12-23,http://ufcstats.com/fighter-details/68d35296f566792b
Diyar Nurgozhay,Diyar,Nurgozhay,,188.0,205.0,188.0,Southpaw,1997-04-22,http://ufcstats.com/fighter-details/709fadb644ee3f51
Khabib Nurmagomedov,Khabib,Nurmagomedov,The Eagle,177.8,155.0,177.8,Orthodox,1988-09-20,http://ufcstats.com/fighter-details/032cc3922d871c7f
Said Nurmagomedov,Said,Nurmagomedov,,172.7,135.0,177.8,Orthodox,1992-04-05,http://ufcstats.com/fighter-details/0fd5f4b838e890cc
Abubakar Nurmagomedov,Abubakar,Nurmagomedov,,180.3,170.0,182.9,Orthodox,1989-11-13,http://ufcstats.com/fighter-details/029e1293e609fd74
Umar Nurmagomedov,Umar,Nurmagomedov,,172.7,135.0,175.3,Orthodox,1996-01-03,http://ufcstats.com/fighter-details/2b6fc1c02736833d
Adilet Nurmatov,Adilet,Nurmatov,Kok-Zhal,,155.0,,,1997-08-02,http://ufcstats.com/fighter-details/689502703bbfe5f2
Kennedy Nzechukwu,Kennedy,Nzechukwu,Chosen,195.6,236.0,210.8,Southpaw,1992-06-13,http://ufcstats.com/fighter-details/8667caa0451d245b
Jake O'Brien,Jake,O'Brien,Irish,190.5,205.0,193.0,Orthodox,1984-09-25,http://ufcstats.com/fighter-details/20bcc9966affb19c
TJ O'Brien,TJ,O'Brien,The Spider,188.0,155.0,,Orthodox,1987-01-01,http://ufcstats.com/fighter-details/d25b93992f285953
Sean O'Connell,Sean,O'Connell,The Real OC,185.4,205.0,188.0,Orthodox,1983-09-02,http://ufcstats.com/fighter-details/cb52f9490c2dc069
Dan O'Connor,Dan,O'Connor,Johnny Irish,162.6,115.0,,,1982-11-17,http://ufcstats.com/fighter-details/69ea0119f6f0dfe0
Sean O'Haire,Sean,O'Haire,,195.6,270.0,,Orthodox,1971-02-25,http://ufcstats.com/fighter-details/46effbd1135423c5
Sean O'Malley,Sean,O'Malley,Suga,180.3,135.0,182.9,Switch,1994-10-24,http://ufcstats.com/fighter-details/b50a426a33da0012
Jeremiah O'Neal,Jeremiah,O'Neal,,172.7,260.0,,,1977-10-25,http://ufcstats.com/fighter-details/338fda4ec7034c5d
Chuck O'Neil,Chuck,O'Neil,Cold Steel,188.0,170.0,,,1985-09-22,http://ufcstats.com/fighter-details/56bc9ccb609df534
Casey O'Neill,Casey,O'Neill,King,167.6,125.0,175.3,Orthodox,1997-10-07,http://ufcstats.com/fighter-details/04835018f90b118c
Brendan O'Reilly,Brendan,O'Reilly,Badger,170.2,170.0,175.3,Orthodox,1987-06-24,http://ufcstats.com/fighter-details/494b0bfdbac74502
Takahiro Oba,Takahiro,Oba,,172.7,200.0,,Southpaw,,http://ufcstats.com/fighter-details/7139cd2ae4bf6a29
Nobuhiro Obiya,Nobuhiro,Obiya,,172.7,145.0,,Orthodox,1981-01-15,http://ufcstats.com/fighter-details/6e3282d57d2467a0
Jose Ochoa,Jose,Ochoa,Kalzifer,170.2,125.0,170.2,Southpaw,2000-12-31,http://ufcstats.com/fighter-details/88be62d6c1e6dadb
Christian Ocon,Christian,Ocon,,172.7,135.0,175.3,Orthodox,1996-02-05,http://ufcstats.com/fighter-details/2d6d6ffe5a446ea2
Kaito Oda,Kaito,Oda,,,125.0,,,1998-02-13,http://ufcstats.com/fighter-details/629bac37f70891fb
Richard Odoms,Richard,Odoms,The Black Eagle,195.6,265.0,,Orthodox,1975-05-08,http://ufcstats.com/fighter-details/f43907e75f8d9baa
Volkan Oezdemir,Volkan,Oezdemir,No Time,188.0,205.0,190.5,Orthodox,1989-09-19,http://ufcstats.com/fighter-details/0845c81e37d3bcb3
Kaan Ofli,Kaan,Ofli,Genghis,170.2,145.0,167.6,Orthodox,1993-06-19,http://ufcstats.com/fighter-details/7facc9c45d792985
Naoya Ogawa,Naoya,Ogawa,,193.0,255.0,,Orthodox,1968-03-31,http://ufcstats.com/fighter-details/4b2390cfaceb91d8
Trey Ogden,Trey,Ogden,Shamurai,180.3,155.0,182.9,Orthodox,1989-11-14,http://ufcstats.com/fighter-details/cfc3e7bb44685289
Andy Ogle,Andy,Ogle,The Little Axe,172.7,145.0,175.3,Orthodox,1989-02-16,http://ufcstats.com/fighter-details/b6c4451cb13c9303
Ho Taek Oh,Ho Taek,Oh,Spider,,155.0,,,1993-07-20,http://ufcstats.com/fighter-details/5c020ee6ab450870
Michiyoshi Ohara,Michiyoshi,Ohara,,177.8,205.0,,Orthodox,,http://ufcstats.com/fighter-details/6a8a06b542e1516d
Koji Oishi,Koji,Oishi,,172.7,170.0,,Orthodox,1977-05-31,http://ufcstats.com/fighter-details/01daf32100ed7517
Takayuki Okada,Takayuki,Okada,Giant Ochiai,185.4,290.0,,Orthodox,,http://ufcstats.com/fighter-details/32541eb5d12668b4
Yushin Okami,Yushin,Okami,Thunder,188.0,170.0,190.5,Southpaw,1981-07-21,http://ufcstats.com/fighter-details/acff437707625fc7
JJ Okanovich,JJ,Okanovich,The Bosnian Bomber,180.3,155.0,193.0,Orthodox,1990-11-04,http://ufcstats.com/fighter-details/aa40fe6038db56cb
Bolaji Oki,Bolaji,Oki,The Zulu Warrior,177.8,155.0,185.4,Orthodox,1995-11-15,http://ufcstats.com/fighter-details/4bdedbdeedff7d1d
Kazuki Okubo,Kazuki,Okubo,,180.3,175.0,,Orthodox,,http://ufcstats.com/fighter-details/33454ad90754cb49
Masakatsu Okuda,Masakatsu,Okuda,,,,,,,http://ufcstats.com/fighter-details/02a65a55f25fb4f3
Aleksei Oleinik,Aleksei,Oleinik,The Boa Constrictor,188.0,240.0,203.2,Orthodox,1977-06-20,http://ufcstats.com/fighter-details/98c23cb6da5b3352
Michal Oleksiejczuk,Michal,Oleksiejczuk,Hussar,182.9,185.0,188.0,Southpaw,1995-02-22,http://ufcstats.com/fighter-details/0d65c432720accb9
Cezary Oleksiejczuk,Cezary,Oleksiejczuk,,190.5,185.0,190.5,Southpaw,2000-01-06,http://ufcstats.com/fighter-details/084532da3d25f3b8
Rafaello Oliveira,Rafaello,Oliveira,Tractor,172.7,155.0,180.3,Orthodox,1982-01-26,http://ufcstats.com/fighter-details/15b1b21cd743d652
Charles Oliveira,Charles,Oliveira,Do Bronxs,177.8,155.0,188.0,Orthodox,1989-10-17,http://ufcstats.com/fighter-details/07225ba28ae309b6
Jorge Oliveira,Jorge,Oliveira,,185.4,205.0,,,,http://ufcstats.com/fighter-details/bec2746f033802c3
Ednaldo Oliveira,Ednaldo,Oliveira,Lula,195.6,205.0,,Orthodox,1984-02-19,http://ufcstats.com/fighter-details/acd9513399a8b09b
Alex Oliveira,Alex,Oliveira,Cowboy,180.3,170.0,193.0,Orthodox,1988-02-21,http://ufcstats.com/fighter-details/57b10fca4f9c9a7a
Maria Oliveira,Maria,Oliveira,Spider-Girl,167.6,115.0,175.3,Orthodox,1996-12-12,http://ufcstats.com/fighter-details/37d752ec41ed84bb
Bruno Oliveira,Bruno,Oliveira,,193.0,205.0,203.2,Orthodox,1984-05-02,http://ufcstats.com/fighter-details/1e85912c9bab7e2b
Saimon Oliveira,Saimon,Oliveira,,162.6,135.0,182.9,Orthodox,1991-04-21,http://ufcstats.com/fighter-details/72ea1984c52019b5
Vinicius Oliveira,Vinicius,Oliveira,LokDog,175.3,135.0,177.8,Switch,1995-11-30,http://ufcstats.com/fighter-details/18d01f7f8338ae72
Ravena Oliveira,Ravena,Oliveira,Kenoudy,165.1,115.0,165.1,Orthodox,1997-02-20,http://ufcstats.com/fighter-details/4948e412fa6ab67d
Michael Oliveira,Michael,Oliveira,PQD,,170.0,,,1998-01-21,http://ufcstats.com/fighter-details/037cfd34a27d59e9
Wendell Oliveira Marques,Wendell,Oliveira Marques,The Machine,177.8,170.0,,Orthodox,1983-06-01,http://ufcstats.com/fighter-details/32c03df3c9760069
Felipe Olivieri,Felipe,Olivieri,,175.3,155.0,,Orthodox,1985-04-12,http://ufcstats.com/fighter-details/948880beac71f028
Andy Ologun,Andy,Ologun,,182.9,154.0,,Orthodox,1983-06-12,http://ufcstats.com/fighter-details/e96d8538d3f9d0ed
Shana Olsen,Shana,Olsen,Rock Solid,170.2,145.0,,,1980-12-17,http://ufcstats.com/fighter-details/dfbb95ca0c143988
Casey Olson,Casey,Olson,The Underdog,170.2,145.0,,Orthodox,,http://ufcstats.com/fighter-details/7613773461b276f4
Dennis Olson,Dennis,Olson,,182.9,170.0,,,,http://ufcstats.com/fighter-details/8e0709784259402d
Cameron Olson,Cameron,Olson,Cap'n Crunch,185.4,205.0,190.5,Orthodox,1989-11-22,http://ufcstats.com/fighter-details/5a9104718439ef44
Gadzhi Omargadzhiev,Gadzhi,Omargadzhiev,,185.4,170.0,180.3,Switch,1993-02-24,http://ufcstats.com/fighter-details/684d3aee255a3d09
Alan Omer,Alan,Omer,,177.8,145.0,,Orthodox,1988-09-14,http://ufcstats.com/fighter-details/f2ad06f1007c481a
Daniel Omielanczuk,Daniel,Omielanczuk,,182.9,247.0,188.0,Southpaw,1982-08-31,http://ufcstats.com/fighter-details/470fedbc8563ac47
Michihiro Omigawa,Michihiro,Omigawa,,167.6,145.0,172.7,Orthodox,1975-12-19,http://ufcstats.com/fighter-details/9f842be1a5337be6
David Onama,David,Onama,,180.3,145.0,188.0,Orthodox,1994-06-07,http://ufcstats.com/fighter-details/ffe9703408fb5964
Charlie Ontiveros,Charlie,Ontiveros,American Bad Boy,188.0,155.0,188.0,Switch,1991-07-04,http://ufcstats.com/fighter-details/318572f6f74b760d
Chibwikem Onyenegecha,Chibwikem,Onyenegecha,,190.5,185.0,,Orthodox,1994-04-18,http://ufcstats.com/fighter-details/887e09328cd63df1
Myktybek Orolbai,Myktybek,Orolbai,,177.8,155.0,188.0,Orthodox,1998-02-10,http://ufcstats.com/fighter-details/bf2c8e01b07d3eb1
Sam Oropeza,Sam,Oropeza,,188.0,170.0,,,,http://ufcstats.com/fighter-details/6b8db407d49c6e4b
Brian Ortega,Brian,Ortega,T-City,172.7,145.0,175.3,Switch,1991-02-21,http://ufcstats.com/fighter-details/def8166ff24bd237
Jaden Ortega,Jaden,Ortega,,,170.0,,,2002-09-18,http://ufcstats.com/fighter-details/fc425affea8ca8cb
Tito Ortiz,Tito,Ortiz,The People's Champ,190.5,205.0,188.0,Orthodox,1975-01-23,http://ufcstats.com/fighter-details/2f732dd9210d301f
Jorge Ortiz,Jorge,Ortiz,The Naked Man,182.9,185.0,,Orthodox,,http://ufcstats.com/fighter-details/9c5828c6fd9dc948
Dustin Ortiz,Dustin,Ortiz,,165.1,125.0,165.1,Orthodox,1988-12-25,http://ufcstats.com/fighter-details/f53c1f4ceeed8c08
Kenji Osawa,Kenji,Osawa,,170.2,135.0,167.6,Orthodox,1976-11-04,http://ufcstats.com/fighter-details/8eb239a52fc4ec14
Ode Osbourne,Ode,Osbourne,The Jamaican Sensation,170.2,125.0,185.4,Southpaw,1992-01-09,http://ufcstats.com/fighter-details/6d68c1afe954f121
Kurt Osiander,Kurt,Osiander,,,185.0,,,,http://ufcstats.com/fighter-details/f84dfc5a8d178403
Nick Osipczak,Nick,Osipczak,,188.0,170.0,193.0,Orthodox,1984-12-30,http://ufcstats.com/fighter-details/5b407acfe0ef9b76
Nissen Osterneck,Nissen,Osterneck,,188.0,185.0,,Orthodox,1981-05-01,http://ufcstats.com/fighter-details/d632d156c0549e07
Rachael Ostovich,Rachael,Ostovich,,160.0,125.0,157.5,Orthodox,1991-02-25,http://ufcstats.com/fighter-details/01784fbc27c68b14
Pedro Otavio,Pedro,Otavio,Te Pedro,190.5,245.0,,Orthodox,,http://ufcstats.com/fighter-details/4512e46543b960ad
Alexander Otsuka,Alexander,Otsuka,The Diet Butcher,185.4,205.0,,Orthodox,1971-07-17,http://ufcstats.com/fighter-details/865aa315ea62c511
Takafumi Otsuka,Takafumi,Otsuka,,167.6,139.0,,Orthodox,,http://ufcstats.com/fighter-details/6b8f28da9a483049
Quemuel Ottoni,Quemuel,Ottoni,,182.9,155.0,182.9,Orthodox,1992-10-22,http://ufcstats.com/fighter-details/7ce21433c2a53168
Zak Ottow,Zak,Ottow,The Barbarian,180.3,170.0,182.9,Orthodox,1986-12-22,http://ufcstats.com/fighter-details/47cd337b86b1af92
Artur Oumakhanov,Artur,Oumakhanov,,170.2,154.0,,Orthodox,1979-02-27,http://ufcstats.com/fighter-details/1ef0eae31904e534
Sidney Outlaw,Sidney,Outlaw,,172.7,170.0,188.0,Orthodox,1992-04-11,http://ufcstats.com/fighter-details/871ce0b4a01922b6
Alistair Overeem,Alistair,Overeem,The Demolition Man,193.0,265.0,203.2,Orthodox,1980-05-17,http://ufcstats.com/fighter-details/b4ad3a06ee4d660c
Valentijn Overeem,Valentijn,Overeem,,190.5,230.0,,Orthodox,1976-08-17,http://ufcstats.com/fighter-details/20e403a1acfef130
Craig Oxley,Craig,Oxley,,175.3,155.0,,,1973-02-14,http://ufcstats.com/fighter-details/4bb9d7a32d02a03e
Shungo Oyama,Shungo,Oyama,,180.3,185.0,,Southpaw,1974-04-11,http://ufcstats.com/fighter-details/47b7e4e60813b7b2
Ren Ozaki,Ren,Ozaki,,170.2,135.0,172.7,Orthodox,2001-12-15,http://ufcstats.com/fighter-details/8997ee20b6a43d76
Alptekin Ozkilic,Alptekin,Ozkilic,The Turkish Delight,165.1,125.0,165.1,Orthodox,1986-03-27,http://ufcstats.com/fighter-details/e18a19001a3f7c7d
Raquel Pa'aluhi,Raquel,Pa'aluhi,Rocky,170.2,135.0,,,,http://ufcstats.com/fighter-details/373be586f370d400
Nick Pace,Nick,Pace,,170.2,135.0,172.7,Orthodox,1987-04-17,http://ufcstats.com/fighter-details/8cb76103cd8a1562
Jimmie Pace,Jimmie,Pace,Big Bucks,,185.0,,,1996-04-09,http://ufcstats.com/fighter-details/4652b685fa11e7fd
Larissa Pacheco,Larissa,Pacheco,,170.2,135.0,,Orthodox,1994-09-07,http://ufcstats.com/fighter-details/16b89be2f5c16fba
Angel Pacheco,Angel,Pacheco,,172.7,135.0,177.8,Orthodox,1992-01-13,http://ufcstats.com/fighter-details/07797f10b9569cfc
Teemu Packalen,Teemu,Packalen,Pacu,185.4,155.0,190.5,Orthodox,1987-05-22,http://ufcstats.com/fighter-details/8f4eeaf7a0df7c1a
George Pacurariu,George,Pacurariu,Constantine,170.2,135.0,,,1984-07-28,http://ufcstats.com/fighter-details/c51da79b0346b5b7
Cyrillo Padilha,Cyrillo,Padilha,,180.3,155.0,,,1978-01-23,http://ufcstats.com/fighter-details/856c4d2668a875f9
Gary Padilla,Gary,Padilla,,180.3,205.0,,,1980-05-04,http://ufcstats.com/fighter-details/01dd4cdc2446f665
Fernando Padilla,Fernando,Padilla,El Valiente,185.4,145.0,193.0,Orthodox,1996-12-15,http://ufcstats.com/fighter-details/d2f43cfaf8ca3560
Chris Padilla,Chris,Padilla,Taco,175.3,155.0,188.0,Orthodox,1995-09-14,http://ufcstats.com/fighter-details/06626b6287e1ae1e
Damacio Page,Damacio,Page,The Angel of Death,167.6,135.0,167.6,Orthodox,1982-09-30,http://ufcstats.com/fighter-details/c96e2ae6021144a1
Michael Page,Michael,Page,Venom,190.5,185.0,200.7,Switch,1987-04-07,http://ufcstats.com/fighter-details/a67d071163962af8
Thomas Pagliarulo,Thomas,Pagliarulo,The Phenom,,145.0,,,1997-06-19,http://ufcstats.com/fighter-details/0e75cd3ba8274cea
Dustin Pague,Dustin,Pague,The Disciple,175.3,135.0,188.0,Orthodox,1987-08-05,http://ufcstats.com/fighter-details/55f80a8aeffcdb33
Josh Paiva,Josh,Paiva,,167.6,125.0,,,1991-04-05,http://ufcstats.com/fighter-details/1e12c1dbbb1e2dda
Raulian Paiva,Raulian,Paiva,,172.7,135.0,175.3,Orthodox,1995-10-17,http://ufcstats.com/fighter-details/82b4e942781b1046
Dinis Paiva Jr.,Dinis,Paiva Jr.,Sweetbread,175.3,145.0,180.3,Southpaw,1988-05-26,http://ufcstats.com/fighter-details/ad3a5e465c76e499
Fredson Paixao,Fredson,Paixao,,167.6,145.0,167.6,Orthodox,1979-05-13,http://ufcstats.com/fighter-details/320edfb0332b7073
Luis Pajuelo,Luis,Pajuelo,Corazon de Leon,177.8,145.0,175.3,Orthodox,1994-12-18,http://ufcstats.com/fighter-details/e530df53922f413e
Jose Palacios,Jose,Palacios,,175.3,145.0,,Orthodox,,http://ufcstats.com/fighter-details/de20ffb3fc2e7629
Ricky Palacios,Ricky,Palacios,El Gallero,167.6,145.0,,Orthodox,1987-07-05,http://ufcstats.com/fighter-details/797ddccda75f169f
Bart Palaszewski,Bart,Palaszewski,Bartimus,175.3,145.0,177.8,Orthodox,1983-05-30,http://ufcstats.com/fighter-details/4304992c2acc187b
Sasha Palatnikov,Sasha,Palatnikov,,185.4,170.0,182.9,Switch,1989-03-15,http://ufcstats.com/fighter-details/a6c20202c701e5ca
Soa Palelei,Soa,Palelei,The Hulk,193.0,265.0,205.7,Orthodox,1977-07-12,http://ufcstats.com/fighter-details/60029bcf496bd707
Rousimar Palhares,Rousimar,Palhares,Toquinho,172.7,170.0,180.3,Orthodox,1980-02-26,http://ufcstats.com/fighter-details/8ddf9c51c5fdea75
Tulio Palhares,Tulio,Palhares,,,180.0,,,,http://ufcstats.com/fighter-details/e8c170a64dc920ac
Stephen Palling,Stephen,Palling,Bozo,162.6,143.0,,,1967-01-29,http://ufcstats.com/fighter-details/ab7c212de9f66af0
Eduardo Pamplona,Eduardo,Pamplona,,180.3,170.0,,,1973-02-20,http://ufcstats.com/fighter-details/f31c0905045fa100
Ruel Panales,Ruel,Panales,,165.1,125.0,170.2,Southpaw,1996-12-07,http://ufcstats.com/fighter-details/2742f028399bf8c7
Yuri Panferov,Yuri,Panferov,The Russian Polar Bear,185.4,185.0,182.9,Orthodox,1996-08-30,http://ufcstats.com/fighter-details/36d811b015635b67
Alexandre Pantoja,Alexandre,Pantoja,The Cannibal,165.1,125.0,170.2,Orthodox,1990-04-16,http://ufcstats.com/fighter-details/a0f0004aadf10b71
Jared Papazian,Jared,Papazian,The Jackhammer,172.7,135.0,170.2,Southpaw,1988-02-01,http://ufcstats.com/fighter-details/edad57b3dddf2168
Kathryn Paprocki,Kathryn,Paprocki,,160.0,115.0,160.0,Orthodox,1993-04-28,http://ufcstats.com/fighter-details/bd381cde8426077a
Joe Pardo,Joe,Pardo,,185.4,210.0,,Southpaw,,http://ufcstats.com/fighter-details/74fefd43f073cd2f
Bryan Pardoe,Bryan,Pardoe,Pain Inducer,185.4,205.0,,Orthodox,,http://ufcstats.com/fighter-details/56116537d71a578c
Remco Pardoel,Remco,Pardoel,Grizzly,190.5,260.0,,Southpaw,,http://ufcstats.com/fighter-details/749685d24e2cac50
Ido Pariente,Ido,Pariente,,172.7,155.0,,Orthodox,,http://ufcstats.com/fighter-details/7573d25a078b5732
Josh Parisian,Josh,Parisian,,193.0,265.0,200.7,Orthodox,1989-06-28,http://ufcstats.com/fighter-details/b5da8f7d05e85a55
Karo Parisyan,Karo,Parisyan,The Heat,177.8,170.0,182.9,Orthodox,1982-08-28,http://ufcstats.com/fighter-details/349aaa3da11eb587
Won Sik Park,Won Sik,Park,Parky,180.3,154.0,,Orthodox,,http://ufcstats.com/fighter-details/9df394db5ca103eb
JunYong Park,JunYong,Park,The Iron Turtle,177.8,185.0,185.4,Orthodox,1991-02-27,http://ufcstats.com/fighter-details/285ae0b4a68221f4
Harvey Park,Harvey,Park,Fightbot,182.9,155.0,177.8,Orthodox,1986-03-22,http://ufcstats.com/fighter-details/b709b534b6873744
HyunSung Park,HyunSung,Park,Peace of Mind,170.2,125.0,167.6,Orthodox,1995-11-04,http://ufcstats.com/fighter-details/b671bdf981ad527d
JaeHyun Park,JaeHyun,Park,The First Prospect,172.7,155.0,185.4,Orthodox,2001-12-10,http://ufcstats.com/fighter-details/fe1595732dfb08fc
EoJin Park,EoJin,Park,Young Boss,182.9,145.0,180.3,Orthodox,2001-12-26,http://ufcstats.com/fighter-details/f79e7f138bf50cc0
BoHyun Park,BoHyun,Park,The Rush,,115.0,,,1999-05-14,http://ufcstats.com/fighter-details/504d3a11e4408253
Norman Parke,Norman,Parke,Stormin',180.3,155.0,177.8,Southpaw,1986-12-22,http://ufcstats.com/fighter-details/14ff46596ad80609
Ryan Parker,Ryan,Parker,,190.5,235.0,,Southpaw,,http://ufcstats.com/fighter-details/6a0b80a24f22e152
Larry Parker,Larry,Parker,,180.3,205.0,,Orthodox,,http://ufcstats.com/fighter-details/c0231720fe516994
Tyra Parker,Tyra,Parker,,165.1,115.0,,Orthodox,,http://ufcstats.com/fighter-details/64be3dc99eaa42b6
Mick Parkin,Mick,Parkin,,193.0,265.0,200.7,Orthodox,1995-10-02,http://ufcstats.com/fighter-details/0d5cc0170c1a7e71
Willie Parks,Willie,Parks,Slick,177.8,185.0,,,1983-11-04,http://ufcstats.com/fighter-details/86ad0ae839331bd7
Jordan Parsons,Jordan,Parsons,Pretty Boy,175.3,145.0,,,1990-08-26,http://ufcstats.com/fighter-details/8b2a18d3c6735083
Preston Parsons,Preston,Parsons,Pressure,180.3,170.0,180.3,Orthodox,1995-07-15,http://ufcstats.com/fighter-details/9fe7af8b3fbe00a0
Jonny Parsons,Jonny,Parsons,The Sluggernaut,175.3,170.0,175.3,Orthodox,1991-09-06,http://ufcstats.com/fighter-details/2975297f505e9447
Onassis Parungao,Onassis,Parungao,,180.3,200.0,,,,http://ufcstats.com/fighter-details/96d173b7f92aa520
Ramona Pascual,Ramona,Pascual,,170.2,135.0,167.6,Southpaw,1988-09-23,http://ufcstats.com/fighter-details/3eb4dc9a7d4ac906
Quentin Pasley,Quentin,Pasley,,,205.0,,,,http://ufcstats.com/fighter-details/15b1f83a90302adf
Billy Pasulatan,Billy,Pasulatan,,165.1,125.0,167.6,Switch,1991-08-07,http://ufcstats.com/fighter-details/e5a59983f4603621
Guilherme Pat,Guilherme,Pat,Kong,,265.0,,,,http://ufcstats.com/fighter-details/ba15006c804a8de0
Stefano Paterno,Stefano,Paterno,,,170.0,,,1995-08-18,http://ufcstats.com/fighter-details/12954cff4025a427
Jhonoven Pati,Jhonoven,Pati,The Samoan Savage,185.4,185.0,190.5,Switch,1990-08-29,http://ufcstats.com/fighter-details/6b16024d44eb03a2
Windri Patilima,Windri,Patilima,,167.6,155.0,180.3,Southpaw,1993-07-19,http://ufcstats.com/fighter-details/66d42e9503fa108e
Jorge Patino,Jorge,Patino,Macaco,172.7,170.0,,Orthodox,1973-08-05,http://ufcstats.com/fighter-details/c8cca8f3de5be4b4
Russell Patrick,Russell,Patrick,,175.3,145.0,,,,http://ufcstats.com/fighter-details/eafedba0617ced81
Claude Patrick,Claude,Patrick,The Prince,180.3,170.0,190.5,Orthodox,1980-06-14,http://ufcstats.com/fighter-details/56116a79e4deed06
Alan Patrick,Alan,Patrick,Nuguette,180.3,155.0,188.0,Southpaw,1983-07-19,http://ufcstats.com/fighter-details/cd7763bcadb5d4c8
Michael Patt,Michael,Patt,,182.9,205.0,,Orthodox,,http://ufcstats.com/fighter-details/83d0de122f2f9664
Justin Patterson,Justin,Patterson,The Tactician,177.8,170.0,,,1985-12-07,http://ufcstats.com/fighter-details/2dc7c49cfaeb867c
Sam Patterson,Sam,Patterson,,190.5,170.0,198.1,Orthodox,1996-04-30,http://ufcstats.com/fighter-details/8b6e5dc2ba1edbe7
Zac Pauga,Zac,Pauga,The High Chief,188.0,205.0,193.0,Orthodox,1988-02-25,http://ufcstats.com/fighter-details/56f7d7ee06be4aab
Julio Paulino,Julio,Paulino,The Dominican Demon,182.9,170.0,,Orthodox,1975-12-04,http://ufcstats.com/fighter-details/60c72f7459827881
Thomas Paull,Thomas,Paull,Juggernaut,170.2,155.0,170.2,Orthodox,1994-10-15,http://ufcstats.com/fighter-details/dda67d7d3df6b406
Sergei Pavlovich,Sergei,Pavlovich,,190.5,257.0,213.4,Southpaw,1992-05-13,http://ufcstats.com/fighter-details/f14cf73e51b29254
Pawel Pawlak,Pawel,Pawlak,,182.9,170.0,185.4,Orthodox,1989-02-08,http://ufcstats.com/fighter-details/9310418684bc896f
Logan Paxton,Logan,Paxton,Warverine,,155.0,,,1995-08-04,http://ufcstats.com/fighter-details/b4ce04f082391b54
Estevan Payan,Estevan,Payan,El Terrible,177.8,145.0,,Orthodox,1982-03-14,http://ufcstats.com/fighter-details/d0a5ef38a7778ac2
Sarah Payant,Sarah,Payant,Soulja,162.6,115.0,,,,http://ufcstats.com/fighter-details/748d4e35f846a029
Roland Payne,Roland,Payne,,175.3,205.0,,Orthodox,,http://ufcstats.com/fighter-details/2e04a3b4a2011b97
Jonathan Pearce,Jonathan,Pearce,JSP,182.9,145.0,180.3,Switch,1992-05-01,http://ufcstats.com/fighter-details/87c0b1c696ddfb43
Joe Pearson,Joe,Pearson,The Triangular Strangler,177.8,145.0,,Orthodox,1978-03-28,http://ufcstats.com/fighter-details/122806b56775a53a
Ross Pearson,Ross,Pearson,The Real Deal,172.7,155.0,175.3,Orthodox,1984-09-26,http://ufcstats.com/fighter-details/4f732e58ed907eff
Andre Pederneiras,Andre,Pederneiras,,172.7,155.0,,Orthodox,1967-03-22,http://ufcstats.com/fighter-details/bba678d312590087
Carlo Pedersoli Jr.,Carlo,Pedersoli Jr.,Semento,180.3,170.0,190.5,Southpaw,1993-06-08,http://ufcstats.com/fighter-details/198994b47f395af0
Matt Pedro,Matt,Pedro,,,,,,,http://ufcstats.com/fighter-details/f354c50b8d63d9b3
Tyson Pedro,Tyson,Pedro,,190.5,205.0,200.7,Orthodox,1991-09-17,http://ufcstats.com/fighter-details/49e96ff8ab781589
Trevor Peek,Trevor,Peek,,175.3,145.0,177.8,Switch,1995-01-09,http://ufcstats.com/fighter-details/0bc697c5936a2d0a
Willie Peeters,Willie,Peeters,,175.3,220.0,,Orthodox,1965-10-26,http://ufcstats.com/fighter-details/e7bfdb5e0112891e
Filip Pejic,Filip,Pejic,,172.7,135.0,,Orthodox,1992-07-21,http://ufcstats.com/fighter-details/38ed5a2299230227
Kurt Pellegrino,Kurt,Pellegrino,Batman,172.7,155.0,177.8,Orthodox,1979-05-07,http://ufcstats.com/fighter-details/aa1952ec0b3dd8e1
Yan Pellerin,Yan,Pellerin,Wild Thing,180.3,205.0,,Orthodox,,http://ufcstats.com/fighter-details/bfe95ec546692b13
Julianna Pena,Julianna,Pena,The Venezuelan Vixen,167.6,135.0,175.3,Orthodox,1989-08-19,http://ufcstats.com/fighter-details/3253b16d38ae087d
Luis Pena,Luis,Pena,Violent Bob Ross,190.5,155.0,190.5,Southpaw,1993-07-05,http://ufcstats.com/fighter-details/2844b047183a1adb
Felipe Pena,Felipe,Pena,Preguica,,,,,1991-10-19,http://ufcstats.com/fighter-details/566ff9546fc29acd
Matej Penaz,Matej,Penaz,Money,190.5,185.0,210.8,Southpaw,1996-10-14,http://ufcstats.com/fighter-details/abd64006fd37298d
Sherman Pendergarst,Sherman,Pendergarst,The Tank,185.4,235.0,,Orthodox,1967-08-01,http://ufcstats.com/fighter-details/e670f8cc2969a789
Drew Pendleton,Drew,Pendleton,,,145.0,,,1983-12-08,http://ufcstats.com/fighter-details/34b634cb2471bdde
Cathal Pendred,Cathal,Pendred,The Punisher,185.4,170.0,190.5,Orthodox,1987-09-02,http://ufcstats.com/fighter-details/99c7610aa74995d3
BJ Penn,BJ,Penn,The Prodigy,175.3,155.0,177.8,Orthodox,1978-12-13,http://ufcstats.com/fighter-details/73c7cfa551289285
Jessica Penne,Jessica,Penne,,165.1,115.0,170.2,Orthodox,1983-01-30,http://ufcstats.com/fighter-details/c742287ed86a09bc
Nick Penner,Nick,Penner,The Quiet Assassin,193.0,205.0,,Southpaw,1980-03-26,http://ufcstats.com/fighter-details/879b8df81523d91b
Justin Pennington,Justin,Pennington,,162.6,,,,,http://ufcstats.com/fighter-details/0699c4b2a7c3c76f
Raquel Pennington,Raquel,Pennington,Rocky,170.2,135.0,170.2,Orthodox,1988-09-05,http://ufcstats.com/fighter-details/fc169c387b4b465d
Tecia Pennington,Tecia,Pennington,Tiny Tornado,154.9,115.0,152.4,Orthodox,1989-08-16,http://ufcstats.com/fighter-details/31ef8b67e13495b3
Jerron Peoples,Jerron,Peoples,,182.9,170.0,,,1982-05-04,http://ufcstats.com/fighter-details/a2ac473d74eb157c
Godofredo Pepey,Godofredo,Pepey,,170.2,145.0,185.4,Orthodox,1987-07-02,http://ufcstats.com/fighter-details/fa37628269132d1a
Ray Perales,Ray,Perales,Relentless,177.8,170.0,,Orthodox,,http://ufcstats.com/fighter-details/9a70f67ad2187fa3
Robert Peralta,Robert,Peralta,Problems,172.7,145.0,180.3,Orthodox,1986-03-14,http://ufcstats.com/fighter-details/960d6cae8879ba2b
Mayton Perea,Mayton,Perea,Lion,,170.0,,,2000-08-18,http://ufcstats.com/fighter-details/19c46512d8dd6202
Viviane Pereira,Viviane,Pereira,Sucuri,154.9,115.0,160.0,Orthodox,1993-08-28,http://ufcstats.com/fighter-details/d50382dc0565a9e1
Michel Pereira,Michel,Pereira,Demolidor,185.4,185.0,185.4,Orthodox,1993-10-06,http://ufcstats.com/fighter-details/595db60957de51d3
Alex Pereira,Alex,Pereira,Poatan,193.0,205.0,200.7,Orthodox,1987-07-07,http://ufcstats.com/fighter-details/e5549c82bfb5582d
Daniel Pereira,Daniel,Pereira,Gaucho,177.8,185.0,,,1990-12-13,http://ufcstats.com/fighter-details/44f46b0592ca0814
Luciano Pereira,Luciano,Pereira,El Torito,,125.0,,Orthodox,2001-01-09,http://ufcstats.com/fighter-details/d7ee49bf3c779fa6
Alice Pereira,Alice,Pereira,Golden Girl,172.7,135.0,180.3,Orthodox,2005-12-20,http://ufcstats.com/fighter-details/81d2c551886bd5a1
Rolando Perez,Rolando,Perez,,172.7,135.0,,Orthodox,,http://ufcstats.com/fighter-details/4a9e305633f3ef47
Philip Perez,Philip,Perez,,165.1,155.0,,Southpaw,,http://ufcstats.com/fighter-details/eee8efec7b951d84
Erik Perez,Erik,Perez,Goyito,172.7,135.0,172.7,Orthodox,1989-11-19,http://ufcstats.com/fighter-details/af62f99eb7606308
Alejandro Perez,Alejandro,Perez,Turbo,167.6,135.0,170.2,Orthodox,1989-09-02,http://ufcstats.com/fighter-details/80daefbed11ce998
Frankie Perez,Frankie,Perez,,180.3,155.0,185.4,Orthodox,1989-05-11,http://ufcstats.com/fighter-details/96c336b463e0662c
Jose Perez,Jose,Perez,,,,,,,http://ufcstats.com/fighter-details/89578ae236ee04e9
Alex Perez,Alex,Perez,,167.6,125.0,165.1,Orthodox,1992-03-21,http://ufcstats.com/fighter-details/ab2b4ff41d6ebe0f
Markus Perez,Markus,Perez,Maluko,185.4,185.0,185.4,Orthodox,1988-06-22,http://ufcstats.com/fighter-details/2ac4628c08ec5125
Ailin Perez,Ailin,Perez,Fiona,165.1,135.0,167.6,Switch,1994-10-05,http://ufcstats.com/fighter-details/06e4245d16fc5315
Cristian Perez,Cristian,Perez,El Puas,175.3,155.0,182.9,Orthodox,1999-08-17,http://ufcstats.com/fighter-details/d84033157714ee94
Rafael Pergentino,Rafael,Pergentino,,,205.0,,Orthodox,2002-01-08,http://ufcstats.com/fighter-details/8d3b4a630b1bf1e6
Brando Pericic,Brando,Pericic,The Balkan Bear,195.6,245.0,200.7,Orthodox,1994-08-03,http://ufcstats.com/fighter-details/d0fd0d9ee560dae7
Anthony Perosh,Anthony,Perosh,The Hippo,190.5,205.0,190.5,Orthodox,1972-10-05,http://ufcstats.com/fighter-details/4b4753d19489297f
Thiago Perpetuo,Thiago,Perpetuo,Bodao,177.8,170.0,,Orthodox,1987-12-14,http://ufcstats.com/fighter-details/c1a5d3843596df92
Hernani Perpetuo,Hernani,Perpetuo,,182.9,170.0,,Orthodox,1985-05-24,http://ufcstats.com/fighter-details/575360be653ad6a6
Jay Perrin,Jay,Perrin,The Joker,170.2,135.0,170.2,Switch,1993-06-15,http://ufcstats.com/fighter-details/01fed6f61ebea01f
Mike Perry,Mike,Perry,Platinum,177.8,170.0,180.3,Orthodox,1991-09-15,http://ufcstats.com/fighter-details/f2b6fdb20675b11c
Raphael Pessoa,Raphael,Pessoa,Bebezao,190.5,262.0,198.1,Orthodox,1989-03-09,http://ufcstats.com/fighter-details/41f90012b86a11bf
Viktor Pesta,Viktor,Pesta,,190.5,240.0,195.6,Orthodox,1990-07-15,http://ufcstats.com/fighter-details/202b0467521c9d6f
Leiticia Pestova,Leiticia,Pestova,,167.6,135.0,,Orthodox,1984-01-15,http://ufcstats.com/fighter-details/f3743d8ef5dde970
Tony Petarra,Tony,Petarra,,180.3,196.0,,Orthodox,,http://ufcstats.com/fighter-details/c61f66d8c3fd5f07
Tommy Petersen,Tommy,Petersen,,,155.0,,,,http://ufcstats.com/fighter-details/7aabd61419f747d1
Thomas Petersen,Thomas,Petersen,The Train,185.4,264.0,188.0,Southpaw,1995-03-30,http://ufcstats.com/fighter-details/764d39074a352e33
Cory Peterson,Cory,Peterson,LA Giant,210.8,400.0,,Orthodox,,http://ufcstats.com/fighter-details/5df10509264586e5
Steven Peterson,Steven,Peterson,Ocho,177.8,145.0,177.8,Orthodox,1990-05-29,http://ufcstats.com/fighter-details/b93c06d09d1c4ac0
Vitor Petrino,Vitor,Petrino,,188.0,265.0,195.6,Orthodox,1997-08-28,http://ufcstats.com/fighter-details/71171fc96445bf65
Andre Petroski,Andre,Petroski,,182.9,185.0,185.4,Switch,1991-06-12,http://ufcstats.com/fighter-details/5f61780fe5e9b6d0
Armen Petrosyan,Armen,Petrosyan,Superman,190.5,185.0,180.3,Orthodox,1990-11-03,http://ufcstats.com/fighter-details/369ea36e450ae62a
Ivana Petrovic,Ivana,Petrovic,,172.7,125.0,177.8,Southpaw,1994-06-11,http://ufcstats.com/fighter-details/38c5817ade8a8014
Carlos Petruzella,Carlos,Petruzella,Tito,,185.0,,,1997-03-29,http://ufcstats.com/fighter-details/2e1f3640443272ad
Seth Petruzelli,Seth,Petruzelli,The Silverback,182.9,205.0,193.0,Orthodox,1979-12-03,http://ufcstats.com/fighter-details/93b9496275bbbf80
Peter Petties,Peter,Petties,The Joker,180.3,145.0,182.9,Southpaw,1990-12-20,http://ufcstats.com/fighter-details/7ea5d60d2e6a8ad0
Anthony Pettis,Anthony,Pettis,Showtime,177.8,155.0,182.9,Orthodox,1987-01-27,http://ufcstats.com/fighter-details/cbb682f5fcc44bfc
Sergio Pettis,Sergio,Pettis,,167.6,125.0,175.3,Orthodox,1993-08-18,http://ufcstats.com/fighter-details/de75d1c45a39e221
Forrest Petz,Forrest,Petz,The Meat Cleaver,175.3,170.0,180.3,Orthodox,1975-09-22,http://ufcstats.com/fighter-details/e86bc32f5997a8f7
Dino Pezao,Dino,Pezao,,,205.0,,Orthodox,,http://ufcstats.com/fighter-details/81b57acd6975ac06
Cody Pfister,Cody,Pfister,The Fist,177.8,155.0,185.4,Orthodox,1990-07-12,http://ufcstats.com/fighter-details/5904b0b38dc6718d
Nam Phan,Nam,Phan,,167.6,135.0,177.8,Orthodox,1983-03-13,http://ufcstats.com/fighter-details/80dbeb1dd5b53e64
Constantinos Philippou,Constantinos,Philippou,,180.3,185.0,185.4,Orthodox,1979-11-29,http://ufcstats.com/fighter-details/05560764359161e4
Wayne Phillips,Wayne,Phillips,,,185.0,,,1983-06-17,http://ufcstats.com/fighter-details/09a82bd51ff61376
Dave Phillips,Dave,Phillips,The Rockstar,182.9,185.0,,Orthodox,1980-01-12,http://ufcstats.com/fighter-details/99020eeb8cd5689d
Aaron Phillips,Aaron,Phillips,The Dragon,175.3,135.0,180.3,Southpaw,1989-08-05,http://ufcstats.com/fighter-details/34c2b3656f88f7ef
Elizabeth Phillips,Elizabeth,Phillips,,167.6,135.0,165.1,Orthodox,1986-08-20,http://ufcstats.com/fighter-details/dcbf01d605681ad1
John Phillips,John,Phillips,The Welsh Wrecking Machine,180.3,185.0,190.5,Southpaw,1985-06-09,http://ufcstats.com/fighter-details/e9ac7bfb65c25497
Kyler Phillips,Kyler,Phillips,The Matrix,172.7,135.0,182.9,Orthodox,1995-06-12,http://ufcstats.com/fighter-details/60425d07ef4b91a7
Mario Piazzon,Mario,Piazzon,,175.3,265.0,185.4,Orthodox,1998-04-06,http://ufcstats.com/fighter-details/44f234a36324e6c8
Nick Pica,Nick,Pica,The Silverback,177.8,185.0,,,,http://ufcstats.com/fighter-details/7922e8269adcc25a
Nick Piccininni,Nick,Piccininni,,167.6,125.0,167.6,Orthodox,1996-12-16,http://ufcstats.com/fighter-details/a5cb1c29461853ca
Adam Piccolotti,Adam,Piccolotti,,180.3,155.0,,,1988-10-23,http://ufcstats.com/fighter-details/fa399f7f6e17f7f5
Vinc Pichel,Vinc,Pichel,From Hell,177.8,155.0,182.9,Orthodox,1982-11-23,http://ufcstats.com/fighter-details/c77a953488e5607d
Brad Pickett,Brad,Pickett,One Punch,167.6,135.0,172.7,Orthodox,1978-09-24,http://ufcstats.com/fighter-details/c945adc22c2bfe8f
Jamie Pickett,Jamie,Pickett,The Night Wolf,188.0,185.0,203.2,Orthodox,1988-08-29,http://ufcstats.com/fighter-details/830f60497fab345a
Aaron Pico,Aaron,Pico,,172.7,145.0,177.8,Orthodox,1996-09-23,http://ufcstats.com/fighter-details/5537efc6e496dd84
Fabiola Pidroni,Fabiola,Pidroni,The Queen,,115.0,,,1994-01-04,http://ufcstats.com/fighter-details/9561eb5f0d63ffcc
Oskar Piechota,Oskar,Piechota,Imadlo,182.9,185.0,193.0,Southpaw,1990-01-24,http://ufcstats.com/fighter-details/1cf7ccf64a5bf24e
Nick Piedmont,Nick,Piedmont,No Limit,177.8,145.0,,,,http://ufcstats.com/fighter-details/df7d386a54e07446
Mike Pierce,Mike,Pierce,,172.7,170.0,180.3,Orthodox,1980-09-01,http://ufcstats.com/fighter-details/236a37d96d476164
Joao Pierini,Joao,Pierini,,185.4,155.0,,Switch,1971-12-11,http://ufcstats.com/fighter-details/9a967e8e43dcef63
Jonathan Piersma,Jonathan,Piersma,Warhawk,180.3,170.0,185.4,Orthodox,1996-03-03,http://ufcstats.com/fighter-details/1c7308d2957a12d2
Sean Pierson,Sean,Pierson,The Punisher,182.9,170.0,193.0,Southpaw,1976-03-10,http://ufcstats.com/fighter-details/0d506315895efffc
Domingo Pilarte,Domingo,Pilarte,Son of Fire,182.9,135.0,185.4,Southpaw,1990-01-05,http://ufcstats.com/fighter-details/4bf6b225ff6099c4
Paddy Pimblett,Paddy,Pimblett,The Baddy,177.8,155.0,185.4,Orthodox,1995-01-03,http://ufcstats.com/fighter-details/7826923b47f8d72a
Damian Pinas,Damian,Pinas,The Baba Yaga,185.4,185.0,200.7,Orthodox,2002-03-12,http://ufcstats.com/fighter-details/fdd22e895a70e4a8
Daniel Pineda,Daniel,Pineda,The Pit,170.2,145.0,175.3,Orthodox,1985-08-06,http://ufcstats.com/fighter-details/361d49960a196976
Jesus Pinedo,Jesus,Pinedo,El Mudo,177.8,155.0,,Southpaw,1996-06-22,http://ufcstats.com/fighter-details/25af5e832f17b474
Pingyuan Liu,Pingyuan,Liu,,167.6,135.0,182.9,Orthodox,1993-02-13,http://ufcstats.com/fighter-details/31bbd39c0a075d4e
Luana Pinheiro,Luana,Pinheiro,,157.5,115.0,157.5,Orthodox,1992-11-18,http://ufcstats.com/fighter-details/a3a542074109b347
Mario Pinto,Mario,Pinto,,195.6,265.0,200.7,Orthodox,1998-03-14,http://ufcstats.com/fighter-details/39d309957c5c210d
Gaetano Pirrello,Gaetano,Pirrello,El Tigre,170.2,135.0,165.1,Orthodox,1992-04-29,http://ufcstats.com/fighter-details/8765559b6a29a421
Patricio Pitbull,Patricio,Pitbull,,167.6,145.0,170.2,Orthodox,1987-07-07,http://ufcstats.com/fighter-details/98a58c26c5b1ed17
Maki Pitolo,Maki,Pitolo,Coconut Bombz,177.8,185.0,190.5,Orthodox,1990-11-24,http://ufcstats.com/fighter-details/c549573c0df4d676
Damian Piwowarczyk,Damian,Piwowarczyk,Damsyn,,205.0,,,1997-09-14,http://ufcstats.com/fighter-details/30b7ef4026bd7c15
Dmitry Poberezhets,Dmitry,Poberezhets,,190.5,237.0,,,1985-06-11,http://ufcstats.com/fighter-details/9756095cb76b67c3
Jamal Pogues,Jamal,Pogues,,190.5,205.0,195.6,Orthodox,1995-12-01,http://ufcstats.com/fighter-details/f41b9f5efc7162d6
Ross Pointon,Ross,Pointon,The Gladiator,172.7,170.0,,Orthodox,1980-02-18,http://ufcstats.com/fighter-details/7215953cd5c6254d
Dustin Poirier,Dustin,Poirier,The Diamond,175.3,155.0,182.9,Southpaw,1989-01-19,http://ufcstats.com/fighter-details/029eaff01e6bb8f0
Igor Pokrajac,Igor,Pokrajac,The Duke,182.9,205.0,188.0,Orthodox,1979-01-02,http://ufcstats.com/fighter-details/53278852bcd91e11
John Polakowski,John,Polakowski,Buckets of Blood,177.8,155.0,,Orthodox,1981-06-21,http://ufcstats.com/fighter-details/b18fb36a4aa00093
Julia Polastri,Julia,Polastri,Psycho,157.5,115.0,160.0,Orthodox,1998-03-05,http://ufcstats.com/fighter-details/abb68e3c7ca128f2
Brandon Polcare,Brandon,Polcare,,,125.0,,,,http://ufcstats.com/fighter-details/543cd2258f4fa339
Mike Polchlopek,Mike,Polchlopek,Mike Barton,193.0,285.0,,Orthodox,1965-12-27,http://ufcstats.com/fighter-details/3bb030257966b022
Santiago Ponzinibbio,Santiago,Ponzinibbio,Argentine Dagger,182.9,170.0,185.4,Orthodox,1986-09-26,http://ufcstats.com/fighter-details/6d1bffff14897645
Grigory Popov,Grigory,Popov,,170.2,135.0,172.7,Switch,1984-04-18,http://ufcstats.com/fighter-details/d3fa5c5955397532
Alexander Poppeck,Alexander,Poppeck,,188.0,205.0,,Orthodox,1992-04-06,http://ufcstats.com/fighter-details/56bf3ed155bd0fcd
Felipe Portela,Felipe,Portela,Balboa,,170.0,,,1987-11-23,http://ufcstats.com/fighter-details/303e017a9074f3aa
Parker Porter,Parker,Porter,,182.9,265.0,190.5,Orthodox,1985-04-22,http://ufcstats.com/fighter-details/ac40f7e3cbecdda4
Ihor Potieria,Ihor,Potieria,Duelist,190.5,185.0,190.5,Southpaw,1996-05-29,http://ufcstats.com/fighter-details/260bd4cef10b033f
Callan Potter,Callan,Potter,The Rockstar,182.9,170.0,182.9,Orthodox,1984-06-09,http://ufcstats.com/fighter-details/8fc9ae9c7527dfcb
Dylan Potter,Dylan,Potter,Big Poppa,188.0,225.0,195.6,Switch,1995-01-14,http://ufcstats.com/fighter-details/61e47575b24a06bf
Ruan Potts,Ruan,Potts,Fangzz,188.0,247.0,190.5,Orthodox,1978-02-23,http://ufcstats.com/fighter-details/7e208569469c8bc8
Devin Powell,Devin,Powell,,182.9,155.0,185.4,Orthodox,1988-03-01,http://ufcstats.com/fighter-details/065eb44700e641a4
Marcin Prachnio,Marcin,Prachnio,,190.5,205.0,185.4,Orthodox,1988-07-14,http://ufcstats.com/fighter-details/6370c1c1e12723d5
Wagner Prado,Wagner,Prado,Caldeirao,182.9,205.0,188.0,Southpaw,1986-12-30,http://ufcstats.com/fighter-details/7f6ef4e1227600bc
Francisco Prado,Francisco,Prado,,177.8,170.0,175.3,Orthodox,2002-06-16,http://ufcstats.com/fighter-details/3920d0cc288f9b0d
Trevor Prangley,Trevor,Prangley,,185.4,185.0,190.5,Orthodox,1972-08-24,http://ufcstats.com/fighter-details/f5ff7bcdcfeba3ad
Ricardo Prasel,Ricardo,Prasel,Alemao,200.7,238.0,198.1,Orthodox,1990-06-02,http://ufcstats.com/fighter-details/b51d0ed3782a1bf5
Carlo Prater,Carlo,Prater,Neo,180.3,155.0,182.9,Switch,1981-06-25,http://ufcstats.com/fighter-details/4f853e98886283cf
Carlos Prates,Carlos,Prates,The Nightmare,185.4,170.0,198.1,Switch,1993-08-17,http://ufcstats.com/fighter-details/7ee0fd831c0fe7c3
Michel Prazeres,Michel,Prazeres,Tractor,167.6,170.0,170.2,Orthodox,1981-07-25,http://ufcstats.com/fighter-details/e51fcd9cd84c0b93
Philip Preece,Philip,Preece,,172.7,205.0,,Orthodox,,http://ufcstats.com/fighter-details/6597b611f1c32555
Kyle Prepolec,Kyle,Prepolec,Killshot,177.8,155.0,177.8,Southpaw,1989-08-30,http://ufcstats.com/fighter-details/873626e5547b5235
Dorian Price,Dorian,Price,,190.5,170.0,,Southpaw,1977-08-20,http://ufcstats.com/fighter-details/ee4b670e159f4a33
Chris Price,Chris,Price,The Exorcist,188.0,185.0,,Southpaw,1982-11-09,http://ufcstats.com/fighter-details/0597a4528ebd1307
Niko Price,Niko,Price,The Hybrid,182.9,170.0,193.0,Orthodox,1989-09-29,http://ufcstats.com/fighter-details/d8da10db80131bec
Shane Primm,Shane,Primm,,190.5,205.0,,Orthodox,1984-07-30,http://ufcstats.com/fighter-details/5114f1b5ad4cdf72
Brent Primus,Brent,Primus,,177.8,155.0,,,1985-04-12,http://ufcstats.com/fighter-details/46caf130099206cd
Jiri Prochazka,Jiri,Prochazka,,190.5,205.0,203.2,Orthodox,1992-10-14,http://ufcstats.com/fighter-details/009341ed974bad72
Lara Procopio,Lara,Procopio,,162.6,125.0,170.2,Orthodox,1995-11-14,http://ufcstats.com/fighter-details/e99821959a840bb8
Joe Proctor,Joe,Proctor,,177.8,155.0,182.9,Orthodox,1985-08-10,http://ufcstats.com/fighter-details/a36556bb1565e32d
Cole Province,Cole,Province,,175.3,145.0,172.7,Orthodox,1981-01-17,http://ufcstats.com/fighter-details/2a470ad41c22c25a
Daniel Puder,Daniel,Puder,,190.5,235.0,,Orthodox,1981-10-09,http://ufcstats.com/fighter-details/66e0a70352fef46a
Lucie Pudilova,Lucie,Pudilova,,172.7,125.0,170.2,Orthodox,1994-06-13,http://ufcstats.com/fighter-details/3cf66c62d9069f43
Claudio Puelles,Claudio,Puelles,Prince of Peru,177.8,155.0,182.9,Southpaw,1996-04-21,http://ufcstats.com/fighter-details/d747eb273a40a920
Juan Puerta,Juan,Puerta,Leadfeather,175.3,125.0,180.3,Southpaw,1988-01-20,http://ufcstats.com/fighter-details/fdba548aff9763d9
Roman Puga,Roman,Puga,,,145.0,,,1996-09-17,http://ufcstats.com/fighter-details/44f95ae20a6238e5
Bubba Pugh,Bubba,Pugh,,177.8,185.0,,,,http://ufcstats.com/fighter-details/6cf2352cdb3de59d
Juan Manuel Puig,Juan Manuel,Puig,Fenix,175.3,145.0,,Orthodox,1989-04-23,http://ufcstats.com/fighter-details/85d0fafb8b75d634
Hugh Pulley,Hugh,Pulley,,182.9,155.0,,,,http://ufcstats.com/fighter-details/308279bd246c211f
Josh Pulsifer,Josh,Pulsifer,The Platypus,177.8,145.0,,,1983-03-16,http://ufcstats.com/fighter-details/16867810070dc520
Jens Pulver,Jens,Pulver,Little Evil,170.2,145.0,177.8,Southpaw,1974-12-06,http://ufcstats.com/fighter-details/44260175069b6276
Andrey Pulyaev,Andrey,Pulyaev,,193.0,185.0,198.1,Southpaw,1997-09-10,http://ufcstats.com/fighter-details/22e07d3da1aa3475
CM Punk,CM,Punk,,185.4,170.0,185.4,Orthodox,1978-10-26,http://ufcstats.com/fighter-details/a8c9d16fe2a14d72
Joe Pyfer,Joe,Pyfer,Bodybagz,188.0,185.0,190.5,Orthodox,1996-09-17,http://ufcstats.com/fighter-details/c1085e1701b13eca
Mike Pyle,Mike,Pyle,Quicksand,182.9,170.0,188.0,Orthodox,1975-09-18,http://ufcstats.com/fighter-details/f5990c11974d8e9c
Pat Pytlik,Pat,Pytlik,,182.9,170.0,185.4,Orthodox,1989-04-24,http://ufcstats.com/fighter-details/4fd140eea593526e
Qiu Lun,Qiu,Lun,Tibetan Knight,172.7,125.0,167.6,Southpaw,1997-07-08,http://ufcstats.com/fighter-details/126bdc1710a8cbf4
Bao Quach,Bao,Quach,,160.0,145.0,,Orthodox,1979-09-04,http://ufcstats.com/fighter-details/d365ee924f5cc3fc
Gary Quan,Gary,Quan,,172.7,143.0,,,1971-04-11,http://ufcstats.com/fighter-details/f7b4cbe93f3bac06
Billy Quarantillo,Billy,Quarantillo,,177.8,145.0,177.8,Orthodox,1988-12-08,http://ufcstats.com/fighter-details/aa171d55d4b5208f
Nate Quarry,Nate,Quarry,Rock,182.9,185.0,182.9,Open Stance,1972-03-18,http://ufcstats.com/fighter-details/52cae54377b433b7
Vinicius Queiroz,Vinicius,Queiroz,Spartan,200.7,220.0,,Orthodox,1983-08-29,http://ufcstats.com/fighter-details/2a8502954f49e682
Jimmy Quinlan,Jimmy,Quinlan,Crash,182.9,185.0,,Orthodox,1986-05-25,http://ufcstats.com/fighter-details/ddbe4fa2ea573393
Josh Quinlan,Josh,Quinlan,Bushido,182.9,170.0,182.9,Orthodox,1993-02-06,http://ufcstats.com/fighter-details/876f478f796495f7
Ryan Quinn,Ryan,Quinn,,172.7,145.0,,,,http://ufcstats.com/fighter-details/cc23ed51619421a3
Michel Quinones,Michel,Quinones,El Capo,177.8,155.0,185.4,Orthodox,1984-12-22,http://ufcstats.com/fighter-details/5e84a859c6a82288
Landon Quinones,Landon,Quinones,The Lone Wolf,175.3,155.0,177.8,Southpaw,1995-11-21,http://ufcstats.com/fighter-details/267f4a6568abe245
Jose Quinonez,Jose,Quinonez,Teco,172.7,135.0,175.3,Southpaw,1990-07-28,http://ufcstats.com/fighter-details/36549928f90f1d36
Cristian Quinonez,Cristian,Quinonez,Problema,172.7,135.0,177.8,Orthodox,1996-04-26,http://ufcstats.com/fighter-details/7debc13b36343605
Emilio Quissua,Emilio,Quissua,Rixa,,205.0,,,1997-04-21,http://ufcstats.com/fighter-details/2b13dba37724eb87
Benji Radach,Benji,Radach,Razor,177.8,185.0,,Orthodox,1979-04-05,http://ufcstats.com/fighter-details/01b39decaf0abf6a
Jordan Radev,Jordan,Radev,,170.2,185.0,,Southpaw,1976-09-28,http://ufcstats.com/fighter-details/45bc8f98d62bd096
Charles Radtke,Charles,Radtke,Chuck Buffalo,175.3,170.0,182.9,Orthodox,1990-07-09,http://ufcstats.com/fighter-details/feedf3053472fe56
Loik Radzhabov,Loik,Radzhabov,The Tajik Tank,180.3,155.0,175.3,Orthodox,1990-09-17,http://ufcstats.com/fighter-details/8c169fbe1ac33637
Gilbert Rael,Gilbert,Rael,,172.7,155.0,,,,http://ufcstats.com/fighter-details/6cc25d19a891f435
Josh Rafferty,Josh,Rafferty,,182.9,170.0,,Orthodox,1981-01-06,http://ufcstats.com/fighter-details/ff2c606c8bc365e3
Marwan Rahiki,Marwan,Rahiki,Freaky,,145.0,,,,http://ufcstats.com/fighter-details/6eedb757f13b9978
Amir Rahnavardi,Amir,Rahnavardi,,182.9,205.0,,Orthodox,1974-12-07,http://ufcstats.com/fighter-details/bc7f7f0ba3db74d2
Ricky Rainey,Ricky,Rainey,The Sniper,185.4,170.0,195.6,Switch,1983-06-29,http://ufcstats.com/fighter-details/9b1e3fb4f8cbd5b7
Shavkat Rakhmonov,Shavkat,Rakhmonov,Nomad,185.4,170.0,195.6,Orthodox,1994-10-23,http://ufcstats.com/fighter-details/01afe0916a40c7c5
Sora Rakhmonova,Sora,Rakhmonova,,,125.0,,,1998-06-21,http://ufcstats.com/fighter-details/63ff619c52ff7976
Aleksandar Rakic,Aleksandar,Rakic,Rocket,193.0,205.0,198.1,Orthodox,1992-02-06,http://ufcstats.com/fighter-details/333b9e5c723ac873
Jessica Rakoczy,Jessica,Rakoczy,The Ragin',170.2,115.0,,Orthodox,1977-04-14,http://ufcstats.com/fighter-details/ffdeb4fbea09ce75
Zygimantas Ramaska,Zygimantas,Ramaska,,180.3,145.0,180.3,Orthodox,1996-12-27,http://ufcstats.com/fighter-details/641ca2c2ed91b93c
Thomas Ramirez,Thomas,Ramirez,,185.4,410.0,,Sideways,,http://ufcstats.com/fighter-details/ea398c802d9998ee
Hector Ramirez,Hector,Ramirez,Sick Dog,182.9,205.0,,Orthodox,1976-03-28,http://ufcstats.com/fighter-details/d1759b2b7be9be56
Matt Ramirez,Matt,Ramirez,The Machine,165.1,125.0,,,,http://ufcstats.com/fighter-details/96c05ba5ab9eccaf
Steve Ramirez,Steve,Ramirez,,170.2,125.0,,,,http://ufcstats.com/fighter-details/4311e9d23604205c
Amador Ramirez,Amador,Ramirez,,,135.0,,,1990-06-14,http://ufcstats.com/fighter-details/ac31f869959860bc
Mitch Ramirez,Mitch,Ramirez,,180.3,155.0,180.3,Orthodox,1992-11-03,http://ufcstats.com/fighter-details/e99eb0ef25885de5
Andrew Ramm,Andrew,Ramm,The,185.4,160.0,,,,http://ufcstats.com/fighter-details/3b5f2faaa2f2c1f6
Ian Rammel,Ian,Rammel,,182.9,185.0,,,1985-07-22,http://ufcstats.com/fighter-details/abc8e1423cf5b74e
Luis Ramos,Luis,Ramos,Beicao,172.7,170.0,,Orthodox,1981-01-18,http://ufcstats.com/fighter-details/7bc475b0fc2020ab
Ricardo Ramos,Ricardo,Ramos,,175.3,145.0,182.9,Orthodox,1995-08-01,http://ufcstats.com/fighter-details/1ae8f3c723aacff4
Davi Ramos,Davi,Ramos,Tasmanian Devil,167.6,155.0,177.8,Orthodox,1986-11-05,http://ufcstats.com/fighter-details/0052de90691d4a93
Dorian Ramos,Dorian,Ramos,,172.7,145.0,177.8,Orthodox,1993-12-31,http://ufcstats.com/fighter-details/fa4dcb2c8de482ee
Vernon Ramos Ho,Vernon,Ramos Ho,,167.6,170.0,,Orthodox,1992-06-03,http://ufcstats.com/fighter-details/30b577b112bef42d
Kevin Randleman,Kevin,Randleman,The Monster,177.8,205.0,,Orthodox,1971-08-10,http://ufcstats.com/fighter-details/6859f67468ba8489
Raou Raou,Raou,Raou,,172.7,195.0,,Orthodox,,http://ufcstats.com/fighter-details/ed069a95aaaf4f56
Mitch Raposo,Mitch,Raposo,,165.1,125.0,162.6,Switch,1998-10-16,http://ufcstats.com/fighter-details/0be6776db31d98ec
Hussain Rasouli,Hussain,Rasouli,,167.6,135.0,,,,http://ufcstats.com/fighter-details/9d61d8cb1c354867
David Rasouri,David,Rasouri,,170.2,155.0,,,,http://ufcstats.com/fighter-details/31e1ea6fe6b682f8
Ed Ratcliff,Ed,Ratcliff,9mm,177.8,155.0,180.3,Orthodox,1983-03-05,http://ufcstats.com/fighter-details/8c90c1563972e44d
Oscar Ravello,Oscar,Ravello,The Punisher,,185.0,,,1998-09-27,http://ufcstats.com/fighter-details/56370b594d5fe0b3
Bec Rawlings,Bec,Rawlings,Rowdy,167.6,125.0,162.6,Orthodox,1989-02-11,http://ufcstats.com/fighter-details/907e60fd13407e1e
Gideon Ray,Gideon,Ray,,177.8,185.0,,Southpaw,1973-05-27,http://ufcstats.com/fighter-details/ea3ef6206c7907d5
Joe Ray,Joe,Ray,,,170.0,,,1984-12-17,http://ufcstats.com/fighter-details/d92e6e17f637fe4d
Stevie Ray,Stevie,Ray,Braveheart,177.8,155.0,177.8,Southpaw,1990-03-25,http://ufcstats.com/fighter-details/31a13532e724ca2b
Keenan Raymond,Keenan,Raymond,,,165.0,,,,http://ufcstats.com/fighter-details/bdd16cd6b29cb499
Iony Razafiarison,Iony,Razafiarison,,160.0,145.0,,,1984-12-23,http://ufcstats.com/fighter-details/a303588c33d8c5ae
Abdul Razak Alhassan,Abdul,Razak Alhassan,,177.8,185.0,185.4,Orthodox,1985-08-11,http://ufcstats.com/fighter-details/eae431e70064e046
Antony Rea,Antony,Rea,Wild Thing,182.9,205.0,,Orthodox,1976-07-15,http://ufcstats.com/fighter-details/c36e1f4fa755ffb4
Mateusz Rebecki,Mateusz,Rebecki,,170.2,155.0,167.6,Southpaw,1992-11-03,http://ufcstats.com/fighter-details/849c5d9979df5357
Rafael Rebello,Rafael,Rebello,Rafinha,165.1,135.0,170.2,Orthodox,1980-10-16,http://ufcstats.com/fighter-details/972197a8c61ac413
Greg Rebello,Greg,Rebello,Ribz,182.9,240.0,185.4,Southpaw,1982-06-13,http://ufcstats.com/fighter-details/49d78120e0a4f607
Paul Redmond,Paul,Redmond,Redser,177.8,145.0,,Orthodox,1986-10-20,http://ufcstats.com/fighter-details/3f56b99447f00607
Dennis Reed,Dennis,Reed,,,205.0,,Orthodox,,http://ufcstats.com/fighter-details/4a35913bd9aa4161
Karl Reed,Karl,Reed,No Worries,190.5,205.0,198.1,Orthodox,1988-10-27,http://ufcstats.com/fighter-details/11337d069261bf3a
Elise Reed,Elise,Reed,,160.0,115.0,160.0,Orthodox,1992-12-05,http://ufcstats.com/fighter-details/ac7c765882f2c68c
John Reedy,John,Reedy,The Wild Child,172.7,155.0,,,,http://ufcstats.com/fighter-details/fb4ca5c7e4448645
Johnny Rees,Johnny,Rees,The Hater Hurter,182.9,170.0,,Orthodox,1982-10-21,http://ufcstats.com/fighter-details/3ba3b5cc94498437
James Reese,James,Reese,JP,175.3,155.0,,,1980-12-21,http://ufcstats.com/fighter-details/e9ec08ebb3f92aa3
Zach Reese,Zach,Reese,Savage,193.0,185.0,195.6,Switch,1994-03-24,http://ufcstats.com/fighter-details/23dec7c47cb418f8
Regezhen,,Regezhen,Chocolate Boy,,155.0,,,,http://ufcstats.com/fighter-details/be5fd2ae27d20842
Stephen Regman,Stephen,Regman,,180.3,185.0,193.0,Orthodox,1991-08-05,http://ufcstats.com/fighter-details/24d98df7556ac8af
Chad Reiner,Chad,Reiner,The Grinder,180.3,170.0,,Orthodox,1981-06-29,http://ufcstats.com/fighter-details/d8022d5526b1d937
Jason Reinhardt,Jason,Reinhardt,,167.6,135.0,,Orthodox,1969-10-31,http://ufcstats.com/fighter-details/02500fb9fd79a974
Wilson Reis,Wilson,Reis,,162.6,125.0,165.1,Southpaw,1985-01-06,http://ufcstats.com/fighter-details/5aedf14771ca82d2
Ben Reiter,Ben,Reiter,The Hunter,190.5,185.0,,,1987-06-27,http://ufcstats.com/fighter-details/ee7b7768a4e6dc45
Goran Reljic,Goran,Reljic,,190.5,205.0,205.7,Southpaw,1984-03-20,http://ufcstats.com/fighter-details/132f860d02953f4c
Leigh Remedios,Leigh,Remedios,Bulldog,170.2,155.0,,Orthodox,1976-01-13,http://ufcstats.com/fighter-details/918db42c3637916f
Ren Yawei,Ren,Yawei,,175.3,155.0,175.3,Orthodox,1998-02-07,http://ufcstats.com/fighter-details/b2d9758cdd124143
Paulo Renato Junior,Paulo,Renato Junior,,182.9,205.0,185.4,Orthodox,1994-01-25,http://ufcstats.com/fighter-details/01dfb60661153735
Chance Rencountre,Chance,Rencountre,Black Eagle,188.0,170.0,190.5,Southpaw,1986-12-31,http://ufcstats.com/fighter-details/1ddb480b601cefb1
Montse Rendon,Montse,Rendon,Monster,172.7,135.0,172.7,Orthodox,1989-03-16,http://ufcstats.com/fighter-details/60193e707634e560
Marion Reneau,Marion,Reneau,The Belizean Bruiser,167.6,135.0,172.7,Orthodox,1977-06-20,http://ufcstats.com/fighter-details/c7d297714d9ab1a4
Solomon Renfro,Solomon,Renfro,The Black Dragon,175.3,170.0,182.9,Switch,1997-02-05,http://ufcstats.com/fighter-details/ce6b5b93a96dd15b
John Renken,John,Renken,The Saint,182.9,190.0,,Orthodox,,http://ufcstats.com/fighter-details/1507214bbc7a79e2
Herman Renting,Herman,Renting,,182.9,215.0,,Switch,,http://ufcstats.com/fighter-details/f57cf3d54a641385
Marco Polo Reyes,Marco Polo,Reyes,,180.3,155.0,180.3,Orthodox,1984-11-07,http://ufcstats.com/fighter-details/edd02825c29028fe
Dominick Reyes,Dominick,Reyes,The Devastator,193.0,205.0,195.6,Southpaw,1989-12-26,http://ufcstats.com/fighter-details/2e19380f34871c6a
Alex Reyes,Alex,Reyes,The Executioner,180.3,155.0,185.4,Orthodox,1986-10-02,http://ufcstats.com/fighter-details/dc07493a87dc0a6e
Kyle Reyes,Kyle,Reyes,Boom,172.7,145.0,,,,http://ufcstats.com/fighter-details/7333d6e0f6428acb
Javier Reyes,Javier,Reyes,Blair,170.2,145.0,185.4,,1993-10-10,http://ufcstats.com/fighter-details/4a574b8512fc1b30
Victor Reyna,Victor,Reyna,Kelevra,180.3,170.0,188.0,Southpaw,1986-08-05,http://ufcstats.com/fighter-details/e9bbcc6530e4cbe6
Gaston Reyno,Gaston,Reyno,Tonga,182.9,145.0,,,1986-11-11,http://ufcstats.com/fighter-details/64db35f7782fe274
Camila Reynoso,Camila,Reynoso,Buttercup,,115.0,,,2003-08-28,http://ufcstats.com/fighter-details/7631e2ba8e1ab9a5
Johnny Rhodes,Johnny,Rhodes,,182.9,210.0,,Orthodox,,http://ufcstats.com/fighter-details/319fa1bd3176bded
Mike Rhodes,Mike,Rhodes,Biggie,185.4,170.0,188.0,Orthodox,1989-12-04,http://ufcstats.com/fighter-details/b7ad576b8ae115e6
Lucrezia Ria,Lucrezia,Ria,,167.6,125.0,,Orthodox,1992-06-24,http://ufcstats.com/fighter-details/042cc07ad5a53a33
Amanda Ribas,Amanda,Ribas,,162.6,115.0,167.6,Orthodox,1993-08-26,http://ufcstats.com/fighter-details/beecb672a279223e
Vitor Ribeiro,Vitor,Ribeiro,Shaolin,172.7,154.0,,Orthodox,1979-02-24,http://ufcstats.com/fighter-details/a757c06bbdba61d2
Will Ribeiro,Will,Ribeiro,,172.7,135.0,,Orthodox,1983-02-17,http://ufcstats.com/fighter-details/8f4616698508f24d
Claudio Ribeiro,Claudio,Ribeiro,,185.4,185.0,195.6,Orthodox,1992-07-17,http://ufcstats.com/fighter-details/972c456ff38b2015
Brendson Ribeiro,Brendson,Ribeiro,The Gorilla,190.5,205.0,205.7,Orthodox,1996-09-08,http://ufcstats.com/fighter-details/49edd0d90f60fb7d
Esteban Ribovics,Esteban,Ribovics,El Gringo,177.8,155.0,175.3,Orthodox,1996-04-27,http://ufcstats.com/fighter-details/323d4ca260dfa0ba
Mike Ricci,Mike,Ricci,The Martian,182.9,155.0,193.0,Southpaw,1986-03-18,http://ufcstats.com/fighter-details/3c921b1a30fdcbdd
Alex Ricci,Alex,Ricci,,180.3,155.0,,Orthodox,1982-07-21,http://ufcstats.com/fighter-details/bf9bc96336922271
Tabatha Ricci,Tabatha,Ricci,Baby Shark,154.9,115.0,154.9,Orthodox,1995-02-21,http://ufcstats.com/fighter-details/d25240135aee03e5
Matt Ricehouse,Matt,Ricehouse,,,155.0,,,1987-03-11,http://ufcstats.com/fighter-details/343d57cde1a14338
John Richard,John,Richard,,,205.0,,,1982-05-22,http://ufcstats.com/fighter-details/b3e5a460b6851080
Rex Richards,Rex,Richards,,195.6,265.0,,,,http://ufcstats.com/fighter-details/ad23903ef3af7406
Mike Richman,Mike,Richman,The Marine,172.7,135.0,,,1985-06-23,http://ufcstats.com/fighter-details/d6a740cf6e898e27
Dave Rickels,Dave,Rickels,The Caveman,180.3,155.0,,,1989-01-05,http://ufcstats.com/fighter-details/98b76850b5f1e836
Haisam Rida,Haisam,Rida,,,,,,1993-07-25,http://ufcstats.com/fighter-details/d8a58e797518f011
Brad Riddell,Brad,Riddell,Quake,170.2,155.0,180.3,Orthodox,1991-09-30,http://ufcstats.com/fighter-details/37ed1ab2f8b819f4
Matthew Riddle,Matthew,Riddle,Deep Waters,185.4,170.0,193.0,Southpaw,1986-01-14,http://ufcstats.com/fighter-details/d023ae89a2a4a41e
Joe Riggs,Joe,Riggs,Diesel,182.9,185.0,177.8,Southpaw,1982-09-23,http://ufcstats.com/fighter-details/d512d9f204059f57
Jeremiah Riggs,Jeremiah,Riggs,,182.9,185.0,,,1982-12-17,http://ufcstats.com/fighter-details/f1a9ad7485e5024a
Aaron Riley,Aaron,Riley,,172.7,155.0,175.3,Southpaw,1980-12-09,http://ufcstats.com/fighter-details/f2c8ebbeafd45f2b
Jason Riley,Jason,Riley,The Juggernaut,198.1,245.0,,,1975-09-22,http://ufcstats.com/fighter-details/995af04c697d78b7
Luke Riley,Luke,Riley,,,145.0,,,1999-06-30,http://ufcstats.com/fighter-details/b1de86d835638319
Moise Rimbon,Moise,Rimbon,Swamp,177.8,205.0,,Orthodox,1977-04-20,http://ufcstats.com/fighter-details/9be3728f3f7badb2
Jordan Rinaldi,Jordan,Rinaldi,All Day,177.8,145.0,182.9,Orthodox,1987-09-25,http://ufcstats.com/fighter-details/c07efc18b231f170
Nick Ring,Nick,Ring,The Promise,182.9,185.0,188.0,Southpaw,1979-02-10,http://ufcstats.com/fighter-details/b13da0b1a3aed3e7
Robbie Ring,Robbie,Ring,Razor,175.3,145.0,172.7,Orthodox,2000-07-14,http://ufcstats.com/fighter-details/fa9746fa5d23c202
Mike Rio,Mike,Rio,The Wolverine,177.8,155.0,177.8,Orthodox,1981-07-06,http://ufcstats.com/fighter-details/af90b10c785ced3e
Albert Rios,Albert,Rios,,172.7,145.0,,,,http://ufcstats.com/fighter-details/868a78f2e810a837
Rafael Rios,Rafael,Rios,,,150.0,,,,http://ufcstats.com/fighter-details/2f5754b48eab1486
Maria Rios,Maria,Rios,,165.1,125.0,,,1983-05-31,http://ufcstats.com/fighter-details/9ec12134b1515f12
Shannon Ritch,Shannon,Ritch,The Cannon,175.3,190.0,,Orthodox,1970-09-27,http://ufcstats.com/fighter-details/1c7cce2f5c17160d
Diego Rivas,Diego,Rivas,Pitbull,172.7,145.0,175.3,Orthodox,1991-11-11,http://ufcstats.com/fighter-details/09f579be4520394a
Jorge Rivera,Jorge,Rivera,El Conquistador,185.4,185.0,185.4,Orthodox,1972-02-28,http://ufcstats.com/fighter-details/cb46dface0e28a2c
Dante Rivera,Dante,Rivera,,185.4,185.0,,Southpaw,1974-12-08,http://ufcstats.com/fighter-details/288aaa8f82040e02
Mario Rivera,Mario,Rivera,,177.8,170.0,,,,http://ufcstats.com/fighter-details/0f7210aa8d61af8d
Francisco Rivera,Francisco,Rivera,Cisco,172.7,135.0,177.8,Orthodox,1981-10-08,http://ufcstats.com/fighter-details/7ea4a9f07df33a45
Jonathan Rivera,Jonathan,Rivera,,,155.0,,,,http://ufcstats.com/fighter-details/145df84ea4dfd904
Jimmie Rivera,Jimmie,Rivera,El Terror,162.6,135.0,172.7,Orthodox,1989-06-29,http://ufcstats.com/fighter-details/9c907996820d2d69
Irwin Rivera,Irwin,Rivera,The Beast,167.6,135.0,170.2,Southpaw,1989-02-14,http://ufcstats.com/fighter-details/06a80a685ea98573
Jerome Rivera,Jerome,Rivera,Renegade,177.8,125.0,182.9,Southpaw,1995-04-22,http://ufcstats.com/fighter-details/c9587d81e1d33925
Patrick Rivera,Patrick,Rivera,,,170.0,,,1992-02-24,http://ufcstats.com/fighter-details/73ab2872b8633322
Nicdali Rivera-Calanoc,Nicdali,Rivera-Calanoc,The Night Queen,160.0,105.0,,,1985-06-12,http://ufcstats.com/fighter-details/60917f79b7271d83
Pedro Rizzo,Pedro,Rizzo,The Rock,185.4,241.0,,Orthodox,1974-05-03,http://ufcstats.com/fighter-details/b44f39a5c6596953
Theo Rlayang,Theo,Rlayang,Jungle King,170.2,145.0,165.1,Orthodox,1994-08-10,http://ufcstats.com/fighter-details/8aabef76351401d0
Justin Robbins,Justin,Robbins,,165.1,135.0,,,1980-07-29,http://ufcstats.com/fighter-details/3b2485c8d5c8b580
Kali Robbins,Kali,Robbins,Pop Tart,160.0,115.0,160.0,Orthodox,1984-07-05,http://ufcstats.com/fighter-details/610caee730f9b89e
Karl Roberson,Karl,Roberson,Baby K,185.4,205.0,188.0,Southpaw,1990-10-04,http://ufcstats.com/fighter-details/37d5b176d438d2a5
Andre Roberts,Andre,Roberts,The Chief,188.0,345.0,,Orthodox,1965-02-24,http://ufcstats.com/fighter-details/a54a35a670d8e852
David Roberts,David,Roberts,,185.4,170.0,,Orthodox,1975-11-15,http://ufcstats.com/fighter-details/775bad6d700d2302
Joey Roberts,Joey,Roberts,,188.0,200.0,,,,http://ufcstats.com/fighter-details/c058823a2595ab09
Tyrone Roberts,Tyrone,Roberts,Native Warrior,175.3,185.0,,Orthodox,,http://ufcstats.com/fighter-details/d1e6a6536ee62517
Ryan Roberts,Ryan,Roberts,,167.6,155.0,,Orthodox,1978-07-16,http://ufcstats.com/fighter-details/35dc6220b113b7ec
Taylor Roberts,Taylor,Roberts,,180.3,170.0,,,,http://ufcstats.com/fighter-details/c5ec23983dc2d8f4
Daniel Roberts,Daniel,Roberts,Ninja,177.8,170.0,188.0,Southpaw,1980-08-05,http://ufcstats.com/fighter-details/22edaf53ad59a967
Buddy Roberts,Buddy,Roberts,,188.0,185.0,,Orthodox,1982-10-17,http://ufcstats.com/fighter-details/b2a2da86546ddb19
Danny Roberts,Danny,Roberts,Hot Chocolate,185.4,170.0,188.0,Southpaw,1987-07-14,http://ufcstats.com/fighter-details/a6cba6bb66c1a8c9
Roosevelt Roberts,Roosevelt,Roberts,The Predator,188.0,155.0,185.4,Orthodox,1994-02-11,http://ufcstats.com/fighter-details/37c5366d18ed6c05
Kenny Robertson,Kenny,Robertson,,177.8,170.0,188.0,Orthodox,1984-02-14,http://ufcstats.com/fighter-details/6e0273f9478be71e
Gillian Robertson,Gillian,Robertson,The Savage,165.1,115.0,160.0,Orthodox,1995-05-17,http://ufcstats.com/fighter-details/38c7f72747f4f712
Chad Robichaux,Chad,Robichaux,Robo,162.6,135.0,,,1975-08-18,http://ufcstats.com/fighter-details/b2aa1e07b5b3306e
Mark Robinson,Mark,Robinson,White Rhino,182.9,265.0,,Orthodox,,http://ufcstats.com/fighter-details/4604ab1de9058474
Colin Robinson,Colin,Robinson,Big C,193.0,243.0,,Orthodox,1968-11-27,http://ufcstats.com/fighter-details/1a1a4d7a29041d77
Alvin Robinson,Alvin,Robinson,,175.3,155.0,172.7,Southpaw,1982-07-16,http://ufcstats.com/fighter-details/cbe79765d44bd172
Damonte Robinson,Damonte,Robinson,,182.9,155.0,195.6,,1995-06-10,http://ufcstats.com/fighter-details/2782235b078b72a7
Vagner Rocha,Vagner,Rocha,Ceara,177.8,155.0,185.4,Orthodox,1982-06-06,http://ufcstats.com/fighter-details/d403b1a6f278c95e
Carlos Eduardo Rocha,Carlos Eduardo,Rocha,Ta Danado,177.8,170.0,185.4,Orthodox,1981-07-12,http://ufcstats.com/fighter-details/4f736494fc733095
Pedro Rocha,Pedro,Rocha,,,,,,,http://ufcstats.com/fighter-details/5921fd3f889afa3b
Lucas Rocha,Lucas,Rocha,Fenomeno,160.0,125.0,162.6,Orthodox,2000-08-12,http://ufcstats.com/fighter-details/e0d3d9b564f95635
Shem Rock,Shem,Rock,,,155.0,,,1993-11-05,http://ufcstats.com/fighter-details/52b6bf4528130e86
Keith Rockel,Keith,Rockel,Rock,182.9,185.0,,Orthodox,,http://ufcstats.com/fighter-details/c75b99887c8c3f5a
Luke Rockhold,Luke,Rockhold,,190.5,185.0,195.6,Southpaw,1984-10-17,http://ufcstats.com/fighter-details/00e11b5c8b7bfeeb
Kevin Roddy,Kevin,Roddy,K-Rod,180.3,145.0,,,,http://ufcstats.com/fighter-details/1abf785143f8d5ec
Gregory Rodrigues,Gregory,Rodrigues,Robocop,190.5,185.0,190.5,Orthodox,1992-02-17,http://ufcstats.com/fighter-details/d1c65d2cf2925ddd
Kleydson Rodrigues,Kleydson,Rodrigues,KR,165.1,135.0,170.2,Orthodox,1995-10-22,http://ufcstats.com/fighter-details/102a8fdf8cbf7467
Douglas Rodrigues,Douglas,Rodrigues,Blade,,185.0,,,1999-01-13,http://ufcstats.com/fighter-details/19388069e19ec6b9
Modestino Rodrigues,Modestino,Rodrigues,The Slenderman,,185.0,,,2003-10-09,http://ufcstats.com/fighter-details/48e43b65f7838878
Levi Rodrigues Jr.,Levi,Rodrigues Jr.,Baby Monster,,205.0,,,1996-10-15,http://ufcstats.com/fighter-details/9ac4e43ed56429ed
Paul Rodriguez,Paul,Rodriguez,,170.2,155.0,,Orthodox,,http://ufcstats.com/fighter-details/26eddcda9d6b2ffe
Ricco Rodriguez,Ricco,Rodriguez,Suave,193.0,265.0,,Orthodox,1977-08-19,http://ufcstats.com/fighter-details/50cc91ce2982785d
Manuel Rodriguez,Manuel,Rodriguez,Chalate,175.3,170.0,,Orthodox,1985-04-25,http://ufcstats.com/fighter-details/5a6e4d2f0c76a242
Yair Rodriguez,Yair,Rodriguez,El Pantera,180.3,145.0,180.3,Orthodox,1992-10-06,http://ufcstats.com/fighter-details/cbf5e6f231b55443
Mike Rodriguez,Mike,Rodriguez,Slo Mike,193.0,205.0,208.3,Southpaw,1988-11-28,http://ufcstats.com/fighter-details/18b602842a24f7c5
Marina Rodriguez,Marina,Rodriguez,,167.6,115.0,165.1,Orthodox,1987-04-29,http://ufcstats.com/fighter-details/cd2c4d30c6e13b47
Daniel Rodriguez,Daniel,Rodriguez,D-Rod,185.4,170.0,188.0,Southpaw,1986-12-31,http://ufcstats.com/fighter-details/8a1f3b5c526cd6e6
Ray Rodriguez,Ray,Rodriguez,The Judge,170.2,135.0,177.8,Orthodox,1987-12-10,http://ufcstats.com/fighter-details/90e0985df05e51bc
Ronaldo Rodriguez,Ronaldo,Rodriguez,Lazy Boy,167.6,125.0,165.1,Orthodox,1999-05-07,http://ufcstats.com/fighter-details/f2900678e98f6d6a
Drako Rodriguez,Drako,Rodriguez,,172.7,135.0,175.3,Orthodox,1996-06-16,http://ufcstats.com/fighter-details/dc3b9cf7641b7ab6
Victor Rodriguez,Victor,Rodriguez,Vicious,165.1,125.0,170.2,Switch,1992-09-05,http://ufcstats.com/fighter-details/f6e5972c9d16c40e
Piera Rodriguez,Piera,Rodriguez,La Fiera,160.0,115.0,160.0,Orthodox,1992-11-11,http://ufcstats.com/fighter-details/e375cb5caf4717b6
Christian Rodriguez,Christian,Rodriguez,Ceerod,170.2,145.0,180.3,Orthodox,1997-12-17,http://ufcstats.com/fighter-details/5ec591b78349ba7e
Pete Rodriguez,Pete,Rodriguez,Dead Game,175.3,170.0,180.3,Switch,1996-11-13,http://ufcstats.com/fighter-details/776d4262c4da38bf
Imanol Rodriguez,Imanol,Rodriguez,Himan,,125.0,,Orthodox,1999-11-15,http://ufcstats.com/fighter-details/6e8349a0a0476d60
Nick Roehrick,Nick,Roehrick,,188.0,205.0,,Orthodox,1987-07-06,http://ufcstats.com/fighter-details/7195e2a932686f82
Marcos Rogerio de Lima,Marcos,Rogerio de Lima,Pezao,185.4,253.0,190.5,Orthodox,1985-06-25,http://ufcstats.com/fighter-details/ab943cd2c3c17825
Brett Rogers,Brett,Rogers,The Grim,195.6,265.0,205.7,Orthodox,1981-02-17,http://ufcstats.com/fighter-details/9141bb39310773c7
Brian Rogers,Brian,Rogers,The Professional Predator,180.3,185.0,,,1984-02-15,http://ufcstats.com/fighter-details/f304aff405c4a8fa
Pete Rogers Jr.,Pete,Rogers Jr.,The Heat,182.9,145.0,,,,http://ufcstats.com/fighter-details/36f3d235493d35ad
Max Rohskopf,Max,Rohskopf,Rated R,185.4,155.0,180.3,Orthodox,1994-09-27,http://ufcstats.com/fighter-details/59a27d2e6d0802ac
Marcelo Rojo,Marcelo,Rojo,Pitbull,172.7,145.0,180.3,Orthodox,1988-07-02,http://ufcstats.com/fighter-details/2804ce8dadab5770
Shane Roller,Shane,Roller,,177.8,155.0,182.9,Orthodox,1979-07-14,http://ufcstats.com/fighter-details/75e0d3cc2262b732
Jared Rollins,Jared,Rollins,J-Roc,175.3,170.0,,Orthodox,1977-01-26,http://ufcstats.com/fighter-details/c4b6099f0d25f75e
Tim Roman,Tim,Roman,,185.4,170.0,,,1985-06-08,http://ufcstats.com/fighter-details/3b83fec860a45ca1
Alexandr Romanov,Alexandr,Romanov,King Kong,188.0,262.0,190.5,Southpaw,1990-12-11,http://ufcstats.com/fighter-details/c0badf3243907e59
Ricardo Romero,Ricardo,Romero,,182.9,205.0,193.0,Orthodox,1978-04-15,http://ufcstats.com/fighter-details/744e098e065cfdbe
Yoel Romero,Yoel,Romero,Soldier of God,182.9,185.0,185.4,Southpaw,1977-04-30,http://ufcstats.com/fighter-details/f77c68bb4be8516d
Anthony Romero,Anthony,Romero,The Genius,180.3,155.0,177.8,Orthodox,1997-02-25,http://ufcstats.com/fighter-details/6f81399074fcdbba
Kaleio Romero,Kaleio,Romero,KO,177.8,145.0,175.3,Switch,1996-04-19,http://ufcstats.com/fighter-details/33df417d0017eb0c
Roberto Romero,Roberto,Romero,El Charro Negro,172.7,145.0,177.8,Orthodox,2000-01-30,http://ufcstats.com/fighter-details/15ea371202eb25e1
Mara Romero Borella,Mara,Romero Borella,,167.6,125.0,175.3,Orthodox,1986-06-03,http://ufcstats.com/fighter-details/82cbb809d5ee565c
Cortavious Romious,Cortavious,Romious,,162.6,135.0,172.7,Southpaw,1994-01-06,http://ufcstats.com/fighter-details/8173f134396cb971
Juancamilo Ronderos,Juancamilo,Ronderos,100,160.0,125.0,162.6,Southpaw,1995-02-17,http://ufcstats.com/fighter-details/4a043165cf47cab2
Rongzhu,,Rongzhu,,175.3,155.0,180.3,Orthodox,2000-03-07,http://ufcstats.com/fighter-details/a13d755965a4ec9f
Jesse Ronson,Jesse,Ronson,The Body Snatcher,177.8,155.0,177.8,Southpaw,1985-12-24,http://ufcstats.com/fighter-details/5580771f383e141f
George Roop,George,Roop,,185.4,135.0,182.9,Orthodox,1981-11-10,http://ufcstats.com/fighter-details/3c0437fbeda06962
Joao Roque,Joao,Roque,,167.6,155.0,,Orthodox,1971-07-22,http://ufcstats.com/fighter-details/0f6528b461e47462
Aaron Rosa,Aaron,Rosa,,193.0,205.0,195.6,Orthodox,1983-05-28,http://ufcstats.com/fighter-details/11f8860028b68fcf
Charles Rosa,Charles,Rosa,Boston Strong,175.3,145.0,175.3,Switch,1986-08-24,http://ufcstats.com/fighter-details/40093d1d2d78394e
Karol Rosa,Karol,Rosa,,165.1,135.0,170.2,Orthodox,1994-12-30,http://ufcstats.com/fighter-details/351c4ec637380ad5
Jacob Rosales,Jacob,Rosales,The Lil Badger,180.3,155.0,188.0,Orthodox,1995-07-28,http://ufcstats.com/fighter-details/f7faf5b19e0dec2e
Raul Rosas Jr.,Raul,Rosas Jr.,El Nino Problema,175.3,135.0,170.2,Switch,2004-10-08,http://ufcstats.com/fighter-details/fe2babf95de24fb1
Hilarie Rose,Hilarie,Rose,,160.0,115.0,160.0,Orthodox,1992-11-11,http://ufcstats.com/fighter-details/b9163ec845c3bfc8
Jake Rosholt,Jake,Rosholt,,185.4,185.0,,Orthodox,1982-02-09,http://ufcstats.com/fighter-details/4f2fcbefb668689d
Jared Rosholt,Jared,Rosholt,,188.0,265.0,190.5,Orthodox,1986-08-04,http://ufcstats.com/fighter-details/91ea901c458e95dd
Kevin Rosier,Kevin,Rosier,,193.0,275.0,,Orthodox,,http://ufcstats.com/fighter-details/598a58db87b890ee
Zach Rosol,Zach,Rosol,,,243.0,,,,http://ufcstats.com/fighter-details/208b6926916867c7
Shannon Ross,Shannon,Ross,The Turkish Delight,167.6,125.0,167.6,Switch,1989-05-12,http://ufcstats.com/fighter-details/51c655162e462ceb
Nick Rossborough,Nick,Rossborough,Leatherface,195.6,205.0,,,1981-11-18,http://ufcstats.com/fighter-details/ff3a915256b899c0
Kristian Rothaermel,Kristian,Rothaermel,,182.9,205.0,,Open Stance,1972-01-31,http://ufcstats.com/fighter-details/af49a6c491ca22a3
Ben Rothwell,Ben,Rothwell,,193.0,265.0,198.1,Orthodox,1981-10-17,http://ufcstats.com/fighter-details/bd58d34e39b7b12a
Rick Roufus,Rick,Roufus,,182.9,207.0,,Southpaw,,http://ufcstats.com/fighter-details/872b018076f831b0
Khalil Rountree Jr.,Khalil,Rountree Jr.,,185.4,205.0,193.0,Southpaw,1990-02-26,http://ufcstats.com/fighter-details/749f572d1d3161fb
Ronda Rousey,Ronda,Rousey,Rowdy,170.2,135.0,167.6,Orthodox,1987-02-01,http://ufcstats.com/fighter-details/8bdac25ce0bb874d
Ray Routh,Ray,Routh,,172.7,185.0,,Orthodox,,http://ufcstats.com/fighter-details/cba3a2dfbc06ce79
Roberta Rovel,Roberta,Rovel,Crusher,172.7,145.0,,,,http://ufcstats.com/fighter-details/9d7fbf438766791f
Phil Rowe,Phil,Rowe,The Fresh Prince,190.5,170.0,203.2,Orthodox,1990-07-18,http://ufcstats.com/fighter-details/8e382b585a92affe
Cam Rowston,Cam,Rowston,,190.5,185.0,198.1,Orthodox,1995-01-19,http://ufcstats.com/fighter-details/8ebc3a8da015d70c
Kain Royer,Kain,Royer,,,185.0,,,,http://ufcstats.com/fighter-details/712aa894b3a344df
Brad Royster,Brad,Royster,,,135.0,,,,http://ufcstats.com/fighter-details/09f8c233de88998d
Brandon Royval,Brandon,Royval,Raw Dawg,175.3,125.0,172.7,Southpaw,1992-08-16,http://ufcstats.com/fighter-details/6e15f63b6c2e2c15
Jairzinho Rozenstruik,Jairzinho,Rozenstruik,Bigi Boy,188.0,242.0,198.1,Orthodox,1988-03-17,http://ufcstats.com/fighter-details/2cd428e9606856fd
Mauricio Rua,Mauricio,Rua,Shogun,185.4,205.0,193.0,Orthodox,1981-11-25,http://ufcstats.com/fighter-details/140745cbbcb023ac
Murilo Rua,Murilo,Rua,Ninja,180.3,185.0,,Orthodox,1980-05-22,http://ufcstats.com/fighter-details/90e7447d8b7f3f35
Marco Ruas,Marco,Ruas,King of the Streets,185.4,210.0,,Orthodox,1961-01-23,http://ufcstats.com/fighter-details/597db668b01c442c
Rodrigo Ruas,Rodrigo,Ruas,,177.8,185.0,,Orthodox,1977-10-06,http://ufcstats.com/fighter-details/94070f6544c4b2a5
Rodolfo Rubio Perez,Rodolfo,Rubio Perez,Fito,165.1,145.0,,Orthodox,1987-01-29,http://ufcstats.com/fighter-details/c4731f43693b96b8
Robert Ruchala,Robert,Ruchala,Faker,172.7,145.0,182.9,Switch,1998-05-15,http://ufcstats.com/fighter-details/92aed9d16794f42b
Gabe Ruediger,Gabe,Ruediger,Godzilla,177.8,155.0,,Orthodox,1977-08-29,http://ufcstats.com/fighter-details/ccba80d4820ef557
Mauricio Ruffy,Mauricio,Ruffy,,180.3,155.0,190.5,Orthodox,1996-06-17,http://ufcstats.com/fighter-details/9c393e836a852f30
Eddie Ruiz,Eddie,Ruiz,,170.2,155.0,,Orthodox,1967-06-10,http://ufcstats.com/fighter-details/7b9aa973e5c04624
Anthony Ruiz,Anthony,Ruiz,El Toro,188.0,205.0,,Orthodox,1977-11-03,http://ufcstats.com/fighter-details/657c21cb133f1445
Paul Ruiz,Paul,Ruiz,,167.6,135.0,,,1987-06-23,http://ufcstats.com/fighter-details/babc0b19e89cec6e
Montserrat Conejo Ruiz,Montserrat Conejo,Ruiz,,152.4,115.0,154.9,Southpaw,1993-02-03,http://ufcstats.com/fighter-details/1235b31de15d0c6e
Mike Russow,Mike,Russow,,185.4,255.0,185.4,Orthodox,1976-09-11,http://ufcstats.com/fighter-details/353de740bb6c7e75
Bas Rutten,Bas,Rutten,El Guapo,185.4,205.0,,Orthodox,1965-02-24,http://ufcstats.com/fighter-details/03688dc3c3af3ac1
Mashrabjon Ruzibaev,Mashrabjon,Ruzibaev,Black Junior,172.7,155.0,170.2,Orthodox,1996-02-16,http://ufcstats.com/fighter-details/e5a898f2a1afec67
Nursulton Ruziboev,Nursulton,Ruziboev,Black,195.6,185.0,193.0,Orthodox,1993-11-19,http://ufcstats.com/fighter-details/49d2a08964c5eb11
Casey Ryan,Casey,Ryan,,,185.0,,,,http://ufcstats.com/fighter-details/5b1b383265433f51
Damian Rzepecki,Damian,Rzepecki,The Butcher,,155.0,,,2001-11-23,http://ufcstats.com/fighter-details/99223fbb4a05326b
Yusup Saadulaev,Yusup,Saadulaev,Maestro,167.6,135.0,,,1985-03-31,http://ufcstats.com/fighter-details/b1669a810fae4220
Cameron Saaiman,Cameron,Saaiman,MSP,172.7,135.0,170.2,Southpaw,2000-12-20,http://ufcstats.com/fighter-details/3c8a5200436e19f3
Pete Sabala,Pete,Sabala,,,135.0,,,,http://ufcstats.com/fighter-details/7956f026e2672c47
Zaurbek Sabanov,Zaurbek,Sabanov,,,255.0,,,1998-06-14,http://ufcstats.com/fighter-details/633f0800d178dd21
Danny Sabatello,Danny,Sabatello,Italian Gangster,177.8,135.0,180.3,Orthodox,1993-03-31,http://ufcstats.com/fighter-details/cb7ee07982de2a28
Pat Sabatini,Pat,Sabatini,,172.7,145.0,177.8,Orthodox,1990-11-09,http://ufcstats.com/fighter-details/b8bbdeff718dbb7d
Amir Sadollah,Amir,Sadollah,,177.8,170.0,190.5,Orthodox,1980-08-27,http://ufcstats.com/fighter-details/2650e2f846a30f64
Nazim Sadykhov,Nazim,Sadykhov,Black Wolf,177.8,155.0,175.3,Southpaw,1994-05-16,http://ufcstats.com/fighter-details/ff62013d2fce6d13
Frankie Saenz,Frankie,Saenz,,167.6,135.0,167.6,Orthodox,1980-08-12,http://ufcstats.com/fighter-details/9ba2226646046b63
Terrance Saeteurn,Terrance,Saeteurn,Wrong Turn,167.6,125.0,170.2,Orthodox,1995-05-30,http://ufcstats.com/fighter-details/a78f7a9135eb6249
Saparbeg Safarov,Saparbeg,Safarov,,185.4,185.0,198.1,Orthodox,1986-10-14,http://ufcstats.com/fighter-details/88d7b6d8230e1f3f
Tarec Saffiedine,Tarec,Saffiedine,Sponge,177.8,170.0,177.8,Switch,1986-09-06,http://ufcstats.com/fighter-details/0749d968e932df53
Jason Saggo,Jason,Saggo,,180.3,155.0,180.3,Orthodox,1985-11-23,http://ufcstats.com/fighter-details/4ac1ecf8ce59ef23
Kiru Sahota,Kiru,Sahota,,177.8,125.0,185.4,Orthodox,1995-05-28,http://ufcstats.com/fighter-details/296a120cb880477b
Muhammad Said,Muhammad,Said,,,205.0,,,1996-01-10,http://ufcstats.com/fighter-details/b01a5e0dcd9f231d
Tatsuya Saika,Tatsuya,Saika,Yanbo,182.9,155.0,185.4,Orthodox,1990-09-18,http://ufcstats.com/fighter-details/cc4e571964b084d4
Mridul Saikia,Mridul,Saikia,Crusher,170.2,125.0,172.7,Orthodox,1997-05-09,http://ufcstats.com/fighter-details/96c76dd695eb3b88
Kaushik Saikumar,Kaushik,Saikumar,The Pride of Chennai,177.8,135.0,180.3,Orthodox,1997-12-11,http://ufcstats.com/fighter-details/6a6c4709ebc5499a
Benoit Saint Denis,Benoit,Saint Denis,God of War,180.3,155.0,185.4,Southpaw,1995-12-18,http://ufcstats.com/fighter-details/c2299ec916bc7c56
Ovince Saint Preux,Ovince,Saint Preux,,190.5,205.0,203.2,Southpaw,1983-04-08,http://ufcstats.com/fighter-details/50db8711c70196cd
Lukasz Sajewski,Lukasz,Sajewski,Wookie,172.7,155.0,180.3,Orthodox,1990-11-27,http://ufcstats.com/fighter-details/fb41432b622992a9
Yukio Sakaguchi,Yukio,Sakaguchi,,175.3,185.0,,Orthodox,1973-07-26,http://ufcstats.com/fighter-details/94a5aaf573f780ad
Augusto Sakai,Augusto,Sakai,,190.5,265.0,195.6,Orthodox,1991-05-09,http://ufcstats.com/fighter-details/441eacbe20e0e80b
Alessio Sakara,Alessio,Sakara,Legionarius,182.9,185.0,182.9,Orthodox,1981-09-02,http://ufcstats.com/fighter-details/7f955f71fa2ce7ac
Wataru Sakata,Wataru,Sakata,,175.3,195.0,,Southpaw,1973-03-11,http://ufcstats.com/fighter-details/d7907a9a968e4d29
Gokhan Saki,Gokhan,Saki,The Rebel,182.9,205.0,185.4,Orthodox,1983-10-19,http://ufcstats.com/fighter-details/4690d47bf725fd98
Kazushi Sakuraba,Kazushi,Sakuraba,The Gracie Hunter,182.9,185.0,,Southpaw,1969-07-14,http://ufcstats.com/fighter-details/9b5b5a75523728f3
Hayato Sakurai,Hayato,Sakurai,Mach,170.2,168.0,,Orthodox,1975-08-24,http://ufcstats.com/fighter-details/85e26e2468b4e82f
Ryuta Sakurai,Ryuta,Sakurai,,170.2,183.0,,Orthodox,,http://ufcstats.com/fighter-details/ff9578cdbfabd323
Justin Salas,Justin,Salas,J-Bomb,172.7,155.0,177.8,Southpaw,1982-03-13,http://ufcstats.com/fighter-details/9b198c73e3d0d289
Ivan Salaverry,Ivan,Salaverry,,182.9,185.0,,Orthodox,1971-01-11,http://ufcstats.com/fighter-details/394f55ebca199124
Roman Salazar,Roman,Salazar,El Gallito,170.2,135.0,,Orthodox,1988-02-21,http://ufcstats.com/fighter-details/72c4b253d2f5ebf2
Luis Saldana,Luis,Saldana,,180.3,145.0,185.4,Orthodox,1991-01-27,http://ufcstats.com/fighter-details/12e0fdc606f7e274
John Salgado,John,Salgado,Greco,177.8,170.0,,,,http://ufcstats.com/fighter-details/3e36811b7bc1f6ad
Muslim Salikhov,Muslim,Salikhov,King of Kung Fu,180.3,170.0,177.8,Orthodox,1984-06-09,http://ufcstats.com/fighter-details/447f9858ae78f921
Gabriel Salinas-Jones,Gabriel,Salinas-Jones,,185.4,245.0,,,1984-11-20,http://ufcstats.com/fighter-details/74d5f71eeb0c66c7
Brandon Saling,Brandon,Saling,White Steel,177.8,170.0,,,1986-01-28,http://ufcstats.com/fighter-details/a049aa06508b9c7b
Quillan Salkilld,Quillan,Salkilld,,182.9,155.0,190.5,Orthodox,1999-12-28,http://ufcstats.com/fighter-details/17734443a833cdf7
Sean Salmon,Sean,Salmon,,177.8,185.0,,Southpaw,1977-09-11,http://ufcstats.com/fighter-details/7c0847d3854a95f2
Boston Salmon,Boston,Salmon,Boom Boom,175.3,135.0,175.3,Southpaw,1990-11-20,http://ufcstats.com/fighter-details/98e946879ba20c0f
John Salter,John,Salter,,185.4,185.0,188.0,Southpaw,1985-03-21,http://ufcstats.com/fighter-details/010986ee359fb863
Vinicius Salvador,Vinicius,Salvador,,170.2,135.0,177.8,Southpaw,1996-07-24,http://ufcstats.com/fighter-details/65cdf4ec31143d86
Dylan Salvador,Dylan,Salvador,,175.3,155.0,175.3,Southpaw,1993-05-20,http://ufcstats.com/fighter-details/a7a3fb5f6c67b122
Josh Samman,Josh,Samman,Anqa,190.5,185.0,200.7,Orthodox,1988-03-14,http://ufcstats.com/fighter-details/9deff9e3e8d94d47
Johnny Sampaio,Johnny,Sampaio,,172.7,170.0,,Orthodox,1975-09-11,http://ufcstats.com/fighter-details/b23388ff8ac6637b
Josh Sampo,Josh,Sampo,The Gremlin,162.6,125.0,162.6,Orthodox,1984-07-24,http://ufcstats.com/fighter-details/f65dcb22dada2223
Josh San Diego,Josh,San Diego,JSD,177.8,135.0,,,,http://ufcstats.com/fighter-details/983e281d257c24dc
Samuel Sanches,Samuel,Sanches,The Prodigy,177.8,155.0,188.0,Orthodox,2003-01-28,http://ufcstats.com/fighter-details/438d497617ecb16e
Diego Sanchez,Diego,Sanchez,Nightmare,177.8,170.0,182.9,Southpaw,1981-12-31,http://ufcstats.com/fighter-details/82e7929bf6c2b689
Eddie Sanchez,Eddie,Sanchez,The Manic Hispanic,188.0,230.0,188.0,Orthodox,1982-11-04,http://ufcstats.com/fighter-details/7f0b4a75ef3039a3
Julian Sanchez,Julian,Sanchez,,190.5,300.0,,Orthodox,,http://ufcstats.com/fighter-details/c6da1c24fe473418
Bobby Sanchez,Bobby,Sanchez,The Kid,170.2,155.0,,Orthodox,,http://ufcstats.com/fighter-details/6a0047ac8c99fece
Donald Sanchez,Donald,Sanchez,,177.8,145.0,,,1984-08-18,http://ufcstats.com/fighter-details/bb140b121283acbb
Joby Sanchez,Joby,Sanchez,,167.6,135.0,172.7,Orthodox,1991-06-24,http://ufcstats.com/fighter-details/b12fc8a41e82d3a2
Emmanuel Sanchez,Emmanuel,Sanchez,El Matador,175.3,145.0,180.3,,1990-08-11,http://ufcstats.com/fighter-details/243a336eaa2d2eb4
Erick Sanchez,Erick,Sanchez,,177.8,145.0,,,1990-10-04,http://ufcstats.com/fighter-details/ef3663798164adf0
Andrew Sanchez,Andrew,Sanchez,El Dirte,185.4,185.0,188.0,Orthodox,1988-04-08,http://ufcstats.com/fighter-details/fccf811c1e8b01c7
Robert Sanchez,Robert,Sanchez,Littlefury,167.6,125.0,167.6,Orthodox,1986-03-05,http://ufcstats.com/fighter-details/546f8599a63c29da
Silvestre Sanchez,Silvestre,Sanchez,Gorilla,,155.0,,,2001-11-15,http://ufcstats.com/fighter-details/acdefc52a4b6c576
Jesse Sanders,Jesse,Sanders,,182.9,170.0,,Orthodox,,http://ufcstats.com/fighter-details/59aaf2730b84698a
Luke Sanders,Luke,Sanders,Cool Hand,167.6,135.0,170.2,Southpaw,1985-12-12,http://ufcstats.com/fighter-details/96428b9e9bd048ea
Jerrod Sanders,Jerrod,Sanders,J-Reazie,172.7,135.0,182.9,Orthodox,1979-10-01,http://ufcstats.com/fighter-details/12f1b140e248bdb9
Cory Sandhagen,Cory,Sandhagen,,180.3,135.0,177.8,Switch,1992-04-20,http://ufcstats.com/fighter-details/65f09bacd3957381
Hugo Sandoval,Hugo,Sandoval,,,135.0,,,,http://ufcstats.com/fighter-details/9d51bcc281aa0514
Raul Sandoval,Raul,Sandoval,,,130.0,,,,http://ufcstats.com/fighter-details/f9ad10f6a49e5452
Joseph Sandoval,Joseph,Sandoval,,170.2,135.0,,Southpaw,1986-05-11,http://ufcstats.com/fighter-details/696002b59f09d73b
Hector Sandoval,Hector,Sandoval,Kid Alex,157.5,125.0,162.6,Orthodox,1986-07-19,http://ufcstats.com/fighter-details/449c890bd90f3374
Chris Sanford,Chris,Sanford,,180.3,185.0,,Orthodox,1968-03-12,http://ufcstats.com/fighter-details/29f935654825331b
Roldan Sangcha'an,Roldan,Sangcha'an,The Executioner,162.6,125.0,,Orthodox,1990-12-04,http://ufcstats.com/fighter-details/57887765f831e228
Yuhi Sano,Yuhi,Sano,,180.3,243.0,,Orthodox,1965-02-02,http://ufcstats.com/fighter-details/4c12aa7ca246e7a4
Martin Sano,Martin,Sano,Spartan,180.3,170.0,190.5,Orthodox,1991-05-30,http://ufcstats.com/fighter-details/16a64f93f6678b7b
Jonathan Santa Maria,Jonathan,Santa Maria,,175.3,125.0,,,,http://ufcstats.com/fighter-details/3143e5daff9e5b71
Duda Santana,Duda,Santana,Cowboyzinha,170.2,145.0,185.4,Orthodox,1996-01-10,http://ufcstats.com/fighter-details/d6ead04919a894b1
Shaheen Santana,Shaheen,Santana,Shazam,185.4,155.0,190.5,Orthodox,1991-06-04,http://ufcstats.com/fighter-details/19809d475ed832d5
Neemias Santana,Neemias,Santana,,188.0,185.0,193.0,Orthodox,1996-07-10,http://ufcstats.com/fighter-details/86989ee8fe97884d
Sean Santella,Sean,Santella,Shorty Rock,165.1,125.0,,,1984-10-25,http://ufcstats.com/fighter-details/39792c2f42c9f527
Jorge Santiago,Jorge,Santiago,The Sandman,185.4,170.0,190.5,Orthodox,1980-10-09,http://ufcstats.com/fighter-details/f8dc544e7077d014
Mike Santiago,Mike,Santiago,,177.8,145.0,175.3,Orthodox,1989-07-28,http://ufcstats.com/fighter-details/bc656db347f31e19
Will Santiago,Will,Santiago,The Brown Bomber,170.2,185.0,,Orthodox,1983-02-08,http://ufcstats.com/fighter-details/4920292f5d9b76df
Richie Santiago,Richie,Santiago,The Milford Mauler,170.2,135.0,170.2,Southpaw,1992-10-10,http://ufcstats.com/fighter-details/9f95d6b5b459cc6b
Jose Santibanez,Jose,Santibanez,,,155.0,,,1980-01-18,http://ufcstats.com/fighter-details/8299206ccebc44a7
Art Santore,Art,Santore,Pachuco,188.0,185.0,,,1972-10-26,http://ufcstats.com/fighter-details/012fc7cd0779c09a
Adriano Santos,Adriano,Santos,,,,,,,http://ufcstats.com/fighter-details/c6e6926a81adcd00
Paulo Santos,Paulo,Santos,,,,,,,http://ufcstats.com/fighter-details/7ca4c3f8aa8bacae
Evangelista Santos,Evangelista,Santos,Cyborg,177.8,170.0,193.0,Orthodox,1977-12-12,http://ufcstats.com/fighter-details/99bf06f20491cb54
Luis Santos,Luis,Santos,,185.4,170.0,,Southpaw,,http://ufcstats.com/fighter-details/7701377be464d2ef
Iliarde Santos,Iliarde,Santos,,165.1,125.0,170.2,Orthodox,1980-09-25,http://ufcstats.com/fighter-details/14aa21bc82cac57d
Leonardo Santos,Leonardo,Santos,,182.9,155.0,190.5,Orthodox,1980-02-05,http://ufcstats.com/fighter-details/9c65736747ca92ec
Thiago Santos,Thiago,Santos,Marreta,188.0,205.0,193.0,Orthodox,1984-01-07,http://ufcstats.com/fighter-details/dea070ed4a2a8281
Bruno Santos,Bruno,Santos,Carioca,175.3,185.0,,Orthodox,1987-07-17,http://ufcstats.com/fighter-details/da1d8d76404bb6b5
Andre Santos,Andre,Santos,Chatuba,182.9,170.0,,,,http://ufcstats.com/fighter-details/5b5b78116d1fc3eb
Gleristone Santos,Gleristone,Santos,Toninho Furia,175.3,145.0,,,1988-08-20,http://ufcstats.com/fighter-details/d12ee718fb35c35c
Yana Santos,Yana,Santos,,167.6,135.0,172.7,Orthodox,1989-11-11,http://ufcstats.com/fighter-details/3143bf892608139a
Taila Santos,Taila,Santos,,167.6,125.0,172.7,Orthodox,1993-06-22,http://ufcstats.com/fighter-details/f7467152fd9f18a2
Marilia Santos,Marilia,Santos,Chocolate,162.6,125.0,,Orthodox,1992-12-12,http://ufcstats.com/fighter-details/4cb79988b2a9bd07
Edivan Santos,Edivan,Santos,Pe De Sapo,193.0,248.0,198.1,Orthodox,1992-05-03,http://ufcstats.com/fighter-details/78719f6663ad9160
Daniel Santos,Daniel,Santos,Willycat,170.2,145.0,170.2,Orthodox,1995-03-12,http://ufcstats.com/fighter-details/b67d6bacc68d4c92
Gabriel Santos,Gabriel,Santos,Mosquitinho,175.3,145.0,177.8,Orthodox,1996-11-28,http://ufcstats.com/fighter-details/f2f140ce7532e327
Luana Santos,Luana,Santos,,167.6,135.0,170.2,Orthodox,2000-04-16,http://ufcstats.com/fighter-details/5078e1dacf9d25f4
Djorden Santos,Djorden,Santos,Shakur,182.9,185.0,190.5,Orthodox,1997-08-01,http://ufcstats.com/fighter-details/312f7d7b2b2f7de4
Mairon Santos,Mairon,Santos,The Legend,170.2,155.0,182.9,Orthodox,2000-06-10,http://ufcstats.com/fighter-details/480779d7f9a424d3
Nick Sanzo,Nick,Sanzo,,175.3,190.0,,,,http://ufcstats.com/fighter-details/1d147d4163a6989b
Bob Sapp,Bob,Sapp,The Beast,195.6,350.0,,Orthodox,1974-09-22,http://ufcstats.com/fighter-details/9f3d6ddef3d3cccc
Daniel Sarafian,Daniel,Sarafian,,175.3,185.0,185.4,Orthodox,1982-08-21,http://ufcstats.com/fighter-details/7e47047d0971d566
Jeka Saragih,Jeka,Saragih,,172.7,145.0,175.3,Orthodox,1995-01-01,http://ufcstats.com/fighter-details/57186c150c645200
Diego Saraiva,Diego,Saraiva,The Octopus,167.6,155.0,,Orthodox,1982-04-23,http://ufcstats.com/fighter-details/4f4dac51adc1af4f
Gokhan Saricam,Gokhan,Saricam,,,265.0,,,1991-02-26,http://ufcstats.com/fighter-details/1a97a3ef4c758fae
Harris Sarmiento,Harris,Sarmiento,The Hitman,175.3,155.0,,Orthodox,1983-09-09,http://ufcstats.com/fighter-details/026b4f7049085842
Alexander Sarnavskiy,Alexander,Sarnavskiy,Tiger,180.3,155.0,,,1989-01-17,http://ufcstats.com/fighter-details/2097b1a5ff47dfb0
Yuki Sasaki,Yuki,Sasaki,,188.0,185.0,,Orthodox,1976-09-12,http://ufcstats.com/fighter-details/e5c38954c006f15c
Kyosuke Sasaki,Kyosuke,Sasaki,,170.2,183.0,,Southpaw,,http://ufcstats.com/fighter-details/23bd78c3f89bdb54
Yuta Sasaki,Yuta,Sasaki,Ulka,177.8,125.0,180.3,Southpaw,1989-10-07,http://ufcstats.com/fighter-details/7c3c48cf54a2848e
Paul Sass,Paul,Sass,,182.9,155.0,185.4,Orthodox,1988-08-04,http://ufcstats.com/fighter-details/7b143a54451263d9
Keisuke Sasu,Keisuke,Sasu,Sasuke,165.1,145.0,175.3,Switch,1994-09-30,http://ufcstats.com/fighter-details/b7bcf6dfbbb7c16c
Masaaki Satake,Masaaki,Satake,,185.4,220.0,,Orthodox,1965-08-17,http://ufcstats.com/fighter-details/f4a031ac205ac580
Takenori Sato,Takenori,Sato,,177.8,170.0,,Southpaw,1985-06-08,http://ufcstats.com/fighter-details/276c60b14b571dd4
Takashi Sato,Takashi,Sato,Ten,177.8,170.0,185.4,Southpaw,1990-06-09,http://ufcstats.com/fighter-details/8abac218746e04ca
Shogo Sato,Shogo,Sato,Tora,170.2,170.0,167.6,Southpaw,1993-06-08,http://ufcstats.com/fighter-details/c982b98d33825763
Uran Satybaldiev,Uran,Satybaldiev,Gorilla,193.0,205.0,200.7,Orthodox,1994-08-10,http://ufcstats.com/fighter-details/02f484417a6fa69d
Jeimeson Saudino,Jeimeson,Saudino,The Minion,167.6,135.0,,,1991-03-05,http://ufcstats.com/fighter-details/f6f9d41669dd3eaa
Tom Sauer,Tom,Sauer,,185.4,263.0,,,1970-11-11,http://ufcstats.com/fighter-details/36ab6af06e312b41
Townsend Saunders,Townsend,Saunders,,165.1,170.0,,Orthodox,,http://ufcstats.com/fighter-details/20bd6c3e03c46ee6
Ben Saunders,Ben,Saunders,Killa B,188.0,170.0,195.6,Orthodox,1983-04-13,http://ufcstats.com/fighter-details/484acc7b0f856ce9
Chad W. Saunders,Chad W.,Saunders,,177.8,170.0,,Orthodox,,http://ufcstats.com/fighter-details/4fe9492959834bf7
Chris Saunders,Chris,Saunders,The So Cal Kid,172.7,155.0,,,1986-03-11,http://ufcstats.com/fighter-details/b35a159f525764eb
Christien Savoie,Christien,Savoie,The Tiger,180.3,170.0,182.9,Orthodox,1992-08-29,http://ufcstats.com/fighter-details/67f0d1b1b0b39bec
Lumumba Sayers,Lumumba,Sayers,,182.9,185.0,,,1978-06-30,http://ufcstats.com/fighter-details/402ea3b5ee233852
Matt Sayles,Matt,Sayles,,170.2,155.0,172.7,Orthodox,1994-02-21,http://ufcstats.com/fighter-details/5b8ba8f5512893b1
Brandon Sayles,Brandon,Sayles,Man of War,195.6,265.0,,,1981-04-23,http://ufcstats.com/fighter-details/72b7c071910990b1
Mikheil Sazhiniani,Mikheil,Sazhiniani,Spartan,182.9,205.0,180.3,Orthodox,1996-10-05,http://ufcstats.com/fighter-details/22a1f83edb865aee
Mark Scanlon,Mark,Scanlon,,175.3,170.0,,Orthodox,,http://ufcstats.com/fighter-details/771b60ff889661c8
Eric Schafer,Eric,Schafer,Red,190.5,185.0,193.0,Orthodox,1977-09-20,http://ufcstats.com/fighter-details/f59f1d3a2ff13edd
Kerry Schall,Kerry,Schall,Meat Truck,188.0,265.0,,Orthodox,1971-08-09,http://ufcstats.com/fighter-details/030f08370fd1c2bb
Eric Schambari,Eric,Schambari,,180.3,185.0,,Orthodox,1978-04-22,http://ufcstats.com/fighter-details/66e981516e2476d1
Brendan Schaub,Brendan,Schaub,Big Brown,193.0,245.0,198.1,Orthodox,1983-03-18,http://ufcstats.com/fighter-details/89a407032911e27e
Matheus Scheffel,Matheus,Scheffel,Buffa,188.0,205.0,190.5,Orthodox,1992-11-04,http://ufcstats.com/fighter-details/a296ad1d238d97df
Antonio Schembri,Antonio,Schembri,Nino,175.3,205.0,,Orthodox,1974-06-01,http://ufcstats.com/fighter-details/a3244e3238541482
Fabiano Scherner,Fabiano,Scherner,Pegaleve,190.5,257.0,,Orthodox,1972-06-30,http://ufcstats.com/fighter-details/0bc7e61d204f2137
Samy Schiavo,Samy,Schiavo,,172.7,155.0,,Orthodox,1975-12-24,http://ufcstats.com/fighter-details/1208ffc5be6e31ad
Pat Schilling,Pat,Schilling,Thrilling,172.7,145.0,,Orthodox,1988-08-28,http://ufcstats.com/fighter-details/de12bd65e2f46478
Joe Schilling,Joe,Schilling,,190.5,185.0,,,,http://ufcstats.com/fighter-details/f41fad444939056b
Semmy Schilt,Semmy,Schilt,Hightower,208.3,265.0,,Orthodox,1973-10-27,http://ufcstats.com/fighter-details/d5ed14b2153c6ed2
Adam Schindler,Adam,Schindler,,172.7,155.0,,,1983-05-19,http://ufcstats.com/fighter-details/89ea01f5a7ada40c
Ollie Schmid,Ollie,Schmid,The Hungarian Stallion,,145.0,,,2000-12-28,http://ufcstats.com/fighter-details/b701f095e6ccb149
Daniel Schmitt,Daniel,Schmitt,,,185.0,,,,http://ufcstats.com/fighter-details/bd02e222a6166d50
Colleen Schneider,Colleen,Schneider,,,135.0,,,,http://ufcstats.com/fighter-details/aa943b9bc00cb0ed
Matt Schnell,Matt,Schnell,Danger,172.7,125.0,177.8,Orthodox,1990-01-15,http://ufcstats.com/fighter-details/67c1d46f4ed16f9e
Alex Schoenauer,Alex,Schoenauer,,190.5,185.0,,Orthodox,1976-05-05,http://ufcstats.com/fighter-details/fdfef29ba17ee525
Bailey Schoenfelder,Bailey,Schoenfelder,Berserk,190.5,265.0,193.0,Orthodox,1997-09-22,http://ufcstats.com/fighter-details/b0353e7f5038dd09
Darrill Schoonover,Darrill,Schoonover,The Boss,188.0,220.0,,Orthodox,1985-07-18,http://ufcstats.com/fighter-details/5a558ba1ff5e9121
Bob Schrijber,Bob,Schrijber,Dirty,182.9,240.0,,Orthodox,,http://ufcstats.com/fighter-details/d86e913c548c07c2
Nate Schroeder,Nate,Schroeder,,185.4,230.0,,,,http://ufcstats.com/fighter-details/040426baba8a45e8
Lacey Schuckman,Lacey,Schuckman,,160.0,125.0,,,,http://ufcstats.com/fighter-details/e44c679c30403cba
Mark Schultz,Mark,Schultz,,175.3,200.0,,Orthodox,,http://ufcstats.com/fighter-details/c1684f00c626f4c0
Wes Schultz,Wes,Schultz,Party Time,188.0,185.0,195.6,Orthodox,1996-08-09,http://ufcstats.com/fighter-details/b4443fae47e7eb9d
Brian Schwartz,Brian,Schwartz,,190.5,170.0,,Orthodox,,http://ufcstats.com/fighter-details/99c80d2bd5dbe5a9
Eric Schwartz,Eric,Schwartz,,,205.0,,,,http://ufcstats.com/fighter-details/79cbdf233e5e0496
Justin Scoggins,Justin,Scoggins,,170.2,125.0,167.6,Southpaw,1992-05-02,http://ufcstats.com/fighter-details/9fa568ad2bf2cb0b
Brad Scott,Brad,Scott,Bear,185.4,170.0,193.0,Orthodox,1989-06-24,http://ufcstats.com/fighter-details/34e552520a934063
Greg Scott,Greg,Scott,,175.3,145.0,,,,http://ufcstats.com/fighter-details/0b235384fe23fc9c
Louis Lee Scott,Louis Lee,Scott,Lightning,172.7,135.0,177.8,Orthodox,2000-02-26,http://ufcstats.com/fighter-details/4327506eb9ee342f
Zachary Scroggin,Zachary,Scroggin,,190.5,170.0,188.0,Orthodox,1996-03-09,http://ufcstats.com/fighter-details/03dee485905dbc9f
Mike Seal,Mike,Seal,Crazy Boy,193.0,185.0,,Orthodox,,http://ufcstats.com/fighter-details/0c01568b1ac77bff
Demba Seck,Demba,Seck,Black Tiger,185.4,145.0,188.0,Orthodox,1993-07-07,http://ufcstats.com/fighter-details/b9af9f8834e39d3e
Matt Secor,Matt,Secor,,182.9,170.0,,,1986-09-26,http://ufcstats.com/fighter-details/d1ce40aca99a9b70
Kenneth Seegrist,Kenneth,Seegrist,,182.9,185.0,,Orthodox,,http://ufcstats.com/fighter-details/55e94a9b525dcf45
Neil Seery,Neil,Seery,2Tap,162.6,125.0,162.6,Orthodox,1979-08-30,http://ufcstats.com/fighter-details/49a74b9fb2e45fdf
Rony Sefo,Rony,Sefo,,175.3,225.0,,Orthodox,,http://ufcstats.com/fighter-details/d6b68eaf4b68b160
Ray Sefo,Ray,Sefo,Sugarfoot,182.9,240.0,,Orthodox,1971-02-15,http://ufcstats.com/fighter-details/646d5dbe509accd4
Brendan Seguin,Brendan,Seguin,,182.9,185.0,,,1976-07-03,http://ufcstats.com/fighter-details/e4bb7e483c4ad318
Tetsuya Seki,Tetsuya,Seki,,177.8,155.0,,,1994-02-08,http://ufcstats.com/fighter-details/5e1062e066c601e6
Stefan Sekulic,Stefan,Sekulic,,182.9,170.0,190.5,Southpaw,1992-02-12,http://ufcstats.com/fighter-details/348dff4e03bd18c6
Pete Sell,Pete,Sell,Drago,180.3,170.0,190.5,Orthodox,1982-08-05,http://ufcstats.com/fighter-details/0359313549d230a1
Matthew Semelsberger,Matthew,Semelsberger,Semi The Jedi,185.4,170.0,190.5,Switch,1992-11-23,http://ufcstats.com/fighter-details/4aa58269d0664b5b
Andrei Semenov,Andrei,Semenov,,182.9,185.0,,Orthodox,1977-06-17,http://ufcstats.com/fighter-details/5f2f0da6fd6a84fd
Mackens Semerzier,Mackens,Semerzier,Da Menace,175.3,145.0,182.9,Orthodox,1980-11-03,http://ufcstats.com/fighter-details/51b1e2fd9872005b
Brandon Sene,Brandon,Sene,,180.3,205.0,,,1981-05-21,http://ufcstats.com/fighter-details/3ed134d85dfbd7b4
YeDam Seo,YeDam,Seo,,160.0,115.0,160.0,Orthodox,1992-03-20,http://ufcstats.com/fighter-details/762572d67204fadb
DongHyun Seo,DongHyun,Seo,Pinnacle,170.2,145.0,170.2,Orthodox,1990-08-22,http://ufcstats.com/fighter-details/0505e27a5d00704a
Kim In Seok,Kim In,Seok,,167.6,145.0,,Orthodox,,http://ufcstats.com/fighter-details/88b250ba222c3a98
Ray Seraille,Ray,Seraille,,190.5,246.0,,,,http://ufcstats.com/fighter-details/2f04c4183523be2e
Ivan Serati,Ivan,Serati,,182.9,205.0,,Orthodox,,http://ufcstats.com/fighter-details/b23fca14c7b79935
Alex Serdyukov,Alex,Serdyukov,The Russian Crusher,188.0,170.0,188.0,Orthodox,1980-05-24,http://ufcstats.com/fighter-details/253d3f9e97ca149a
Nicholas Sergiacomi,Nicholas,Sergiacomi,,,170.0,,,,http://ufcstats.com/fighter-details/efab191f204ffa17
Matt Serra,Matt,Serra,The Terra,167.6,170.0,172.7,Orthodox,1974-06-02,http://ufcstats.com/fighter-details/86dfed7cc24a9fa7
Nick Serra,Nick,Serra,The Mad Monkey,175.3,170.0,,Orthodox,1978-03-27,http://ufcstats.com/fighter-details/1975c2272ba40e71
Adrian Serrano,Adrian,Serrano,,172.7,170.0,,,1963-12-23,http://ufcstats.com/fighter-details/e7ec11096eac0282
Fredy Serrano,Fredy,Serrano,El Profe,160.0,125.0,165.1,Orthodox,1979-09-22,http://ufcstats.com/fighter-details/0ccab7c889ede9ea
Carl Seumanutafa,Carl,Seumanutafa,,185.4,255.0,,Orthodox,,http://ufcstats.com/fighter-details/dadaeb402526dca5
Igor Severino,Igor,Severino,,170.2,125.0,175.3,Orthodox,2003-04-21,http://ufcstats.com/fighter-details/6ad8e4296f7522d9
Dan Severn,Dan,Severn,The Beast,188.0,250.0,,Southpaw,1958-06-08,http://ufcstats.com/fighter-details/c670aa48827d6be6
Rosi Sexton,Rosi,Sexton,The Surgeon,160.0,135.0,,Orthodox,1977-07-16,http://ufcstats.com/fighter-details/5dfe71ade71f3a4b
Rodrigo Sezinando,Rodrigo,Sezinando,,175.3,170.0,180.3,Orthodox,1997-12-11,http://ufcstats.com/fighter-details/c06d6b18862f9a53
Scott Shaffer,Scott,Shaffer,,170.2,145.0,,Orthodox,,http://ufcstats.com/fighter-details/5c38639f860a5542
Edmen Shahbazyan,Edmen,Shahbazyan,The Golden Boy,188.0,185.0,190.5,Orthodox,1997-11-20,http://ufcstats.com/fighter-details/4144798612ef96e5
Leon Shahbazyan,Leon,Shahbazyan,S.O.G.,193.0,170.0,188.0,Orthodox,1995-11-18,http://ufcstats.com/fighter-details/9eed2bcc9e0b92af
Don Shainis,Don,Shainis,Shameless,167.6,145.0,170.2,Orthodox,1990-09-16,http://ufcstats.com/fighter-details/da4628f173337902
Liliya Shakirova,Liliya,Shakirova,,162.6,125.0,165.1,Orthodox,1991-10-24,http://ufcstats.com/fighter-details/f300763147320d12
Kamal Shalorus,Kamal,Shalorus,Prince of Persia,172.7,155.0,172.7,Orthodox,1972-08-27,http://ufcstats.com/fighter-details/ece280745f8727b8
Ken Shamrock,Ken,Shamrock,The World's Most Dangerous Man,185.4,205.0,182.9,Orthodox,1964-02-11,http://ufcstats.com/fighter-details/63b65af1c5cb02cb
Frank Shamrock,Frank,Shamrock,,177.8,185.0,,Orthodox,1972-12-08,http://ufcstats.com/fighter-details/fcaae0385b514f11
Shang Zhifa,Shang,Zhifa,Northeast Flying Tiger,170.2,125.0,160.0,Orthodox,1986-03-15,http://ufcstats.com/fighter-details/5a7350645bc9bd6e
Sean Sharaf,Sean,Sharaf,The Smoke,190.5,252.0,195.6,Orthodox,1993-07-11,http://ufcstats.com/fighter-details/0f3a990526c5e706
Priya Sharma,Priya,Sharma,The Catwoman,154.9,115.0,149.9,Orthodox,1991-08-29,http://ufcstats.com/fighter-details/5f23eaf9e9c34667
Jason Sharp,Jason,Sharp,,,205.0,,,,http://ufcstats.com/fighter-details/285e32e41f61a5b1
Eric Shelton,Eric,Shelton,Showtime,167.6,125.0,172.7,Orthodox,1991-02-02,http://ufcstats.com/fighter-details/a0c64f272b65d441
Sean Sherk,Sean,Sherk,The Muscle Shark,167.6,155.0,170.2,Orthodox,1973-08-05,http://ufcstats.com/fighter-details/029880cdbf5ca089
Chase Sherman,Chase,Sherman,The Vanilla Gorilla,193.0,250.0,198.1,Orthodox,1989-11-16,http://ufcstats.com/fighter-details/01b352b6a9074d5c
Valentina Shevchenko,Valentina,Shevchenko,Bullet,165.1,125.0,167.6,Southpaw,1988-03-07,http://ufcstats.com/fighter-details/132deb59abae64b1
Antonina Shevchenko,Antonina,Shevchenko,La Pantera,172.7,125.0,170.2,Southpaw,1984-11-20,http://ufcstats.com/fighter-details/d7338bcb141abd2c
Shi Ming,Shi,Ming,,157.5,115.0,152.4,Orthodox,1994-11-14,http://ufcstats.com/fighter-details/d683f4870742b273
Katsuyori Shibata,Katsuyori,Shibata,,182.9,168.0,,Orthodox,1979-11-17,http://ufcstats.com/fighter-details/d4da8995fc91e7ef
Jake Shields,Jake,Shields,,182.9,170.0,182.9,Orthodox,1979-01-09,http://ufcstats.com/fighter-details/fe435e440b5de0ff
Henrique Shiguemoto,Henrique,Shiguemoto,,180.3,185.0,182.9,Orthodox,1989-06-22,http://ufcstats.com/fighter-details/5d1700cfbaafbe06
Shunichi Shimizu,Shunichi,Shimizu,,165.1,135.0,,Orthodox,1985-01-31,http://ufcstats.com/fighter-details/10657c60ce349e0f
Youmin Shin,Youmin,Shin,,,135.0,,,,http://ufcstats.com/fighter-details/b94ac19bad67a389
Wade Shipp,Wade,Shipp,The Nightmare,190.5,245.0,,Orthodox,1975-02-09,http://ufcstats.com/fighter-details/a9a314cc77d90b6e
Raja Shippen,Raja,Shippen,,167.6,145.0,,,1986-10-07,http://ufcstats.com/fighter-details/d9e1942637bd57a4
Yuya Shirai,Yuya,Shirai,,172.7,168.0,,Orthodox,1980-04-02,http://ufcstats.com/fighter-details/a79bfbc01b2264d6
Wes Shivers,Wes,Shivers,,203.2,,,,,http://ufcstats.com/fighter-details/ad863b0d57952c57
Alexander Shlemenko,Alexander,Shlemenko,Storm,180.3,185.0,,,1984-05-20,http://ufcstats.com/fighter-details/ed3ea649b34ddb6c
Josh Shockley,Josh,Shockley,,185.4,155.0,,Orthodox,1989-11-15,http://ufcstats.com/fighter-details/1d36f1ac66cf689d
Josh Shockman,Josh,Shockman,The War Hammer,193.0,235.0,,Southpaw,1980-12-29,http://ufcstats.com/fighter-details/821cd80aab70d5f9
Akira Shoji,Akira,Shoji,,172.7,195.0,,Orthodox,1974-01-31,http://ufcstats.com/fighter-details/b0c95dc8e858452c
Liudvik Sholinian,Liudvik,Sholinian,Palmeyros,177.8,135.0,180.3,Orthodox,1990-01-20,http://ufcstats.com/fighter-details/1a54231796e24a3f
Jack Shore,Jack,Shore,Tank,172.7,145.0,180.3,Orthodox,1995-02-06,http://ufcstats.com/fighter-details/b8a85389d115e35a
Landon Showalter,Landon,Showalter,The Show,182.9,185.0,,,1976-06-14,http://ufcstats.com/fighter-details/35cc17760b06f36d
Ivan Shtyrkov,Ivan,Shtyrkov,Ural Hulk,182.9,205.0,188.0,Orthodox,1988-06-09,http://ufcstats.com/fighter-details/1f4b1d7d12601c5f
Brandon Shuey,Brandon,Shuey,Big Dawg,170.2,155.0,,Orthodox,1976-02-01,http://ufcstats.com/fighter-details/585f9ffdb0cd0466
Ronal Siahaan,Ronal,Siahaan,Naga Sakti,170.2,125.0,180.3,Southpaw,1996-05-05,http://ufcstats.com/fighter-details/762226efa2b01654
Sam Sicilia,Sam,Sicilia,,172.7,145.0,170.2,Orthodox,1986-02-01,http://ufcstats.com/fighter-details/b8aef0faf4ce9b31
Kiril Sidelnikov,Kiril,Sidelnikov,,180.3,230.0,,,1988-08-17,http://ufcstats.com/fighter-details/cf772fb504842dc3
Serhiy Sidey,Serhiy,Sidey,,180.3,135.0,182.9,Switch,1996-07-04,http://ufcstats.com/fighter-details/1a2bf44edb8055b6
Steven Siler,Steven,Siler,Super,180.3,145.0,177.8,Orthodox,1987-02-15,http://ufcstats.com/fighter-details/d188a3b817860ec6
Siala Siliga,Siala,Siliga,Mighty Mo,185.4,290.0,,Orthodox,1970-10-08,http://ufcstats.com/fighter-details/3cf68c1d17f66af7
Xavier Siller,Xavier,Siller,Young Guns,165.1,125.0,,,1994-06-06,http://ufcstats.com/fighter-details/9a08c2753184ac6d
Assuerio Silva,Assuerio,Silva,,177.8,241.0,,Orthodox,1974-06-18,http://ufcstats.com/fighter-details/e091482fa6648261
Anderson Silva,Anderson,Silva,The Spider,188.0,185.0,195.6,Southpaw,1975-04-14,http://ufcstats.com/fighter-details/1f454354805b6f75
Wanderlei Silva,Wanderlei,Silva,The Axe Murderer,180.3,205.0,188.0,Orthodox,1976-07-03,http://ufcstats.com/fighter-details/a1f6999fe57236e0
Thiago Silva,Thiago,Silva,,188.0,205.0,188.0,Orthodox,1982-11-12,http://ufcstats.com/fighter-details/2924886ee9c4c527
Paulo Cesar Silva,Paulo Cesar,Silva,Giant,226.1,385.0,,Orthodox,1963-07-21,http://ufcstats.com/fighter-details/55b8dc4e54fe2c59
Jean Silva,Jean,Silva,White Bear,167.6,160.0,,Orthodox,1977-10-08,http://ufcstats.com/fighter-details/9211aae062b799d6
Edson Silva,Edson,Silva,Paredao,,205.0,,Orthodox,,http://ufcstats.com/fighter-details/a1153013cb5f628f
Sidney Silva,Sidney,Silva,,190.5,170.0,,Southpaw,1972-02-27,http://ufcstats.com/fighter-details/a6c32678efd4f434
Jay Silva,Jay,Silva,,188.0,185.0,,Southpaw,,http://ufcstats.com/fighter-details/53bb0d40905b87c0
Antonio Silva,Antonio,Silva,Bigfoot,193.0,264.0,208.3,Orthodox,1979-09-14,http://ufcstats.com/fighter-details/8349d55cdecd393a
Fabio Silva,Fabio,Silva,,180.3,205.0,,Orthodox,1982-03-31,http://ufcstats.com/fighter-details/2ba479b409011527
Erick Silva,Erick,Silva,,182.9,170.0,188.0,Orthodox,1984-06-21,http://ufcstats.com/fighter-details/5866fc86183a9fb8
Leandro Silva,Leandro,Silva,Buscape,175.3,155.0,182.9,Orthodox,1985-11-11,http://ufcstats.com/fighter-details/159da492e000afbf
Claudio Silva,Claudio,Silva,Hannibal,180.3,170.0,180.3,Southpaw,1982-09-06,http://ufcstats.com/fighter-details/6f7c616b98e18c29
Wagner Silva,Wagner,Silva,Wagnao,182.9,170.0,,Orthodox,1987-02-07,http://ufcstats.com/fighter-details/fb79582c410d049e
Rafael Silva,Rafael,Silva,Morcego,170.2,135.0,,,1985-03-20,http://ufcstats.com/fighter-details/a31358d90d4bb40a
Joaquim Silva,Joaquim,Silva,Netto BJJ,172.7,155.0,175.3,Southpaw,1989-02-05,http://ufcstats.com/fighter-details/ae7fe94f117f98cf
Felipe Silva,Felipe,Silva,,182.9,155.0,195.6,Orthodox,1984-05-08,http://ufcstats.com/fighter-details/1b38a2b897f6209c
Dayana Silva,Dayana,Silva,,170.2,135.0,,Orthodox,1990-08-27,http://ufcstats.com/fighter-details/b19aecbfbb5508cc
Bruno Silva,Bruno,Silva,Bulldog,162.6,125.0,165.1,Orthodox,1990-03-16,http://ufcstats.com/fighter-details/294aa73dbf37d281
Bruno Silva,Bruno,Silva,Blindado,182.9,185.0,188.0,Orthodox,1989-07-13,http://ufcstats.com/fighter-details/12ebd7d157e91701
Gabriel Silva,Gabriel,Silva,,167.6,135.0,180.3,Orthodox,1994-08-26,http://ufcstats.com/fighter-details/002ca196477ce572
Jacob Silva,Jacob,Silva,Lil Animal,165.1,125.0,170.2,Orthodox,1988-02-23,http://ufcstats.com/fighter-details/f6f2ea21a67be3a7
Natalia Silva,Natalia,Silva,,162.6,125.0,165.1,Southpaw,1997-02-03,http://ufcstats.com/fighter-details/262d32ebda89efc4
Jansey Silva,Jansey,Silva,Jones,188.0,185.0,170.2,Orthodox,1995-05-30,http://ufcstats.com/fighter-details/0d09efd31eb9fadf
Maria Silva,Maria,Silva,Viuva Negra,160.0,115.0,162.6,Orthodox,1995-12-19,http://ufcstats.com/fighter-details/4408865b4e65e374
Karine Silva,Karine,Silva,Killer,165.1,125.0,170.2,Orthodox,1993-12-02,http://ufcstats.com/fighter-details/9d62c2d8ee151f08
Erik Silva,Erik,Silva,The King,175.3,145.0,180.3,Orthodox,1987-03-16,http://ufcstats.com/fighter-details/21b813b919776d90
Janaina Silva,Janaina,Silva,Jana-Iron-Hand,154.9,115.0,152.4,Orthodox,1992-02-16,http://ufcstats.com/fighter-details/4784a5b4a452464a
Jhonata Silva,Jhonata,Silva,,165.1,125.0,167.6,Orthodox,1997-04-24,http://ufcstats.com/fighter-details/4e33534d1e036444
Jean Silva,Jean,Silva,Lord,170.2,145.0,175.3,Orthodox,1996-12-27,http://ufcstats.com/fighter-details/52ef95b5860fb28c
Danny Silva,Danny,Silva,El Puma,180.3,145.0,177.8,Switch,1997-01-30,http://ufcstats.com/fighter-details/d964a59c48381cb6
Frank Silva,Frank,Silva,De Black,,125.0,,,2004-08-25,http://ufcstats.com/fighter-details/79f60d34ad48d7a3
Samuel Silva,Samuel,Silva,Caveira,182.9,155.0,182.9,Orthodox,1996-01-02,http://ufcstats.com/fighter-details/04e0507b94014dbb
Douglas Silva de Andrade,Douglas,Silva de Andrade,D Silva,170.2,135.0,172.7,Orthodox,1985-06-22,http://ufcstats.com/fighter-details/3a314d9fa7c6825d
Leonardo Silva de Oliveira,Leonardo,Silva de Oliveira,Cabecao,188.0,185.0,,Orthodox,1992-04-23,http://ufcstats.com/fighter-details/28e088bbcaaa6366
Marcus Silveira,Marcus,Silveira,Conan,190.5,242.0,,Orthodox,,http://ufcstats.com/fighter-details/f717b6002486f73f
Elias Silverio,Elias,Silverio,Xuxu,180.3,155.0,185.4,Orthodox,1986-09-22,http://ufcstats.com/fighter-details/52ba464d9068d871
Sim Kai Xiong,Sim,Kai Xiong,Kobra,167.6,135.0,170.2,Orthodox,1997-09-06,http://ufcstats.com/fighter-details/79e2cb1e813f881b
Jamey Simmons,Jamey,Simmons,The Afro Samurai,167.6,135.0,177.8,Orthodox,1992-09-11,http://ufcstats.com/fighter-details/f0fad0e9f3b65752
Ricky Simon,Ricky,Simon,,167.6,135.0,175.3,Orthodox,1992-08-31,http://ufcstats.com/fighter-details/5987b2458f4b5290
Aaron Simpson,Aaron,Simpson,A-Train,182.9,170.0,185.4,Orthodox,1974-07-20,http://ufcstats.com/fighter-details/d5f820c11a121050
Wes Sims,Wes,Sims,The Project,208.3,260.0,,Orthodox,1979-08-04,http://ufcstats.com/fighter-details/e0f7c4f3f67bc808
Marlon Sims,Marlon,Sims,,,170.0,,,,http://ufcstats.com/fighter-details/9eedac48b497de5a
Tony Sims,Tony,Sims,,180.3,155.0,177.8,Southpaw,1985-10-14,http://ufcstats.com/fighter-details/57bad6a84230f0c9
Everett Sims,Everett,Sims,Sexual Chocolate,195.6,260.0,195.6,Southpaw,1988-09-04,http://ufcstats.com/fighter-details/59c6d5af765df641
Lodune Sincaid,Lodune,Sincaid,,175.3,185.0,,Orthodox,1973-05-07,http://ufcstats.com/fighter-details/265589bdd93e7ce5
Rob Sinclair,Rob,Sinclair,,172.7,155.0,,,1980-02-20,http://ufcstats.com/fighter-details/3b65c9dd39741bc4
Rory Singer,Rory,Singer,Outburst,188.0,185.0,195.6,Orthodox,1976-05-28,http://ufcstats.com/fighter-details/546015aa2ad945fd
Rana Rudra Pratap Singh,Rana Rudra Pratap,Singh,Ashwathama,177.8,135.0,175.3,Orthodox,1997-05-09,http://ufcstats.com/fighter-details/254ed71756cfd18c
Kiran Singh,Kiran,Singh,Stubborn,154.9,115.0,165.1,Orthodox,2000-07-25,http://ufcstats.com/fighter-details/f985ca2370a37078
Elvis Sinosic,Elvis,Sinosic,The King of Rock n' Rumble,190.5,205.0,195.6,Orthodox,1971-02-13,http://ufcstats.com/fighter-details/817e0bdf08efce2e
Mitchell Sipe,Mitchell,Sipe,No Dice,188.0,245.0,,Orthodox,1996-04-09,http://ufcstats.com/fighter-details/71ef1111bf829b82
Gian Siqueira,Gian,Siqueira,Pitbull,185.4,170.0,188.0,Orthodox,1994-06-23,http://ufcstats.com/fighter-details/a46fdda658fee832
Jamie Siraj,Jamie,Siraj,The Gremlin,,145.0,,,1994-06-28,http://ufcstats.com/fighter-details/e6679e38e7fab7a8
Jeremia Siregar,Jeremia,Siregar,The Teacher,157.5,125.0,160.0,Orthodox,1991-07-27,http://ufcstats.com/fighter-details/a7ac3b1b0c4146db
AJ Siscoe,AJ,Siscoe,Let's Go,170.2,135.0,,,,http://ufcstats.com/fighter-details/fce9b4056a8ef559
Yokthai Sithoar,Yokthai,Sithoar,,170.2,143.0,,,1974-12-25,http://ufcstats.com/fighter-details/436cdea7bdfdc016
Jeri Sitzes,Jeri,Sitzes,,165.1,125.0,,,,http://ufcstats.com/fighter-details/44a1dd0ef4373edc
Dennis Siver,Dennis,Siver,,167.6,145.0,177.8,Orthodox,1979-01-13,http://ufcstats.com/fighter-details/5f87a5c00b3d17ed
Chas Skelly,Chas,Skelly,The Scrapper,180.3,145.0,182.9,Orthodox,1985-05-11,http://ufcstats.com/fighter-details/4bd6b4800070b069
Matt Skelton,Matt,Skelton,,190.5,265.0,,Orthodox,1967-01-23,http://ufcstats.com/fighter-details/caced97768818230
Zach Skinner,Zach,Skinner,,167.6,145.0,,Orthodox,,http://ufcstats.com/fighter-details/c337c3c85b1871e0
Brian Sleeman,Brian,Sleeman,,172.7,185.0,,,,http://ufcstats.com/fighter-details/9db861c26b63daa8
Joe Slick,Joe,Slick,,182.9,199.0,,Orthodox,1977-10-17,http://ufcstats.com/fighter-details/80e6d71e14c1d356
Ray Sloan,Ray,Sloan,,185.4,205.0,,,1985-07-14,http://ufcstats.com/fighter-details/a2d1d3d144fed708
Kestutis Smirnovas,Kestutis,Smirnovas,,177.8,200.0,,Orthodox,,http://ufcstats.com/fighter-details/1979c80150f630c4
Maurice Smith,Maurice,Smith,,188.0,221.0,,Orthodox,1961-12-13,http://ufcstats.com/fighter-details/33e33d51f289d2a1
Patrick Smith,Patrick,Smith,,188.0,225.0,,Orthodox,1963-08-28,http://ufcstats.com/fighter-details/46c8ec317aff28ac
Scott Smith,Scott,Smith,Hands of Steel,182.9,185.0,177.8,Orthodox,1979-05-21,http://ufcstats.com/fighter-details/3410cf010558dc8b
Eric Smith,Eric,Smith,,,,,Southpaw,,http://ufcstats.com/fighter-details/9114c8ded5ccd71d
Josh Smith,Josh,Smith,,182.9,155.0,,Orthodox,1982-07-02,http://ufcstats.com/fighter-details/f626aa1c85f8af03
David Smith,David,Smith,,,155.0,,,,http://ufcstats.com/fighter-details/e955046551f8c7dd
Adam Smith,Adam,Smith,,,,,,,http://ufcstats.com/fighter-details/754968e325d6f60d
Dillon Smith,Dillon,Smith,,182.9,170.0,,,,http://ufcstats.com/fighter-details/ffee353f55e3aa2c
Trevor Smith,Trevor,Smith,Hot Sauce,190.5,185.0,190.5,Orthodox,1981-01-05,http://ufcstats.com/fighter-details/f797f0c57a83353e
Anthony Smith,Anthony,Smith,Lionheart,193.0,205.0,193.0,Orthodox,1988-07-26,http://ufcstats.com/fighter-details/d4c9dcd330403612
Colton Smith,Colton,Smith,,182.9,155.0,180.3,Orthodox,1987-08-14,http://ufcstats.com/fighter-details/2e25c1d983c26311
Gilbert Smith,Gilbert,Smith,,175.3,185.0,,Southpaw,1981-10-19,http://ufcstats.com/fighter-details/54ed8dc6f8c31207
Leslie Smith,Leslie,Smith,The Peacemaker,175.3,135.0,167.6,Orthodox,1982-08-17,http://ufcstats.com/fighter-details/76984112f697631f
Devonte Smith,Devonte,Smith,King Kage,175.3,155.0,193.0,Orthodox,1993-07-30,http://ufcstats.com/fighter-details/207773daeb4afa7b
Cole Smith,Cole,Smith,The Cole Train,180.3,135.0,170.2,Orthodox,1989-04-05,http://ufcstats.com/fighter-details/56709e66f1c6008f
Nate Smith,Nate,Smith,The Savage,167.6,125.0,175.3,Switch,1995-04-09,http://ufcstats.com/fighter-details/0bbb69f69c9a2eea
Braxton Smith,Braxton,Smith,The Beautiful Monster,180.3,257.0,182.9,Orthodox,1990-01-01,http://ufcstats.com/fighter-details/eaa9402e5a7990ad
Elijah Smith,Elijah,Smith,Swift,175.3,135.0,180.3,Orthodox,2002-09-05,http://ufcstats.com/fighter-details/7478b7f959ba61f5
Jacobe Smith,Jacobe,Smith,Cobe,177.8,170.0,182.9,Southpaw,1996-01-17,http://ufcstats.com/fighter-details/85497ffd934ecf7e
Hunter Smith,Hunter,Smith,Headshot,,155.0,,,1998-10-27,http://ufcstats.com/fighter-details/c3217a727e43b0cd
Walter Smith-Cotito,Walter,Smith-Cotito,,172.7,135.0,,,,http://ufcstats.com/fighter-details/625b65b45c1c6888
Justin Smitley,Justin,Smitley,,,145.0,,,,http://ufcstats.com/fighter-details/c5776fa8f4bf77aa
Dmitrii Smoliakov,Dmitrii,Smoliakov,The Lifeguard,188.0,253.0,188.0,Switch,1982-08-05,http://ufcstats.com/fighter-details/75afb06215a07341
Louis Smolka,Louis,Smolka,Da Last Samurai,175.3,135.0,172.7,Orthodox,1991-07-16,http://ufcstats.com/fighter-details/d2bc285ead803db0
Cameron Smotherman,Cameron,Smotherman,The Baby-Faced Killa,175.3,135.0,175.3,Orthodox,1997-09-17,http://ufcstats.com/fighter-details/5c84f673b7bb7c15
Shimon Smotritsky,Shimon,Smotritsky,The Assassin,188.0,170.0,188.0,Orthodox,2000-08-22,http://ufcstats.com/fighter-details/1b0491ef0f9c965e
Richie Smullen,Richie,Smullen,,175.3,155.0,172.7,Orthodox,1991-08-17,http://ufcstats.com/fighter-details/f75c5ca0d91b9115
Devin Smyth,Devin,Smyth,,177.8,170.0,182.9,Switch,1995-07-21,http://ufcstats.com/fighter-details/7684c8137b4545ba
Denis Sobolev,Denis,Sobolev,,190.5,216.0,,Orthodox,,http://ufcstats.com/fighter-details/03b1e846b09f721d
Peter Sobotta,Peter,Sobotta,,182.9,170.0,190.5,Southpaw,1987-01-11,http://ufcstats.com/fighter-details/1fcfc3709fe58151
Renato Sobral,Renato,Sobral,Babalu,185.4,205.0,190.5,Orthodox,1975-09-07,http://ufcstats.com/fighter-details/d468288756ae3982
Rameau Thierry Sokoudjou,Rameau Thierry,Sokoudjou,The African Assassin,177.8,205.0,198.1,Orthodox,1984-04-18,http://ufcstats.com/fighter-details/d1152823307d7e7c
Axel Sola,Axel,Sola,,188.0,170.0,188.0,Southpaw,1997-09-17,http://ufcstats.com/fighter-details/1d2d98ddd05b38fb
Alexander Soldatkin,Alexander,Soldatkin,,188.0,250.0,190.5,Orthodox,1993-06-10,http://ufcstats.com/fighter-details/f1451d605bad178e
Joe Solecki,Joe,Solecki,,175.3,155.0,177.8,Orthodox,1993-08-27,http://ufcstats.com/fighter-details/af65aa688d13eedf
Chris Solomon,Chris,Solomon,,180.3,155.0,,,,http://ufcstats.com/fighter-details/324c7a749128df8d
Joe Son,Joe,Son,,162.6,236.0,,Orthodox,1970-11-22,http://ufcstats.com/fighter-details/83b743fedde154fb
Paul Song,Paul,Song,,,185.0,,,,http://ufcstats.com/fighter-details/9775eabcb1be1a00
Song Kenan,Song,Kenan,The Assassin,182.9,170.0,180.3,Orthodox,1990-03-10,http://ufcstats.com/fighter-details/32490e80ddab1e5a
Song Yadong,Song,Yadong,Kung Fu Kid,172.7,135.0,170.2,Orthodox,1997-12-02,http://ufcstats.com/fighter-details/efb96bf3e9ada36f
YoungJae Song,YoungJae,Song,Super Rookie,170.2,145.0,177.8,Orthodox,1996-01-03,http://ufcstats.com/fighter-details/0efb0d4ebb950fcb
Hyeonjong Song,Hyeonjong,Song,,,135.0,,,2002-04-23,http://ufcstats.com/fighter-details/c5dc1bf9b78f262c
Emrah Sonmez,Emrah,Sonmez,Anatolian Wolf,177.8,145.0,180.3,Orthodox,1992-06-26,http://ufcstats.com/fighter-details/fe759b24e344d7eb
Chael Sonnen,Chael,Sonnen,,185.4,205.0,185.4,Southpaw,1977-04-03,http://ufcstats.com/fighter-details/48d1f690b763934c
Cody Sons,Cody,Sons,,175.3,205.0,,,,http://ufcstats.com/fighter-details/3324129f3745b300
Jin Soo Son,Jin,Soo Son,,167.6,135.0,175.3,Orthodox,1993-04-01,http://ufcstats.com/fighter-details/7c9c6a884be167fe
Benardo Sopaj,Benardo,Sopaj,Lion King,167.6,135.0,167.6,Orthodox,2000-09-25,http://ufcstats.com/fighter-details/b6c37948cb226e8c
Emiliano Sordi,Emiliano,Sordi,He-Man,188.0,205.0,,Orthodox,1991-02-15,http://ufcstats.com/fighter-details/4c9b84d559822830
Sean Soriano,Sean,Soriano,,175.3,145.0,177.8,Orthodox,1989-10-06,http://ufcstats.com/fighter-details/bd5403efbaa445c0
Punahele Soriano,Punahele,Soriano,Puna,180.3,170.0,182.9,Southpaw,1992-11-22,http://ufcstats.com/fighter-details/64facb6cc564262d
Hecher Sosa,Hecher,Sosa,Guanche Warrior,175.3,135.0,177.8,Orthodox,1995-08-25,http://ufcstats.com/fighter-details/ec3bd30378d63dd1
Dmitry Sosnovskiy,Dmitry,Sosnovskiy,Wicked Machine,190.5,240.0,195.6,Orthodox,1989-07-06,http://ufcstats.com/fighter-details/85ff1b9471d35238
Ben Sosoli,Ben,Sosoli,Combat Wombat,182.9,265.0,182.9,Southpaw,1989-12-10,http://ufcstats.com/fighter-details/326f94d6cfb1bf25
Krzysztof Soszynski,Krzysztof,Soszynski,The Polish Experiment,185.4,205.0,195.6,Open Stance,1977-08-02,http://ufcstats.com/fighter-details/59583ff832fe9d68
George Sotiropoulos,George,Sotiropoulos,,177.8,155.0,180.3,Orthodox,1977-07-09,http://ufcstats.com/fighter-details/896c322f56b8be5a
Greg Soto,Greg,Soto,,180.3,170.0,185.4,Orthodox,1986-06-03,http://ufcstats.com/fighter-details/9c669abd35b2522f
Alex Soto,Alex,Soto,Extremo,172.7,135.0,,Southpaw,1984-02-15,http://ufcstats.com/fighter-details/d18dbcb0f8e2b55d
Joe Soto,Joe,Soto,One Bad Mofo,167.6,135.0,165.1,Orthodox,1987-03-22,http://ufcstats.com/fighter-details/a4e85a58fbce64b2
Mario Soto,Mario,Soto,Dr. Mario,182.9,145.0,,,,http://ufcstats.com/fighter-details/cac3aaa66c20bee1
Andre Soukhamthath,Andre,Soukhamthath,The Asian Sensation,175.3,135.0,177.8,Orthodox,1988-10-23,http://ufcstats.com/fighter-details/d0e50a3d1b250708
Mario Sousa,Mario,Sousa,Coracao Valente,190.5,185.0,200.7,Orthodox,1996-10-20,http://ufcstats.com/fighter-details/72782745eb47161a
Manoel Sousa,Manoel,Sousa,Manumito,175.3,155.0,177.8,Orthodox,1997-06-04,http://ufcstats.com/fighter-details/5870c541798124ae
Bobby Southworth,Bobby,Southworth,,188.0,205.0,,Orthodox,1969-12-16,http://ufcstats.com/fighter-details/aee8eecfc4bfb1e7
Jacare Souza,Jacare,Souza,,185.4,185.0,182.9,Orthodox,1979-12-07,http://ufcstats.com/fighter-details/7a703c565ccaa18f
Edimilson Souza,Edimilson,Souza,Kevin,182.9,145.0,188.0,Orthodox,1984-10-17,http://ufcstats.com/fighter-details/6c7020b859c7a3ce
Livinha Souza,Livinha,Souza,The Brazilian Gangsta,160.0,115.0,160.0,Orthodox,1991-03-11,http://ufcstats.com/fighter-details/dab8cfbb6b1db10a
Bruno Souza,Bruno,Souza,The Tiger,177.8,145.0,177.8,Orthodox,1996-03-07,http://ufcstats.com/fighter-details/0e5c4e72237461bb
Jose Souza,Jose,Souza,Canela,190.5,170.0,200.7,Orthodox,2002-05-23,http://ufcstats.com/fighter-details/20a0e4cc5227c117
Ketlen Souza,Ketlen,Souza,Esquentadinha,160.0,115.0,160.0,Orthodox,1994-08-18,http://ufcstats.com/fighter-details/8bd4200561c77a62
Heraldo Souza,Heraldo,Souza,Savage,180.3,185.0,185.4,Orthodox,1994-12-15,http://ufcstats.com/fighter-details/22b43be04d7454d0
Charon Spain,Charon,Spain,,175.3,155.0,,,1988-03-11,http://ufcstats.com/fighter-details/c278e8843b8abfec
Chris Spang,Chris,Spang,The Kiss,188.0,170.0,,Orthodox,1987-11-26,http://ufcstats.com/fighter-details/411d012af19ecb59
Andreas Spang,Andreas,Spang,Sweet Swede,185.4,185.0,,,1978-11-07,http://ufcstats.com/fighter-details/b9eb5b4ed07d1525
Ryan Spann,Ryan,Spann,Superman,195.6,205.0,200.7,Orthodox,1991-08-24,http://ufcstats.com/fighter-details/a67f5afa8d6a1b80
Ron Sparks,Ron,Sparks,The Monster,195.6,265.0,,,,http://ufcstats.com/fighter-details/743fd9080892501d
Marina Spasic,Marina,Spasic,Maki Beki,,115.0,,,1994-07-11,http://ufcstats.com/fighter-details/5847c1a960bb23af
Tommy Speer,Tommy,Speer,,177.8,170.0,180.3,Orthodox,1984-08-20,http://ufcstats.com/fighter-details/1411c630ba711b64
Patrick Speight,Patrick,Speight,,185.4,170.0,,Orthodox,,http://ufcstats.com/fighter-details/ae4650eb56ab6a11
Sean Spencer,Sean,Spencer,Black Magic,177.8,170.0,188.0,Orthodox,1987-06-25,http://ufcstats.com/fighter-details/ab850a77a0fa487d
Felicia Spencer,Felicia,Spencer,FeeNom,167.6,145.0,172.7,Orthodox,1990-11-29,http://ufcstats.com/fighter-details/39d91e95949de3d9
Sam Spengler,Sam,Spengler,The Ram,180.3,185.0,,Orthodox,,http://ufcstats.com/fighter-details/221b2a3070c7ce3e
Nick Sperling,Nick,Sperling,,,135.0,,,,http://ufcstats.com/fighter-details/7d68f3bec89e08ec
Mario Sperry,Mario,Sperry,Zen Machine,188.0,205.0,,Orthodox,1966-09-28,http://ufcstats.com/fighter-details/5f2197acaba7d5ef
Eric Spicely,Eric,Spicely,Zebrinha,185.4,185.0,185.4,Orthodox,1986-09-29,http://ufcstats.com/fighter-details/b9664eae2ac75262
Waachiim Spiritwolf,Waachiim,Spiritwolf,Native Warrior,172.7,170.0,,,,http://ufcstats.com/fighter-details/71caa995674203aa
Daniel Spitz,Daniel,Spitz,,200.7,245.0,208.3,Orthodox,1990-07-31,http://ufcstats.com/fighter-details/f86cb5f25d545e0e
Serghei Spivac,Serghei,Spivac,Polar Bear,190.5,260.0,198.1,Orthodox,1995-01-24,http://ufcstats.com/fighter-details/e2f6b2769aaedd6c
Daniel Spohn,Daniel,Spohn,Dragon,193.0,205.0,200.7,Southpaw,1984-10-12,http://ufcstats.com/fighter-details/87f3bbf52e6c9dc9
Pete Spratt,Pete,Spratt,The Secret Weapon,175.3,170.0,,Orthodox,1971-01-09,http://ufcstats.com/fighter-details/c3ea8deeba00462b
Austin Springer,Austin,Springer,,172.7,145.0,180.3,Orthodox,1987-05-12,http://ufcstats.com/fighter-details/37cc294027f55e4d
Georges St-Pierre,Georges,St-Pierre,Rush,180.3,185.0,193.0,Orthodox,1981-05-19,http://ufcstats.com/fighter-details/6506c1d34da9c013
Bobby Stack,Bobby,Stack,,175.3,155.0,,Orthodox,,http://ufcstats.com/fighter-details/6436029b50a9c255
Andreas Stahl,Andreas,Stahl,Real Steel,180.3,170.0,,Orthodox,1988-05-20,http://ufcstats.com/fighter-details/69a400af4420cd6a
Ron Stallings,Ron,Stallings,The Choir Boy,188.0,170.0,190.5,Southpaw,1983-01-25,http://ufcstats.com/fighter-details/6dd758d34da8d254
Cody Stamann,Cody,Stamann,The Spartan,167.6,135.0,162.6,Orthodox,1989-11-09,http://ufcstats.com/fighter-details/bf7ad5628363eec9
Cristina Stanciu,Cristina,Stanciu,Barbie,160.0,115.0,,Orthodox,1994-03-29,http://ufcstats.com/fighter-details/175852708cb55776
Brian Stann,Brian,Stann,All American,185.4,205.0,188.0,Orthodox,1980-09-24,http://ufcstats.com/fighter-details/579fcdfcabd23a7b
Josh Stansbury,Josh,Stansbury,The Sandman,188.0,205.0,188.0,Orthodox,1984-11-19,http://ufcstats.com/fighter-details/30ea504870f8597b
Dion Staring,Dion,Staring,Soldier,185.4,235.0,,Orthodox,1978-06-09,http://ufcstats.com/fighter-details/289a57039d742bfe
Lucas Stark,Lucas,Stark,,,155.0,,,,http://ufcstats.com/fighter-details/93e4754d0984c82f
Clifford Starks,Clifford,Starks,,182.9,185.0,198.1,Orthodox,1981-04-25,http://ufcstats.com/fighter-details/5abf827d62f98fee
Kalib Starnes,Kalib,Starnes,,190.5,185.0,188.0,Orthodox,1975-01-06,http://ufcstats.com/fighter-details/c8136ab8aa32c974
Laureano Staropoli,Laureano,Staropoli,Pepi,185.4,185.0,180.3,Orthodox,1993-02-27,http://ufcstats.com/fighter-details/a12a8314adc1c1c9
Damian Stasiak,Damian,Stasiak,Webster,165.1,135.0,177.8,Orthodox,1990-02-20,http://ufcstats.com/fighter-details/42a7e90605df3c8a
Adam Steele,Adam,Steele,,,170.0,,,,http://ufcstats.com/fighter-details/16044bd8762cf794
Dominique Steele,Dominique,Steele,Non-Stop Action-Packed,177.8,170.0,188.0,Orthodox,1988-01-27,http://ufcstats.com/fighter-details/68c11c27d4d56572
Ricky Steele,Ricky,Steele,The Karate Kid,175.3,135.0,188.0,Orthodox,1988-05-26,http://ufcstats.com/fighter-details/09a6ed4ee97a5606
Kody Steele,Kody,Steele,,175.3,155.0,180.3,Orthodox,1995-04-21,http://ufcstats.com/fighter-details/aebaa8cec15b083d
Eric Steenberg,Eric,Steenberg,,,155.0,,,1983-06-22,http://ufcstats.com/fighter-details/377bc9dc0b2745f9
Steve Steinbeiss,Steve,Steinbeiss,The Hooligan,190.5,185.0,190.5,Orthodox,1981-05-05,http://ufcstats.com/fighter-details/0b5b6876c2a4723f
Ray Steinbeiss,Ray,Steinbeiss,Ipswitch Cobra,180.3,170.0,,Orthodox,1979-09-12,http://ufcstats.com/fighter-details/6000b5ae6c462142
Dmitri Stepanov,Dmitri,Stepanov,,190.5,217.0,,Orthodox,,http://ufcstats.com/fighter-details/738acab0c6934dd8
Jeremy Stephens,Jeremy,Stephens,Lil' Heathen,175.3,155.0,180.3,Orthodox,1986-05-25,http://ufcstats.com/fighter-details/18968f97ad34f15c
Aljamain Sterling,Aljamain,Sterling,Funk Master,170.2,145.0,180.3,Orthodox,1989-07-31,http://ufcstats.com/fighter-details/cb696ebfb6598724
Marc Stevens,Marc,Stevens,,175.3,155.0,,,,http://ufcstats.com/fighter-details/310c4d4b2b32796b
Joe Stevenson,Joe,Stevenson,Daddy,170.2,145.0,177.8,Orthodox,1982-06-15,http://ufcstats.com/fighter-details/79899ecf62020f6d
Maia Stevenson,Maia,Stevenson,,162.6,115.0,157.5,Orthodox,1982-03-19,http://ufcstats.com/fighter-details/2fee10d5cf86bfca
Gable Steveson,Gable,Steveson,,,249.0,,,2000-05-31,http://ufcstats.com/fighter-details/f7e856a73c96048e
Luke Stewart,Luke,Stewart,,180.3,170.0,,Orthodox,,http://ufcstats.com/fighter-details/27b1a406ac171b19
Darren Stewart,Darren,Stewart,The Dentist,182.9,205.0,188.0,Orthodox,1990-12-30,http://ufcstats.com/fighter-details/a17ad5a5048e8c3f
Kyle Stewart,Kyle,Stewart,Gunz Up,182.9,170.0,193.0,Orthodox,1989-01-31,http://ufcstats.com/fighter-details/bb61823f76361297
Alex Stiebling,Alex,Stiebling,The Brazilian Killa,188.0,205.0,,Southpaw,,http://ufcstats.com/fighter-details/df5a77121ba84a5d
Tyler Stinson,Tyler,Stinson,The Evolution,190.5,170.0,,,1986-01-17,http://ufcstats.com/fighter-details/2cf520143e76cd2e
Navajo Stirling,Navajo,Stirling,,193.0,205.0,200.7,Orthodox,1997-11-07,http://ufcstats.com/fighter-details/b4b496ec2197ee3e
Dan Stittgen,Dan,Stittgen,The Anvil,185.4,170.0,,Orthodox,1980-11-17,http://ufcstats.com/fighter-details/cc3147b49c7d7d92
Lazar Stojadinovic,Lazar,Stojadinovic,The Bronx Bomber,170.2,145.0,172.7,Southpaw,1989-03-22,http://ufcstats.com/fighter-details/4d25497994da569c
Denis Stojnic,Denis,Stojnic,,182.9,245.0,,Orthodox,1980-02-02,http://ufcstats.com/fighter-details/a421465acbe59c77
Julija Stoliarenko,Julija,Stoliarenko,,170.2,125.0,167.6,Orthodox,1993-04-08,http://ufcstats.com/fighter-details/a78a87d8c2bbb1cb
Dustin Stoltzfus,Dustin,Stoltzfus,,182.9,185.0,190.5,Orthodox,1991-11-15,http://ufcstats.com/fighter-details/71505842fb6455c3
Niklas Stolze,Niklas,Stolze,Green Mask,185.4,155.0,188.0,Switch,1992-12-28,http://ufcstats.com/fighter-details/62f7097c04311193
Ken Stone,Ken,Stone,,172.7,135.0,180.3,Southpaw,1982-10-08,http://ufcstats.com/fighter-details/fbf0947399d14323
Ryan Stonitsch,Ryan,Stonitsch,,175.3,170.0,,Southpaw,1977-02-03,http://ufcstats.com/fighter-details/8d477c3fbe001f9d
George Stork,George,Stork,,177.8,185.0,,,,http://ufcstats.com/fighter-details/61dd409cb40d1a55
Rick Story,Rick,Story,The Horror,175.3,170.0,180.3,Southpaw,1984-08-28,http://ufcstats.com/fighter-details/5b5307450405abf0
Darko Stosic,Darko,Stosic,,182.9,205.0,193.0,Orthodox,1992-02-09,http://ufcstats.com/fighter-details/025f0b1b58fbad01
Greg Stott,Greg,Stott,Ranger,170.2,220.0,,Southpaw,,http://ufcstats.com/fighter-details/91181b29be041f1c
Curtis Stout,Curtis,Stout,,185.4,185.0,,Southpaw,1973-11-07,http://ufcstats.com/fighter-details/e09dbbd5fe3f0fe2
Sam Stout,Sam,Stout,Hands of Stone,175.3,155.0,177.8,Orthodox,1984-04-23,http://ufcstats.com/fighter-details/501b07aec9b8fc2d
Tim Stout,Tim,Stout,,180.3,185.0,,,1979-02-09,http://ufcstats.com/fighter-details/e1a4568fec1fc24f
Jesse Strader,Jesse,Strader,Sui Generis,170.2,135.0,177.8,Orthodox,1991-05-29,http://ufcstats.com/fighter-details/8c39367b53eadf8a
Gennaro Strangis,Gennaro,Strangis,,,,,,,http://ufcstats.com/fighter-details/495add4fbede0a44
Dave Strasser,Dave,Strasser,,177.8,170.0,,Orthodox,1969-07-13,http://ufcstats.com/fighter-details/980b4e712489098e
Daniel Straus,Daniel,Straus,,170.2,145.0,180.3,,1984-07-27,http://ufcstats.com/fighter-details/15347cd4cdf01b03
Gerald Strebendt,Gerald,Strebendt,The Finishing Machine,175.3,155.0,,Orthodox,1979-03-01,http://ufcstats.com/fighter-details/04f9fe830cf13482
Sean Strickland,Sean,Strickland,,185.4,185.0,193.0,Orthodox,1991-02-27,http://ufcstats.com/fighter-details/0d8011111be000b2
Mark Striegl,Mark,Striegl,Mugen,172.7,145.0,177.8,Southpaw,1988-06-23,http://ufcstats.com/fighter-details/ef1182eb28c17d4e
Hans Stringer,Hans,Stringer,,190.5,205.0,,Orthodox,1987-07-06,http://ufcstats.com/fighter-details/523f6ad11dbe9b53
Stefan Struve,Stefan,Struve,Skyscraper,210.8,265.0,213.4,Orthodox,1988-02-18,http://ufcstats.com/fighter-details/ebc1f40e00e0c481
Josh Stuart,Josh,Stuart,,175.3,160.0,,,,http://ufcstats.com/fighter-details/601cf40c09090853
Mike Stumpf,Mike,Stumpf,,177.8,170.0,,,1986-08-01,http://ufcstats.com/fighter-details/c0c36a5b3d5bbdd5
Kyle Sturgeon,Kyle,Sturgeon,,190.5,225.0,,Switch,,http://ufcstats.com/fighter-details/d30415ec5e8783cd
Tatiana Suarez,Tatiana,Suarez,,165.1,115.0,167.6,Southpaw,1990-12-19,http://ufcstats.com/fighter-details/b08012bbe542592a
Masanori Suda,Masanori,Suda,,175.3,183.0,,Orthodox,,http://ufcstats.com/fighter-details/3a7513372f79c8c8
Genki Sudo,Genki,Sudo,Neo-Samurai,175.3,155.0,,Orthodox,1978-03-08,http://ufcstats.com/fighter-details/99dd0147dc4ef80c
Lucasz Sudolski,Lucasz,Sudolski,,193.0,205.0,190.5,Orthodox,1993-06-15,http://ufcstats.com/fighter-details/b160e4f251283d70
Daisuke Sugie,Daisuke,Sugie,Amazon,167.6,160.0,,Orthodox,,http://ufcstats.com/fighter-details/8215e4fe24e8e81b
Takashi Sugiura,Takashi,Sugiura,,180.3,225.0,,Southpaw,1970-05-31,http://ufcstats.com/fighter-details/06c60fc2c8dcd7bd
Naho Sugiyuma,Naho,Sugiyuma,Sugi Rock,154.9,105.0,,,1978-02-03,http://ufcstats.com/fighter-details/b205d4f2ff44bc89
Sulangrangbo,,Sulangrangbo,,175.3,135.0,167.6,Southpaw,2005-07-17,http://ufcstats.com/fighter-details/1dd1a3aacde66f72
George Sullivan,George,Sullivan,The Silencer,182.9,170.0,185.4,Orthodox,1981-03-13,http://ufcstats.com/fighter-details/6c7e25571490aa3b
Amar Suloev,Amar,Suloev,,175.3,183.0,,Orthodox,1976-07-01,http://ufcstats.com/fighter-details/7aa88401f93ce836
Magomed Sultanakhmedov,Magomed,Sultanakhmedov,,188.0,185.0,,Southpaw,,http://ufcstats.com/fighter-details/fe1fdc6be470f773
Justin Sumter,Justin,Sumter,,188.0,185.0,203.2,Southpaw,1989-11-16,http://ufcstats.com/fighter-details/31f9a1f56cbb6ac5
Sumudaerji,,Sumudaerji,The Tibetan Eagle,172.7,125.0,182.9,Southpaw,1996-01-20,http://ufcstats.com/fighter-details/3cf18e01cb6cbde3
Rama Supandhi,Rama,Supandhi,Hellboy,165.1,125.0,167.6,Southpaw,1991-11-07,http://ufcstats.com/fighter-details/6d537248fe7cccf1
Aji Susilo,Aji,Susilo,,177.8,155.0,,,,http://ufcstats.com/fighter-details/22af3546bd967280
Baisangur Susurkaev,Baisangur,Susurkaev,The Real Hunter,188.0,185.0,200.7,Orthodox,2001-01-08,http://ufcstats.com/fighter-details/d1feea7a4bdcd503
Louie Sutherland,Louie,Sutherland,Vanilla Gorilla,190.5,264.0,193.0,Orthodox,1994-02-08,http://ufcstats.com/fighter-details/cdb7b38b1b357f26
Jason Suttie,Jason,Suttie,Nobunaga,182.9,210.0,,Orthodox,1973-08-07,http://ufcstats.com/fighter-details/cc5834a495d1ea08
Joel Sutton,Joel,Sutton,,180.3,205.0,,Orthodox,,http://ufcstats.com/fighter-details/a6a9ab5a824e8f66
Chad Sutton,Chad,Sutton,,185.4,185.0,,,1982-08-07,http://ufcstats.com/fighter-details/556347e2b0e33979
Danilo Suzart,Danilo,Suzart,,182.9,260.0,,Orthodox,1991-12-04,http://ufcstats.com/fighter-details/3d99e5aa85d7576a
Takaya Suzuki,Takaya,Suzuki,,,125.0,,,2004-09-04,http://ufcstats.com/fighter-details/81d59c1e07478361
Martin Svensson,Martin,Svensson,,185.4,155.0,,,1985-04-25,http://ufcstats.com/fighter-details/bcad7223af3c19da
Daniel Swain,Daniel,Swain,,175.3,145.0,177.8,Orthodox,1991-01-30,http://ufcstats.com/fighter-details/cc39185f2d7d89e4
Cub Swanson,Cub,Swanson,,172.7,145.0,177.8,Orthodox,1983-11-02,http://ufcstats.com/fighter-details/d247691a6c0e9034
Mike Swick,Mike,Swick,Quick,185.4,170.0,195.6,Orthodox,1979-06-19,http://ufcstats.com/fighter-details/9fe85152f351e737
Floyd Sword,Floyd,Sword,,182.9,185.0,,Orthodox,1976-08-24,http://ufcstats.com/fighter-details/5330fe7e4c3af81c
Oumar Sy,Oumar,Sy,,193.0,205.0,210.8,Orthodox,1995-11-21,http://ufcstats.com/fighter-details/46e2011d92463b7e
Klaudia Sygula,Klaudia,Sygula,,172.7,135.0,175.3,Orthodox,1998-12-30,http://ufcstats.com/fighter-details/9f5e3c20ce40b344
Bentley Syler,Bentley,Syler,Bolivia,162.6,125.0,,Orthodox,1982-12-22,http://ufcstats.com/fighter-details/abd2109bc4cb0291
Kevin Syler,Kevin,Syler,El Nino Bala,175.3,155.0,180.3,Switch,1993-07-29,http://ufcstats.com/fighter-details/9094a881a7513de3
Leo Sylvest,Leo,Sylvest,Lethal,180.3,205.0,,Orthodox,1973-09-03,http://ufcstats.com/fighter-details/58a36b4ccf5dc30e
Tony Sylvester,Tony,Sylvester,,185.4,225.0,,Southpaw,1978-01-27,http://ufcstats.com/fighter-details/87b7df65c30008c4
Tim Sylvia,Tim,Sylvia,The Maine-iac,203.2,265.0,203.2,Orthodox,1976-03-05,http://ufcstats.com/fighter-details/2a542ee8a8b83559
Kevin Szaflarski,Kevin,Szaflarski,,195.6,260.0,195.6,Orthodox,1994-12-30,http://ufcstats.com/fighter-details/d2d05dda5f887f87
Sebastian Szalay,Sebastian,Szalay,Seb,167.6,145.0,167.6,Orthodox,1994-02-03,http://ufcstats.com/fighter-details/f201f21cf2c79eb2
Bartosz Szewczyk,Bartosz,Szewczyk,,193.0,205.0,185.4,Orthodox,1997-09-18,http://ufcstats.com/fighter-details/224050896306f00c
Osamu Tachihikari,Osamu,Tachihikari,,195.6,300.0,,Orthodox,,http://ufcstats.com/fighter-details/e7bc606d269896aa
Amber Tackett,Amber,Tackett,,,115.0,,,,http://ufcstats.com/fighter-details/bb01bc3c57f39b04
Eugenio Tadeu,Eugenio,Tadeu,,172.7,160.0,,Orthodox,,http://ufcstats.com/fighter-details/f70144caea5c4c80
Albert Tadevosyan,Albert,Tadevosyan,Albeezy,,170.0,,,1992-04-12,http://ufcstats.com/fighter-details/6751b11102b6adfe
Justin Tafa,Justin,Tafa,Bad Man,182.9,264.0,188.0,Southpaw,1993-12-13,http://ufcstats.com/fighter-details/e13abac8089a801a
Junior Tafa,Junior,Tafa,The Juggernaut,190.5,205.0,190.5,Orthodox,1996-09-21,http://ufcstats.com/fighter-details/c15fa95b9a12fde4
Khalid Taha,Khalid,Taha,The Warrior,165.1,135.0,175.3,Orthodox,1992-02-15,http://ufcstats.com/fighter-details/b4537562f88ac582
Joe Taimanglo,Joe,Taimanglo,The Juggernaut,162.6,135.0,,,1984-06-27,http://ufcstats.com/fighter-details/9bf126927843e184
Tatsuro Taira,Tatsuro,Taira,The Best,170.2,125.0,177.8,Orthodox,2000-01-27,http://ufcstats.com/fighter-details/4461d7e47375a895
Mairbek Taisumov,Mairbek,Taisumov,Beckan,175.3,155.0,185.4,Orthodox,1988-08-08,http://ufcstats.com/fighter-details/8f5c8850b2484173
Taiyilake Nueraji,Taiyilake,Nueraji,Super Saiyan,188.0,170.0,190.5,Southpaw,2001-01-12,http://ufcstats.com/fighter-details/7498b3ac79a3b948
Ryo Tajima,Ryo,Tajima,,,135.0,,,1999-08-14,http://ufcstats.com/fighter-details/34fbfc3f65b64645
Nobuhiko Takada,Nobuhiko,Takada,,182.9,220.0,,Southpaw,1962-04-12,http://ufcstats.com/fighter-details/a25b71fe5e31fa97
Yoshiki Takahashi,Yoshiki,Takahashi,Kazuo,180.3,199.0,,Southpaw,1969-03-13,http://ufcstats.com/fighter-details/6420efac0578988b
Yoko Takahashi,Yoko,Takahashi,,172.7,150.0,,,1973-04-20,http://ufcstats.com/fighter-details/01f86e2d604e2f3c
Daiju Takase,Daiju,Takase,,182.9,170.0,,Southpaw,1978-04-20,http://ufcstats.com/fighter-details/4f74c8be51db8a37
Hiroyuki Takaya,Hiroyuki,Takaya,Streetfight Bancho,167.6,139.0,,Orthodox,1977-06-10,http://ufcstats.com/fighter-details/0d16bdb7d32e88e9
Yoshihiro Takayama,Yoshihiro,Takayama,,195.6,280.0,,Orthodox,1968-09-19,http://ufcstats.com/fighter-details/d856a0080ac09ed7
Makoto Takimoto,Makoto,Takimoto,,170.2,205.0,,Southpaw,1979-12-08,http://ufcstats.com/fighter-details/a7724f51e32e763e
Oleg Taktarov,Oleg,Taktarov,The Russian Bear,182.9,210.0,,Orthodox,1967-08-26,http://ufcstats.com/fighter-details/1dc56b59cb28425d
Payton Talbott,Payton,Talbott,,177.8,135.0,177.8,Switch,1998-09-09,http://ufcstats.com/fighter-details/6e743a33d56bdaa4
Nordine Taleb,Nordine,Taleb,,185.4,170.0,188.0,Orthodox,1981-06-10,http://ufcstats.com/fighter-details/49858bf46dabf6fb
Murtaza Talha,Murtaza,Talha,,182.9,205.0,188.0,Orthodox,1996-07-10,http://ufcstats.com/fighter-details/6aab5c20395ee722
Tsuyoshi Tamakairiki,Tsuyoshi,Tamakairiki,,182.9,220.0,,Orthodox,,http://ufcstats.com/fighter-details/eaa0a728cc91ef60
Eli Tamez,Eli,Tamez,Tomahawk,170.2,135.0,,,1985-08-22,http://ufcstats.com/fighter-details/bfd4d50591033a1f
Kiyoshi Tamura,Kiyoshi,Tamura,,180.3,185.0,,Southpaw,1969-12-17,http://ufcstats.com/fighter-details/30e8b4505f5ccf92
Akitoshi Tamura,Akitoshi,Tamura,The Ironman,175.3,135.0,177.8,Orthodox,1980-05-31,http://ufcstats.com/fighter-details/c95fbc085e17a532
Issei Tamura,Issei,Tamura,,165.1,135.0,160.0,Orthodox,1984-03-12,http://ufcstats.com/fighter-details/57bf89d42364d39e
Jason Tan,Jason,Tan,,177.8,170.0,,Orthodox,1981-12-17,http://ufcstats.com/fighter-details/ad3041e61896b975
Akihito Tanaka,Akihito,Tanaka,Kinniku Mantaro,,,,Southpaw,,http://ufcstats.com/fighter-details/1bf49bf829964144
Michinori Tanaka,Michinori,Tanaka,,165.1,135.0,170.2,Orthodox,1990-10-04,http://ufcstats.com/fighter-details/64788ee44b062ded
Evan Tanner,Evan,Tanner,,182.9,185.0,188.0,Orthodox,1971-02-11,http://ufcstats.com/fighter-details/8f2d9ee27f206f1f
Kasey Tanner,Kasey,Tanner,,170.2,135.0,175.3,Orthodox,1992-01-11,http://ufcstats.com/fighter-details/078b732efa497f49
Otari Tanzilovi,Otari,Tanzilovi,,177.8,135.0,177.8,Orthodox,1998-04-09,http://ufcstats.com/fighter-details/b9124c308671e303
Manny Tapia,Manny,Tapia,The Mangler,165.1,135.0,170.2,Orthodox,1981-03-14,http://ufcstats.com/fighter-details/0eec866a077889f0
Gary Tapusoa,Gary,Tapusoa,,170.2,185.0,,,,http://ufcstats.com/fighter-details/37ac9e0f4fc86171
Regina Tarin,Regina,Tarin,Kill Bill,,135.0,,,2004-10-19,http://ufcstats.com/fighter-details/9f5609dba6584ab2
Miesha Tate,Miesha,Tate,Cupcake,167.6,135.0,165.1,Orthodox,1986-08-18,http://ufcstats.com/fighter-details/b96619b3acd7d9da
Aaron Tau,Aaron,Tau,Tauzemup,162.6,125.0,167.6,Switch,1993-08-21,http://ufcstats.com/fighter-details/7abf7f8778472b7b
Deividas Taurosevicius,Deividas,Taurosevicius,,175.3,145.0,172.7,Southpaw,1977-08-28,http://ufcstats.com/fighter-details/ef927e4fe2117ab8
Thiago Tavares,Thiago,Tavares,,170.2,145.0,177.8,Orthodox,1984-11-08,http://ufcstats.com/fighter-details/8a59d346dc976a10
Jeremy Tavares,Jeremy,Tavares,,,135.0,,,,http://ufcstats.com/fighter-details/681d07e328798ec0
Brad Tavares,Brad,Tavares,,185.4,185.0,188.0,Orthodox,1987-12-21,http://ufcstats.com/fighter-details/0c6d9ea8306c029e
Ramon Taveras,Ramon,Taveras,The Savage,172.7,145.0,177.8,Southpaw,1994-01-09,http://ufcstats.com/fighter-details/c5ccd878231c5407
Paul Taylor,Paul,Taylor,Relentless,182.9,155.0,182.9,Orthodox,1979-12-15,http://ufcstats.com/fighter-details/9b74de674c355425
Jesse Taylor,Jesse,Taylor,JT Money,182.9,170.0,185.4,Orthodox,1983-01-02,http://ufcstats.com/fighter-details/dd992d569aaebee6
Torrance Taylor,Torrance,Taylor,,170.2,155.0,,,,http://ufcstats.com/fighter-details/88e53ec16b801740
Louis Taylor,Louis,Taylor,Handgunz,180.3,185.0,,Orthodox,1979-05-12,http://ufcstats.com/fighter-details/49bddfee9ed54cf3
Anthony Taylor,Anthony,Taylor,Pretty Boy,170.2,145.0,,,,http://ufcstats.com/fighter-details/637a4d8825464c62
Danielle Taylor,Danielle,Taylor,Dynamite,152.4,115.0,152.4,Orthodox,1989-10-25,http://ufcstats.com/fighter-details/b76c6268dc1d3c05
J.T Taylor,J.T,Taylor,The Outlaw,177.8,,,,,http://ufcstats.com/fighter-details/17c6e35e4da505b0
James Te Huna,James,Te Huna,,188.0,185.0,190.5,Orthodox,1981-09-29,http://ufcstats.com/fighter-details/f5431394fb284bb9
Cam Teague,Cam,Teague,Chaos,177.8,145.0,175.3,Orthodox,1998-02-13,http://ufcstats.com/fighter-details/b47c9ea5f2895d6e
Shawn Teed,Shawn,Teed,,195.6,265.0,,Orthodox,1992-02-13,http://ufcstats.com/fighter-details/5bb70ebd65075c5c
Glover Teixeira,Glover,Teixeira,,188.0,205.0,193.0,Orthodox,1979-10-28,http://ufcstats.com/fighter-details/7ff97850e8c32bda
John Teixeira,John,Teixeira,Macapa,170.2,145.0,,Orthodox,1986-11-18,http://ufcstats.com/fighter-details/86061eaba822bfea
Ewerton Teixeira,Ewerton,Teixeira,,185.4,242.0,,,1982-02-13,http://ufcstats.com/fighter-details/de9e331b3e6bae70
Tallison Teixeira,Tallison,Teixeira,Xicao,200.7,258.0,210.8,Orthodox,1999-12-07,http://ufcstats.com/fighter-details/17923f676f100e16
Tra Telligman,Tra,Telligman,Trauma,188.0,233.0,,Orthodox,1965-02-07,http://ufcstats.com/fighter-details/1dab0d1d81dd06db
Ramazan Temirov,Ramazan,Temirov,Temurlan,162.6,125.0,160.0,Orthodox,1997-01-31,http://ufcstats.com/fighter-details/7d0a1968b38ca439
Taneisha Tennant,Taneisha,Tennant,Triple Threat,170.2,145.0,177.8,Orthodox,1989-06-15,http://ufcstats.com/fighter-details/87911d22a79d3203
Herman Terrado,Herman,Terrado,,,170.0,,,,http://ufcstats.com/fighter-details/61d6368013f8637f
Dave Terrel,Dave,Terrel,The Bionic,172.7,170.0,,Southpaw,1978-05-10,http://ufcstats.com/fighter-details/b9aa0024f295609e
David Terrell,David,Terrell,The Soul Assassin,185.4,185.0,,Southpaw,1978-01-09,http://ufcstats.com/fighter-details/4123fd4dcc1fe937
James Terry,James,Terry,Intensity,177.8,170.0,,Orthodox,1981-03-16,http://ufcstats.com/fighter-details/5befa793316d3469
Jeff Terry,Jeff,Terry,,188.0,205.0,,,,http://ufcstats.com/fighter-details/60f86c449cd31e23
David Teymur,David,Teymur,,175.3,155.0,185.4,Southpaw,1989-05-01,http://ufcstats.com/fighter-details/2747c60e42d9d75f
Daniel Teymur,Daniel,Teymur,Kid Dynamite,165.1,145.0,175.3,Orthodox,1988-02-03,http://ufcstats.com/fighter-details/fbf0537e420e698e
Motonobu Tezuka,Motonobu,Tezuka,,170.2,135.0,,Southpaw,1987-08-29,http://ufcstats.com/fighter-details/d34636a85f0f4c90
Jason Thacker,Jason,Thacker,,177.8,185.0,,Orthodox,1975-08-18,http://ufcstats.com/fighter-details/f0264252e191da22
Alexia Thainara,Alexia,Thainara,Burguesinha,162.6,115.0,170.2,Orthodox,1995-11-20,http://ufcstats.com/fighter-details/545092d13c67aa49
Brandon Thatch,Brandon,Thatch,Rukus,188.0,170.0,188.0,Switch,1985-07-11,http://ufcstats.com/fighter-details/638cfec7ec559d6e
Elias Theodorou,Elias,Theodorou,The Spartan,185.4,185.0,190.5,Orthodox,1988-05-31,http://ufcstats.com/fighter-details/34f88592c0ab7a54
Nik Theotikos,Nik,Theotikos,,,185.0,,Orthodox,,http://ufcstats.com/fighter-details/ca936c67687789e9
Paulo Thiago,Paulo,Thiago,,180.3,170.0,188.0,Orthodox,1981-01-25,http://ufcstats.com/fighter-details/30a09e43f15f1d75
Colby Thicknesse,Colby,Thicknesse,Slickness,170.2,135.0,175.3,Orthodox,1999-06-23,http://ufcstats.com/fighter-details/ed7d329d7c29428d
Din Thomas,Din,Thomas,Dinyero,175.3,155.0,,Orthodox,1976-09-28,http://ufcstats.com/fighter-details/40a604761ca7d64d
Ryan Thomas,Ryan,Thomas,The Tank Engine,182.9,170.0,,Orthodox,1984-11-05,http://ufcstats.com/fighter-details/b732b326c362fb62
Noah Thomas,Noah,Thomas,,175.3,135.0,,Orthodox,1981-03-27,http://ufcstats.com/fighter-details/319c15b8aac5bfde
Joel Thomas,Joel,Thomas,The NIce Guy,177.8,170.0,,,,http://ufcstats.com/fighter-details/2b33e57c4d0a4502
Treston Thomison,Treston,Thomison,,172.7,145.0,,,,http://ufcstats.com/fighter-details/ed5f04f833459877
Nick Thompson,Nick,Thompson,The Goat,185.4,170.0,188.0,Orthodox,1981-06-23,http://ufcstats.com/fighter-details/7d3caf0f96f1b33d
James Thompson,James,Thompson,The Colossus,195.6,265.0,,Orthodox,1978-12-16,http://ufcstats.com/fighter-details/9e30f69cc0869301
Oli Thompson,Oli,Thompson,,185.4,242.0,190.5,Orthodox,1980-01-02,http://ufcstats.com/fighter-details/dcdd511ff757f15c
Stephen Thompson,Stephen,Thompson,Wonderboy,182.9,170.0,190.5,Orthodox,1983-02-11,http://ufcstats.com/fighter-details/4a28cb716c19157a
Josh Thomson,Josh,Thomson,The Punk,177.8,155.0,180.3,Orthodox,1978-09-21,http://ufcstats.com/fighter-details/a566371ba2ad7152
Isaac Thomson,Isaac,Thomson,,,145.0,,,2002-05-03,http://ufcstats.com/fighter-details/5d8006587d6a6711
Simeon Thoresen,Simeon,Thoresen,The Grin,185.4,170.0,200.7,Orthodox,1984-03-14,http://ufcstats.com/fighter-details/fea8acf9bfcf09ec
Josh Thornburg,Josh,Thornburg,,182.9,170.0,,,1984-05-24,http://ufcstats.com/fighter-details/083e15da67d9b0fa
Ti Haitao,Ti,Haitao,,,135.0,,,,http://ufcstats.com/fighter-details/3848cd6cac73e091
Gleison Tibau,Gleison,Tibau,,177.8,155.0,180.3,Southpaw,1983-10-07,http://ufcstats.com/fighter-details/75e5fec9f72910ef
Chris Tickle,Chris,Tickle,BadBoy,175.3,155.0,,,1982-02-01,http://ufcstats.com/fighter-details/1d1b85389a05df69
Nolan Ticman,Nolan,Ticman,,167.6,125.0,,Orthodox,1988-05-17,http://ufcstats.com/fighter-details/9eb069062a0cfc13
Darren Till,Darren,Till,The Gorilla,182.9,185.0,188.0,Southpaw,1992-12-24,http://ufcstats.com/fighter-details/9ce6d5a03af801b7
Brett Tillis,Brett,Tillis,,,145.0,,,,http://ufcstats.com/fighter-details/7b461ccae8270207
Rio Tirto,Rio,Tirto,,162.6,125.0,167.6,Switch,2000-02-09,http://ufcstats.com/fighter-details/c830bc2eb134b646
Denis Tiuliulin,Denis,Tiuliulin,,185.4,185.0,195.6,Orthodox,1988-05-17,http://ufcstats.com/fighter-details/0112352cb32f5026
Ryan Tobar,Ryan,Tobar,,,155.0,,,,http://ufcstats.com/fighter-details/57481f1f10530c61
Rafael Tobias,Rafael,Tobias,Bipolar,188.0,205.0,188.0,Orthodox,2003-03-20,http://ufcstats.com/fighter-details/d6a8edb7410223a0
Andrew Todhunter,Andrew,Todhunter,The Sniper,182.9,185.0,,Switch,1987-11-30,http://ufcstats.com/fighter-details/274ca7b799b402cc
Dusko Todorovic,Dusko,Todorovic,Thunder,185.4,185.0,188.0,Orthodox,1994-05-19,http://ufcstats.com/fighter-details/866fd7b1a6c90e7f
Tuco Tokkos,Tuco,Tokkos,,193.0,205.0,193.0,Orthodox,1990-06-30,http://ufcstats.com/fighter-details/3e8118c1ab52f211
Hideo Tokoro,Hideo,Tokoro,,170.2,135.0,,Orthodox,1977-08-22,http://ufcstats.com/fighter-details/2d5fbe2103f97053
Anatoly Tokov,Anatoly,Tokov,,177.8,185.0,,,1990-02-17,http://ufcstats.com/fighter-details/679ae8c4fd022c6b
Anelya Toktogonova,Anelya,Toktogonova,,,125.0,,,2005-08-01,http://ufcstats.com/fighter-details/3a89481e3a9d47c0
Kazuki Tokudome,Kazuki,Tokudome,,180.3,155.0,185.4,Southpaw,1987-03-04,http://ufcstats.com/fighter-details/c4af2feb4b58bc3b
Puja Tomar,Puja,Tomar,Cyclone,162.6,115.0,149.9,Southpaw,1993-12-05,http://ufcstats.com/fighter-details/19f8a2f6eecd92ac
Tyler Toner,Tyler,Toner,,172.7,145.0,177.8,Orthodox,1983-03-31,http://ufcstats.com/fighter-details/8e893f269d5696b2
James Toney,James,Toney,Lights Out,175.3,220.0,,Orthodox,1968-08-24,http://ufcstats.com/fighter-details/d10b35152277cf98
Masanori Tonooka,Masanori,Tonooka,,172.7,185.0,,Orthodox,,http://ufcstats.com/fighter-details/9de7c97e1c0d7927
Carl Toomey,Carl,Toomey,,,,,,,http://ufcstats.com/fighter-details/5ee87e0432205755
Ilia Topuria,Ilia,Topuria,El Matador,170.2,155.0,175.3,Orthodox,1997-01-21,http://ufcstats.com/fighter-details/54f64b5e283b0ce7
Aleksandre Topuria,Aleksandre,Topuria,El Conquistador,170.2,135.0,172.7,Orthodox,1996-01-28,http://ufcstats.com/fighter-details/4a6dff1b260bcf61
Anthony Torres,Anthony,Torres,The Crush,172.7,170.0,,Orthodox,1978-07-31,http://ufcstats.com/fighter-details/918d9d89d4d52acc
Miguel Torres,Miguel,Torres,,175.3,135.0,193.0,Orthodox,1981-01-18,http://ufcstats.com/fighter-details/33b2f68ef95252e0
Ronys Torres,Ronys,Torres,,170.2,155.0,,Orthodox,1975-08-13,http://ufcstats.com/fighter-details/cce79e827569f26e
Haven Torres,Haven,Torres,,,125.0,,,,http://ufcstats.com/fighter-details/1ff10dee2f7ae60c
Alex Torres,Alex,Torres,Rolo,177.8,145.0,,Orthodox,1988-05-29,http://ufcstats.com/fighter-details/e4e0f310b3cf23a8
Abram Torres,Abram,Torres,,177.8,170.0,,,1982-10-29,http://ufcstats.com/fighter-details/e175a261a280f7cb
Jose Torres,Jose,Torres,Shorty,162.6,125.0,165.1,Orthodox,1992-08-02,http://ufcstats.com/fighter-details/d2036f31c035e0d1
Desmond Torres,Desmond,Torres,,167.6,135.0,175.3,Orthodox,1997-01-06,http://ufcstats.com/fighter-details/971aebf56267de20
Manuel Torres,Manuel,Torres,El Loco,177.8,155.0,185.4,Switch,1995-03-25,http://ufcstats.com/fighter-details/2e7878927067fdca
Justice Torres,Justice,Torres,,170.2,145.0,167.6,Southpaw,1997-10-19,http://ufcstats.com/fighter-details/01762e1d4ff4dc51
Eduardo Torres Caut,Eduardo,Torres Caut,Cyborg,170.2,135.0,177.8,Orthodox,1995-04-26,http://ufcstats.com/fighter-details/c8d46028907bcece
Salim Touahri,Salim,Touahri,Grizzly,177.8,170.0,182.9,Orthodox,1989-09-28,http://ufcstats.com/fighter-details/cbf1c7ba5408a66f
Dequan Townsend,Dequan,Townsend,The Tarantula,190.5,205.0,200.7,Orthodox,1986-05-11,http://ufcstats.com/fighter-details/3f7dab21b6c971bc
Minoru Toyonaga,Minoru,Toyonaga,,180.3,195.0,,Southpaw,,http://ufcstats.com/fighter-details/04076783ca83d6ae
Slim Trabelsi,Slim,Trabelsi,,190.5,235.0,,,1993-05-09,http://ufcstats.com/fighter-details/ff2ec83f44000f78
Roberto Traven,Roberto,Traven,Spider,190.5,227.0,,Orthodox,1968-09-16,http://ufcstats.com/fighter-details/20ec0061400178ca
Bryan Travers,Bryan,Travers,,,155.0,,,1983-04-11,http://ufcstats.com/fighter-details/008cf84faae9c7a5
Taner Trembley,Taner,Trembley,Killemquick,,155.0,,,1994-12-28,http://ufcstats.com/fighter-details/00b8dd0fbe2fbfd9
Alexander Trevino,Alexander,Trevino,,,170.0,,,,http://ufcstats.com/fighter-details/73abb7a5c57fb443
Francisco Trevino,Francisco,Trevino,Sitkayan,175.3,155.0,177.8,Orthodox,1981-12-17,http://ufcstats.com/fighter-details/97a6bbe6e6566a94
Angelo Trevino,Angelo,Trevino,Baby Monsta,180.3,170.0,,Switch,1993-06-10,http://ufcstats.com/fighter-details/0cf9f5518d6063bb
Frank Trigg,Frank,Trigg,Twinkle Toes,175.3,170.0,180.3,Southpaw,1972-05-07,http://ufcstats.com/fighter-details/d2d37e8eeb3abc8d
Francisco Trinaldo,Francisco,Trinaldo,Massaranduba,175.3,170.0,177.8,Southpaw,1978-08-24,http://ufcstats.com/fighter-details/a8283a4f415e1eb9
Damien Trites,Damien,Trites,The Omen,180.3,165.0,,,1979-08-23,http://ufcstats.com/fighter-details/cb1c09c8126dbee0
Michael Trizano,Michael,Trizano,The Lone Wolf,180.3,145.0,180.3,Orthodox,1991-12-31,http://ufcstats.com/fighter-details/5bf31a46becc1204
Antonio Trocoli,Antonio,Trocoli,Malvado,198.1,185.0,200.7,Orthodox,1990-12-06,http://ufcstats.com/fighter-details/6d48a2df51749d91
Tor Troeng,Tor,Troeng,The Hammer,188.0,185.0,,Orthodox,1983-01-25,http://ufcstats.com/fighter-details/8abf70f79e9e27c2
Aaron Trujillo,Aaron,Trujillo,,165.1,125.0,,,,http://ufcstats.com/fighter-details/cc18abc046b382c9
Reynaldo Trujillo,Reynaldo,Trujillo,The Truth,175.3,155.0,,,1982-01-01,http://ufcstats.com/fighter-details/e6b233a007cb06c4
Abel Trujillo,Abel,Trujillo,Killa,172.7,155.0,177.8,Orthodox,1983-09-18,http://ufcstats.com/fighter-details/e14b5aa06eea9653
Alexander Trujillo,Alexander,Trujillo,,,125.0,,,2000-10-01,http://ufcstats.com/fighter-details/ccf25f81fcdaecb4
Arman Tsarukyan,Arman,Tsarukyan,Ahalkalakets,170.2,155.0,182.9,Orthodox,1996-10-11,http://ufcstats.com/fighter-details/eae48ff31db420c2
Rei Tsuruya,Rei,Tsuruya,,167.6,125.0,172.7,Orthodox,2002-06-22,http://ufcstats.com/fighter-details/2f43a3e82661fa99
Magomed Tuchalov,Magomed,Tuchalov,Wild,,205.0,,,1999-12-30,http://ufcstats.com/fighter-details/bc5a51159ec2fdf2
Chris Tuchscherer,Chris,Tuchscherer,The Crowbar,188.0,258.0,193.0,Orthodox,1975-09-08,http://ufcstats.com/fighter-details/df05aa15b2d66f57
Jon Tuck,Jon,Tuck,Super Saiyan,180.3,155.0,185.4,Orthodox,1984-08-28,http://ufcstats.com/fighter-details/53ec9cb470e1a4ea
Gavin Tucker,Gavin,Tucker,Guv'nor,167.6,145.0,167.6,Southpaw,1986-06-17,http://ufcstats.com/fighter-details/da816417a579a0bd
Jumabieke Tuerxun,Jumabieke,Tuerxun,The Wild Wolf,170.2,135.0,,Orthodox,1986-04-17,http://ufcstats.com/fighter-details/1ed32eaaba9ffe10
Tom Tuggle,Tom,Tuggle,The Law,188.0,250.0,,Orthodox,,http://ufcstats.com/fighter-details/b9aa7d230865b5fe
Blair Tugman,Blair,Tugman,,182.9,135.0,,,,http://ufcstats.com/fighter-details/63f8775391301891
Tai Tuivasa,Tai,Tuivasa,Bam Bam,188.0,264.0,190.5,Southpaw,1993-03-16,http://ufcstats.com/fighter-details/c62fbc117d57b943
Zubaira Tukhugov,Zubaira,Tukhugov,Warrior,172.7,155.0,172.7,Orthodox,1991-01-15,http://ufcstats.com/fighter-details/aceffa19749c4dc0
Teila Tuli,Teila,Tuli,,182.9,430.0,,Orthodox,1969-06-14,http://ufcstats.com/fighter-details/96eff1a628adcc7f
Marco Tulio,Marco,Tulio,Matuto,182.9,185.0,188.0,Orthodox,1994-06-13,http://ufcstats.com/fighter-details/9384e71bca6c409d
Nyamjargal Tumendemberel,Nyamjargal,Tumendemberel,Art of Knockout,170.2,125.0,180.3,Orthodox,1998-03-22,http://ufcstats.com/fighter-details/17cb6d8e8187f304
Albert Tumenov,Albert,Tumenov,Einstein,180.3,170.0,185.4,Orthodox,1991-12-26,http://ufcstats.com/fighter-details/ff6a1f63c254127e
Ricky Turcios,Ricky,Turcios,,175.3,135.0,180.3,Orthodox,1993-06-05,http://ufcstats.com/fighter-details/cd3d7e37ff2d679c
Anton Turkalj,Anton,Turkalj,The Pleasure Man,193.0,205.0,198.1,Orthodox,1996-06-10,http://ufcstats.com/fighter-details/82529ce93cd9a2cf
Wellington Turman,Wellington,Turman,The Prodigy,182.9,170.0,182.9,Orthodox,1996-07-22,http://ufcstats.com/fighter-details/4dcfb28c011c11b2
Courtney Turner,Courtney,Turner,,188.0,170.0,,,,http://ufcstats.com/fighter-details/56f4b81ec4db61af
Jalin Turner,Jalin,Turner,The Tarantula,190.5,155.0,195.6,Southpaw,1995-05-18,http://ufcstats.com/fighter-details/4d8fa64202cee4c1
Austin Tweedy,Austin,Tweedy,,175.3,155.0,,Orthodox,1990-09-25,http://ufcstats.com/fighter-details/885adaff8fe15cf7
Marcin Tybura,Marcin,Tybura,Tybur,190.5,246.0,198.1,Orthodox,1985-11-09,http://ufcstats.com/fighter-details/c9cf753cfdf77fc2
Raphael Uchegbu,Raphael,Uchegbu,,175.3,135.0,185.4,Orthodox,1995-08-16,http://ufcstats.com/fighter-details/cb680d85b84cbfd9
Takeru Uchida,Takeru,Uchida,,165.1,125.0,172.7,Southpaw,2002-09-30,http://ufcstats.com/fighter-details/1d76f07ffdd765c2
Alberto Uda,Alberto,Uda,,190.5,185.0,,Orthodox,1984-08-08,http://ufcstats.com/fighter-details/8f2deefe8c5dfb5d
Ryuki Ueyama,Ryuki,Ueyama,,180.3,180.0,,Southpaw,1976-04-17,http://ufcstats.com/fighter-details/bcd124bcd3d5be46
Christian Uflacker,Christian,Uflacker,,180.3,170.0,,,1985-08-04,http://ufcstats.com/fighter-details/10ccf4ec9913cadc
Andy Uhrich,Andy,Uhrich,,182.9,170.0,,,,http://ufcstats.com/fighter-details/4a1a492f299581d9
Tagir Ulanbekov,Tagir,Ulanbekov,,170.2,125.0,177.8,Southpaw,1991-08-07,http://ufcstats.com/fighter-details/f00ac08ab056af5d
Carlos Ulberg,Carlos,Ulberg,Black Jag,193.0,205.0,195.6,Orthodox,1990-11-07,http://ufcstats.com/fighter-details/9014c02eff8b3d62
Gasan Umalatov,Gasan,Umalatov,Cobra,180.3,170.0,180.3,Orthodox,1982-09-11,http://ufcstats.com/fighter-details/7a39bbac8cc0fa70
Jeremy Umphries,Jeremy,Umphries,,,160.0,,,,http://ufcstats.com/fighter-details/4793a2d90f5ab8ae
Zach Underwood,Zach,Underwood,,188.0,185.0,,,,http://ufcstats.com/fighter-details/1e310618d02ff93b
Caol Uno,Caol,Uno,Uno Shoten,170.2,155.0,177.8,Southpaw,1975-05-08,http://ufcstats.com/fighter-details/eb1723480fa2f96c
Kengo Ura,Kengo,Ura,Uraken,175.3,165.0,,,1981-06-20,http://ufcstats.com/fighter-details/58258914525740a5
Logan Urban,Logan,Urban,Hulk,182.9,170.0,182.9,Orthodox,1994-04-22,http://ufcstats.com/fighter-details/5e23f30e9c6ed74e
Hector Urbina,Hector,Urbina,El Toro,180.3,170.0,185.4,Orthodox,1987-09-17,http://ufcstats.com/fighter-details/4b8fb0453a596b8e
Elias Urbina,Elias,Urbina,,190.5,185.0,195.6,Southpaw,1993-10-09,http://ufcstats.com/fighter-details/47fcdcaccb58ca80
Gilbert Urbina,Gilbert,Urbina,The RGV Bad Boy,190.5,170.0,190.5,Orthodox,1996-04-05,http://ufcstats.com/fighter-details/b12fb759e02378de
Guilherme Uriel,Guilherme,Uriel,Urso,185.4,265.0,188.0,Orthodox,1997-02-18,http://ufcstats.com/fighter-details/4252b09f0c8c4472
Nick Urso,Nick,Urso,,167.6,125.0,167.6,Southpaw,1985-09-26,http://ufcstats.com/fighter-details/e78c4c3d329c531b
Yasuhiro Urushitani,Yasuhiro,Urushitani,,165.1,125.0,,Southpaw,1976-09-08,http://ufcstats.com/fighter-details/c34e5849184b08c3
Sho Patrick Usami,Sho Patrick,Usami,Savage,175.3,155.0,177.8,Orthodox,2000-05-08,http://ufcstats.com/fighter-details/fe30c5f5cc3e028b
Kamaru Usman,Kamaru,Usman,The Nigerian Nightmare,182.9,170.0,193.0,Switch,1987-05-11,http://ufcstats.com/fighter-details/f1b2aa7853d1ed6e
Mohammed Usman,Mohammed,Usman,The Motor,188.0,239.0,200.7,Orthodox,1989-04-01,http://ufcstats.com/fighter-details/da7f113b5ea39c43
Darren Uyenoyama,Darren,Uyenoyama,BC,167.6,125.0,165.1,Orthodox,1979-10-15,http://ufcstats.com/fighter-details/6546af7ab545b90c
Richie Vaculik,Richie,Vaculik,Vas,167.6,125.0,175.3,Orthodox,1983-06-19,http://ufcstats.com/fighter-details/54578e5927adea53
Rashid Vagabov,Rashid,Vagabov,Rambo,170.2,125.0,160.0,Orthodox,1998-06-27,http://ufcstats.com/fighter-details/0d1190beced94f7c
Abubakar Vagaev,Abubakar,Vagaev,,,170.0,,,1993-04-14,http://ufcstats.com/fighter-details/f7adc1fd115f8fdd
Artem Vakhitov,Artem,Vakhitov,,185.4,205.0,190.5,Orthodox,1991-04-04,http://ufcstats.com/fighter-details/43e549b803ec7375
Egidijus Valavicius,Egidijus,Valavicius,,182.9,200.0,,Orthodox,,http://ufcstats.com/fighter-details/fc1868f56d3036eb
Genaro Valdez,Genaro,Valdez,Rayadito,175.3,155.0,182.9,Orthodox,1992-01-16,http://ufcstats.com/fighter-details/cda1099995b46cc2
Charlie Valencia,Charlie,Valencia,,160.0,135.0,162.6,Orthodox,1974-10-31,http://ufcstats.com/fighter-details/8a0be41c0380188d
Robert Valentin,Robert,Valentin,Robzilla,188.0,185.0,195.6,Orthodox,1995-03-31,http://ufcstats.com/fighter-details/0cd0456d6029cec2
Victor Valenzuela,Victor,Valenzuela,Joe Boxer,177.8,155.0,,,,http://ufcstats.com/fighter-details/de277a4abcfeea46
Ivan Valenzuela,Ivan,Valenzuela,Bam Bam,188.0,185.0,195.6,Orthodox,1992-11-17,http://ufcstats.com/fighter-details/45b82ebf0b9e0fd2
Victor Valenzuela,Victor,Valenzuela,Psicosis,,170.0,,,1994-02-09,http://ufcstats.com/fighter-details/078695e385ec2f57
Timur Valiev,Timur,Valiev,Lucky,167.6,135.0,170.2,Orthodox,1990-01-19,http://ufcstats.com/fighter-details/45e738622ea2c02c
Victor Valimaki,Victor,Valimaki,The Matrix,182.9,205.0,,Orthodox,,http://ufcstats.com/fighter-details/663b76da637402c3
Andrew Valladerez,Andrew,Valladerez,,,135.0,,,,http://ufcstats.com/fighter-details/2a898bf9fb7710b3
Kevin Vallejos,Kevin,Vallejos,El Chino,170.2,145.0,172.7,Switch,2001-12-08,http://ufcstats.com/fighter-details/239d8e5359022f3b
Isaac Vallie-Flagg,Isaac,Vallie-Flagg,,172.7,155.0,177.8,Orthodox,1978-04-08,http://ufcstats.com/fighter-details/c295de4e10acd4c9
Joshua Van,Joshua,Van,The Fearless,165.1,125.0,165.1,Orthodox,2001-10-10,http://ufcstats.com/fighter-details/17e97649403ba428
Mike van Arsdale,Mike,van Arsdale,,188.0,205.0,,Switch,1965-06-20,http://ufcstats.com/fighter-details/2ee09ec2a0695eb9
Matt Van Buren,Matt,Van Buren,Gutter,195.6,205.0,,,1986-06-12,http://ufcstats.com/fighter-details/7b39035fae7268b8
Ron van Clief,Ron,van Clief,The Black Dragon,177.8,190.0,,Orthodox,1943-01-25,http://ufcstats.com/fighter-details/23ab42947c1990e3
Lloyd Van Dams,Lloyd,Van Dams,,185.4,240.0,,Southpaw,1972-03-05,http://ufcstats.com/fighter-details/02177caefe7c07d4
Alain Van der Merckt,Alain,Van der Merckt,Top Boy,,185.0,,,1993-06-11,http://ufcstats.com/fighter-details/f6bbc6ba4f06ad60
Cameron VanCamp,Cameron,VanCamp,Jumpman,188.0,155.0,188.0,Switch,1993-04-27,http://ufcstats.com/fighter-details/87e2468b986ebb79
Chad Vance,Chad,Vance,,182.9,185.0,,Orthodox,,http://ufcstats.com/fighter-details/26d61e92a6069cd2
Jared Vanderaa,Jared,Vanderaa,,193.0,265.0,203.2,Orthodox,1992-05-12,http://ufcstats.com/fighter-details/2b68d9f125d07b42
Austin Vanderford,Austin,Vanderford,The Gentleman,180.3,170.0,188.0,Orthodox,1990-03-21,http://ufcstats.com/fighter-details/32c3ee378671a5d9
Lando Vannata,Lando,Vannata,Groovy,175.3,155.0,180.3,Orthodox,1992-03-14,http://ufcstats.com/fighter-details/f9b200db02b488d9
Paige VanZant,Paige,VanZant,12 Gauge,162.6,115.0,165.1,Orthodox,1994-03-26,http://ufcstats.com/fighter-details/4d5197f331c47290
Paul Varelans,Paul,Varelans,The Polar Bear,203.2,300.0,,Orthodox,,http://ufcstats.com/fighter-details/07a18ae55dfc3cd9
Kazula Vargas,Kazula,Vargas,,172.7,155.0,180.3,Southpaw,1985-08-15,http://ufcstats.com/fighter-details/ec18eb918121787c
Jamie Varner,Jamie,Varner,,172.7,155.0,180.3,Orthodox,1984-10-12,http://ufcstats.com/fighter-details/a54fc2d6fc224dc3
Guilherme Vasconcelos,Guilherme,Vasconcelos,Bomba,182.9,185.0,,Orthodox,1986-03-23,http://ufcstats.com/fighter-details/d6d5da3c209884bc
Linton Vassell,Linton,Vassell,The Swarm,193.0,205.0,,,1983-06-03,http://ufcstats.com/fighter-details/a148dfe3485be79d
Billy Vaughan,Billy,Vaughan,,167.6,155.0,,,1983-12-02,http://ufcstats.com/fighter-details/61428ed51f5ff465
Yuri Vaulin,Yuri,Vaulin,,193.0,197.0,,Southpaw,,http://ufcstats.com/fighter-details/4679a38cced7c64a
Javier Vazquez,Javier,Vazquez,Showtime,170.2,145.0,175.3,Southpaw,1977-07-16,http://ufcstats.com/fighter-details/be5cfd73617a5b1a
Manny Vazquez,Manny,Vazquez,,177.8,125.0,182.9,Orthodox,1993-11-19,http://ufcstats.com/fighter-details/8d4d25fd9218860b
Gianni Vazquez,Gianni,Vazquez,Kriptonita,,135.0,,Orthodox,1994-07-17,http://ufcstats.com/fighter-details/51ec9dc3b4964f19
Matt Veach,Matt,Veach,,180.3,155.0,,Orthodox,1981-05-31,http://ufcstats.com/fighter-details/5731cc327790b731
Joe Vedepo,Joe,Vedepo,The Doctor,182.9,185.0,,Orthodox,,http://ufcstats.com/fighter-details/d35c3ed553b71fa2
Kelly Velasco,Kelly,Velasco,Killer,175.3,135.0,,Orthodox,1995-05-21,http://ufcstats.com/fighter-details/93c9897f0f9f5dab
Greg Velasco,Greg,Velasco,The Viking King,188.0,265.0,177.8,Southpaw,1993-09-23,http://ufcstats.com/fighter-details/34a81ebbce32b06b
Cain Velasquez,Cain,Velasquez,,185.4,240.0,195.6,Orthodox,1982-07-28,http://ufcstats.com/fighter-details/0ff11cc094e887bc
David Velasquez,David,Velasquez,Little,165.1,145.0,,Orthodox,,http://ufcstats.com/fighter-details/09c44b317c98bf96
Bojan Velickovic,Bojan,Velickovic,Serbian Steel,182.9,170.0,193.0,Southpaw,1988-12-18,http://ufcstats.com/fighter-details/fcce75a25c14a804
Karlos Vemola,Karlos,Vemola,,182.9,185.0,190.5,Orthodox,1985-07-03,http://ufcstats.com/fighter-details/d23ccf4a6c221284
Luigi Vendramini,Luigi,Vendramini,The Italian Stallion,172.7,155.0,185.4,Orthodox,1996-01-16,http://ufcstats.com/fighter-details/2f1a257d6777096d
Jerrel Venetiaan,Jerrel,Venetiaan,,185.4,195.0,,Orthodox,1971-03-09,http://ufcstats.com/fighter-details/602bb270f2bdbf02
Scott Ventimiglia,Scott,Ventimiglia,Meant to Kill Ya,180.3,185.0,,,1972-11-17,http://ufcstats.com/fighter-details/6e62bb64f7cc5026
Brandon Vera,Brandon,Vera,The Truth,190.5,230.0,198.1,Orthodox,1977-10-10,http://ufcstats.com/fighter-details/fa315e6c77eee106
Kerry Vera,Kerry,Vera,,170.2,135.0,,Orthodox,,http://ufcstats.com/fighter-details/df0a1c1e11ad199b
Marlon Vera,Marlon,Vera,Chito,172.7,135.0,177.8,Switch,1992-12-02,http://ufcstats.com/fighter-details/7c7332319c14094c
Carlos Vera,Carlos,Vera,Pequeno,167.6,135.0,175.3,Orthodox,1987-11-05,http://ufcstats.com/fighter-details/07f959e6596307bb
Rodrigo Vera,Rodrigo,Vera,El Gato Loco,,145.0,,,1995-10-18,http://ufcstats.com/fighter-details/2b266e623e20737a
Isis Verbeek,Isis,Verbeek,Fight Queen,162.6,115.0,162.6,Orthodox,1995-01-12,http://ufcstats.com/fighter-details/d6f58b8cd1a6ff52
Ernie Verdicia,Ernie,Verdicia,,180.3,199.0,,Orthodox,,http://ufcstats.com/fighter-details/2b1587a3376ab743
Joe Veres,Joe,Veres,,170.2,155.0,,Orthodox,1977-11-09,http://ufcstats.com/fighter-details/c6d8ae3b016d5ad5
Nikolay Veretennikov,Nikolay,Veretennikov,Gladiator,185.4,170.0,188.0,Orthodox,1989-12-22,http://ufcstats.com/fighter-details/0f1efce7d2571d10
CJ Vergara,CJ,Vergara,,167.6,125.0,172.7,Orthodox,1991-06-18,http://ufcstats.com/fighter-details/077e3ace32b72be9
Renato Verissimo,Renato,Verissimo,Charuto,185.4,170.0,,Orthodox,1973-08-03,http://ufcstats.com/fighter-details/c24b1db4b809d41b
Bryan Vetell,Bryan,Vetell,,190.5,265.0,,Southpaw,1977-07-26,http://ufcstats.com/fighter-details/13a0fb8fbdafb54f
Marvin Vettori,Marvin,Vettori,The Italian Dream,182.9,185.0,188.0,Southpaw,1993-09-20,http://ufcstats.com/fighter-details/7acbb0972e75281a
Hugo Viana,Hugo,Viana,Wolverine,167.6,135.0,170.2,Orthodox,1982-09-26,http://ufcstats.com/fighter-details/f95381efb3051d81
Guilherme Viana,Guilherme,Viana,,193.0,205.0,,,,http://ufcstats.com/fighter-details/393b8e03fb410a78
Polyana Viana,Polyana,Viana,Dama de Ferro,165.1,115.0,170.2,Orthodox,1992-06-14,http://ufcstats.com/fighter-details/9673a497a9da119a
Vitor Vianna,Vitor,Vianna,,,205.0,,Orthodox,,http://ufcstats.com/fighter-details/744f50016c39c26c
James Vick,James,Vick,The Texecutioner,190.5,155.0,193.0,Orthodox,1987-02-23,http://ufcstats.com/fighter-details/6256b2b1562cb8e1
Tamires Vidal,Tamires,Vidal,Tractor,167.6,135.0,172.7,Orthodox,1998-07-27,http://ufcstats.com/fighter-details/4f3064faf17aa711
Freddy Vidal,Freddy,Vidal,The Barbarian,190.5,205.0,200.7,Orthodox,1994-05-06,http://ufcstats.com/fighter-details/024158997e7c5829
Milton Vieira,Milton,Vieira,Miltinho,182.9,145.0,,Orthodox,1978-10-04,http://ufcstats.com/fighter-details/7cf20446453f852b
Reginaldo Vieira,Reginaldo,Vieira,,170.2,135.0,165.1,Orthodox,1982-11-26,http://ufcstats.com/fighter-details/f9081770e28ea2e1
Ketlen Vieira,Ketlen,Vieira,Fenomeno,172.7,135.0,172.7,Orthodox,1991-08-26,http://ufcstats.com/fighter-details/b9706f80d005036c
Rodolfo Vieira,Rodolfo,Vieira,,182.9,185.0,185.4,Orthodox,1989-09-25,http://ufcstats.com/fighter-details/260e9e0d4954aea6
Steve Vigneault,Steve,Vigneault,Lionheart,177.8,185.0,,Orthodox,1978-02-14,http://ufcstats.com/fighter-details/6888e31ce88f5b17
Alejandro Villalobos,Alejandro,Villalobos,,170.2,145.0,,,1979-10-26,http://ufcstats.com/fighter-details/2e88f2030d8a928a
DeMarco Villalona,DeMarco,Villalona,,175.3,185.0,,,,http://ufcstats.com/fighter-details/0275e33febc2818c
Gian Villante,Gian,Villante,,190.5,230.0,193.0,Orthodox,1985-08-18,http://ufcstats.com/fighter-details/fcd448a2fe1a23cc
Ike Villanueva,Ike,Villanueva,Hurricane,185.4,205.0,185.4,Orthodox,1984-04-04,http://ufcstats.com/fighter-details/f9d0cae37dabfafc
Ruben Villareal,Ruben,Villareal,Warpath,193.0,265.0,,Orthodox,1970-05-01,http://ufcstats.com/fighter-details/39f68882def7a507
Armando Villarreal,Armando,Villarreal,La Lumbre,170.2,135.0,167.6,Southpaw,1989-08-08,http://ufcstats.com/fighter-details/454c1f0b638972ab
Pablo Villaseca,Pablo,Villaseca,El Gallo,170.2,155.0,,,1987-01-26,http://ufcstats.com/fighter-details/34f93dfbd43b2144
Joey Villasenor,Joey,Villasenor,Smokin' Joe,182.9,185.0,,Orthodox,1975-10-17,http://ufcstats.com/fighter-details/15515e797aedc137
Danillo Villefort,Danillo,Villefort,Indio,185.4,185.0,,Orthodox,1983-05-08,http://ufcstats.com/fighter-details/fd87b1bbfcde9d5e
Yuri Villefort,Yuri,Villefort,,182.9,170.0,185.4,Orthodox,1991-03-23,http://ufcstats.com/fighter-details/0fb1e2694a39a02f
Tre'ston Vines,Tre'ston,Vines,TVTime,185.4,185.0,200.7,Orthodox,1996-06-18,http://ufcstats.com/fighter-details/563a1d42bb0e3cef
Marcos Vinicius,Marcos,Vinicius,Vina,175.3,125.0,,Orthodox,1979-12-05,http://ufcstats.com/fighter-details/e363b21261814830
Brandon Visher,Brandon,Visher,The Viper,167.6,135.0,172.7,Orthodox,1984-05-06,http://ufcstats.com/fighter-details/7c4ec656d8fcb867
Falaniko Vitale,Falaniko,Vitale,Niko,177.8,185.0,,Orthodox,1974-07-14,http://ufcstats.com/fighter-details/445a98acb8985970
Cheyanne Vlismas,Cheyanne,Vlismas,The Warrior Princess,160.0,115.0,160.0,Switch,1995-06-25,http://ufcstats.com/fighter-details/4959f10a62f3fec3
Bobby Voelker,Bobby,Voelker,Vicious,182.9,170.0,188.0,Orthodox,1979-04-26,http://ufcstats.com/fighter-details/fb8a3025ae722e64
Mateo Vogel,Mateo,Vogel,Carrapato,172.7,145.0,180.3,Orthodox,1996-03-05,http://ufcstats.com/fighter-details/90b57b19d20e1969
Danylo Voievodkin,Danylo,Voievodkin,,193.0,265.0,198.1,Southpaw,2000-07-19,http://ufcstats.com/fighter-details/d73a7c36746fbc5b
Alexander Volkanovski,Alexander,Volkanovski,The Great,167.6,145.0,180.3,Orthodox,1988-09-29,http://ufcstats.com/fighter-details/e1248941344b3288
Jacob Volkmann,Jacob,Volkmann,Christmas,175.3,155.0,180.3,Southpaw,1980-09-05,http://ufcstats.com/fighter-details/6f81b6de2557739a
Alexander Volkov,Alexander,Volkov,Drago,200.7,250.0,203.2,Orthodox,1988-10-24,http://ufcstats.com/fighter-details/279566840aa55bf2
Mark Vologdin,Mark,Vologdin,,,135.0,,Orthodox,2000-04-18,http://ufcstats.com/fighter-details/0e6b611451a9a7d8
Jason Von Flue,Jason,Von Flue,Live Wire,182.9,170.0,,Orthodox,1975-08-01,http://ufcstats.com/fighter-details/c4b9296214f4c09c
Milco Voorn,Milco,Voorn,,,220.0,,Orthodox,,http://ufcstats.com/fighter-details/277ffed20cf07aea
Mark Vorgeas,Mark,Vorgeas,,177.8,135.0,,,,http://ufcstats.com/fighter-details/ef0344ed552d8a22
Igor Vovchanchyn,Igor,Vovchanchyn,Ice Cold,172.7,205.0,,Orthodox,1973-08-06,http://ufcstats.com/fighter-details/7929be8290289a47
Jordan Vucenic,Jordan,Vucenic,The Epidemic,177.8,155.0,185.4,Orthodox,1996-03-02,http://ufcstats.com/fighter-details/6d38e41efa47a72d
James Wade,James,Wade,,177.8,205.0,,,,http://ufcstats.com/fighter-details/6291decf7f3b6608
Chris Wade,Chris,Wade,,177.8,155.0,177.8,Orthodox,1987-09-30,http://ufcstats.com/fighter-details/c8097968da5e5f13
Neil Wain,Neil,Wain,Old School,177.8,242.0,,Orthodox,,http://ufcstats.com/fighter-details/6b7bc7eaf2465387
TJ Waldburger,TJ,Waldburger,,180.3,170.0,190.5,Orthodox,1988-04-25,http://ufcstats.com/fighter-details/8f2939f5fd9cca1e
Chase Waldon,Chase,Waldon,,185.4,185.0,190.5,Orthodox,1986-09-19,http://ufcstats.com/fighter-details/aeb6c57b9bd8bc3a
Andre Walker,Andre,Walker,,180.3,205.0,,Southpaw,,http://ufcstats.com/fighter-details/18944a1a6ac1becf
Herschel Walker,Herschel,Walker,,185.4,215.0,,Orthodox,1962-03-03,http://ufcstats.com/fighter-details/bd92e38aef641673
Donny Walker,Donny,Walker,Eagle Eye,175.3,135.0,,,1980-01-04,http://ufcstats.com/fighter-details/e6147d5ab3685899
Johnny Walker,Johnny,Walker,,198.1,205.0,208.3,Orthodox,1992-03-30,http://ufcstats.com/fighter-details/c21f26bbde777573
Brogan Walker,Brogan,Walker,The Bear,162.6,125.0,170.2,Switch,1988-08-02,http://ufcstats.com/fighter-details/4333a8e70a672eb7
Valter Walker,Valter,Walker,The Clean Monster,198.1,265.0,198.1,Orthodox,1997-12-14,http://ufcstats.com/fighter-details/f5779a2303ed76ec
Julius Walker,Julius,Walker,Juice Box,193.0,205.0,198.1,Orthodox,1999-07-16,http://ufcstats.com/fighter-details/6add18754930182b
Ben Wall,Ben,Wall,Manimal,177.8,155.0,,Orthodox,1989-03-25,http://ufcstats.com/fighter-details/1ad381c8994c4e5b
Crafton Wallace,Crafton,Wallace,Blaze,182.9,185.0,,Orthodox,1975-11-10,http://ufcstats.com/fighter-details/bf41b5131545da12
Rodney Wallace,Rodney,Wallace,Shonuff the Master,175.3,205.0,182.9,Switch,1981-11-21,http://ufcstats.com/fighter-details/b9415726dc3ec526
Jeremy Wallace,Jeremy,Wallace,,175.3,,,,,http://ufcstats.com/fighter-details/b87c3f460709f74c
Randall Wallace,Randall,Wallace,Braveheart,180.3,185.0,185.4,Orthodox,1989-03-01,http://ufcstats.com/fighter-details/95cf6be9071e68b0
James Wallace,James,Wallace,Jesse,177.8,155.0,175.3,Orthodox,1992-11-17,http://ufcstats.com/fighter-details/4078de7181a19142
Jim Wallhead,Jim,Wallhead,Judo,177.8,170.0,,Orthodox,1984-03-14,http://ufcstats.com/fighter-details/0c670b443c3d269f
Cory Walmsley,Cory,Walmsley,Hardcore,182.9,205.0,,Orthodox,,http://ufcstats.com/fighter-details/83c6c3e0f8bde8ee
Richard Walsh,Richard,Walsh,Filthy Rich,182.9,170.0,185.4,Orthodox,1988-12-01,http://ufcstats.com/fighter-details/303a05a7aa3ff761
Patrick Walsh,Patrick,Walsh,The Beast of the East,180.3,185.0,,,1988-11-28,http://ufcstats.com/fighter-details/b4c96c3d9139bf0e
Erick Wanderlei,Erick,Wanderlei,,185.4,205.0,,Orthodox,,http://ufcstats.com/fighter-details/d57e6a8971b6d2bd
Dimitiri Wanderley,Dimitiri,Wanderley,,,205.0,,Orthodox,,http://ufcstats.com/fighter-details/a1d6b308781aa2f5
Andy Wang,Andy,Wang,,167.6,155.0,,Orthodox,1977-05-28,http://ufcstats.com/fighter-details/476414d2f18cd059
Sai Wang,Sai,Wang,The Fire Kylin,182.9,170.0,,Southpaw,1986-01-14,http://ufcstats.com/fighter-details/efb9a43415a56d34
Anying Wang,Anying,Wang,,182.9,170.0,,Orthodox,1991-04-04,http://ufcstats.com/fighter-details/69e8c632135af48b
Wang Cong,Wang,Cong,The Joker,167.6,125.0,167.6,Southpaw,1992-05-15,http://ufcstats.com/fighter-details/2997e7fe3c9d3d4a
Joshua Wang-Kim,Joshua,Wang-Kim,Twin Dragon,175.3,135.0,180.3,Switch,1992-11-16,http://ufcstats.com/fighter-details/d538f13ab21d9633
Curt Warburton,Curt,Warburton,,182.9,155.0,185.4,Orthodox,,http://ufcstats.com/fighter-details/2721bb808bb2523c
Brennan Ward,Brennan,Ward,The Irish Bad Boy,177.8,170.0,180.3,,1988-06-28,http://ufcstats.com/fighter-details/67cd6495280b0a57
Charlie Ward,Charlie,Ward,,180.3,170.0,,Orthodox,1980-12-17,http://ufcstats.com/fighter-details/e81dd0bb8a64b550
Terrion Ware,Terrion,Ware,Flash,172.7,135.0,180.3,Orthodox,1986-03-31,http://ufcstats.com/fighter-details/ba5e253af86db1a8
Joe Warren,Joe,Warren,,167.6,135.0,,Orthodox,1976-10-31,http://ufcstats.com/fighter-details/c0c1bc0766df4c00
Brian Warren,Brian,Warren,Mr. Unbreakable,182.9,185.0,,Orthodox,,http://ufcstats.com/fighter-details/c4c4c7dd26c15d91
Merritt Warren,Merritt,Warren,,177.8,155.0,,Southpaw,,http://ufcstats.com/fighter-details/1e47dba648ea438c
Idris Wasi,Idris,Wasi,,182.9,186.0,,,1989-12-11,http://ufcstats.com/fighter-details/8a19676a3388845a
Kengo Watanabe,Kengo,Watanabe,,193.0,220.0,,Orthodox,1976-01-31,http://ufcstats.com/fighter-details/2abe38b81d68a24a
Kazuhisa Watanabe,Kazuhisa,Watanabe,,167.6,139.0,,,1983-05-18,http://ufcstats.com/fighter-details/951ffadfc4e917ea
Ron Waterman,Ron,Waterman,H20,188.0,280.0,,Orthodox,1965-11-23,http://ufcstats.com/fighter-details/efaf544314bb5c2e
Andy Waters,Andy,Waters,,182.9,170.0,,,,http://ufcstats.com/fighter-details/103e2e67919379c5
Dominic Waters,Dominic,Waters,Sho Nuff,185.4,170.0,200.7,Orthodox,1989-04-11,http://ufcstats.com/fighter-details/2de91c2244ad7e89
Trey Waters,Trey,Waters,The Truth,195.6,170.0,195.6,Orthodox,1995-02-21,http://ufcstats.com/fighter-details/31dbfbe4e7a6727c
Michelle Waterson-Gomez,Michelle,Waterson-Gomez,The Karate Hottie,160.0,115.0,157.5,Orthodox,1986-01-06,http://ufcstats.com/fighter-details/eb04b9d31e938edb
Sam Watford,Sam,Watford,,,155.0,,,,http://ufcstats.com/fighter-details/1836639ecf9b6e7f
Blake Watkins,Blake,Watkins,,,185.0,,,,http://ufcstats.com/fighter-details/117580b232409824
Kyle Watson,Kyle,Watson,,182.9,155.0,,Southpaw,1979-08-09,http://ufcstats.com/fighter-details/d7b2c0b53883ee80
Maka Watson,Maka,Watson,,,155.0,,,1984-09-22,http://ufcstats.com/fighter-details/a31dfd9e8b2dc6ca
Walel Watson,Walel,Watson,The Gazelle,180.3,135.0,190.5,Orthodox,1984-07-16,http://ufcstats.com/fighter-details/92aafa8f4b26269b
Tom Watson,Tom,Watson,Kong,185.4,185.0,185.4,Orthodox,1982-07-13,http://ufcstats.com/fighter-details/6809c31286b08d97
Enrique Watson,Enrique,Watson,,,185.0,,,,http://ufcstats.com/fighter-details/a99d4aa689bdca18
Brok Weaver,Brok,Weaver,Chata Tuska,182.9,155.0,185.4,Southpaw,1991-12-05,http://ufcstats.com/fighter-details/7c9f96f9a6a5cd50
Jonavin Webb,Jonavin,Webb,The Spyder,177.8,170.0,,Orthodox,1989-04-28,http://ufcstats.com/fighter-details/f40ec51dd4de47c3
Stephanie Webber,Stephanie,Webber,,167.6,135.0,,,,http://ufcstats.com/fighter-details/d44a84409bf0da64
Royston Wee,Royston,Wee,,170.2,135.0,170.2,Orthodox,1986-11-15,http://ufcstats.com/fighter-details/b9c03e7a4557e542
Darian Weeks,Darian,Weeks,,180.3,170.0,182.9,Orthodox,1993-11-23,http://ufcstats.com/fighter-details/326a001926ffb7ec
Joshua Weems,Joshua,Weems,Wide Open,172.7,135.0,175.3,Orthodox,1994-05-05,http://ufcstats.com/fighter-details/69888118d968ba52
Daniel Weichel,Daniel,Weichel,The Weasel,177.8,145.0,177.8,,1984-11-22,http://ufcstats.com/fighter-details/7b9dade6bedaabbe
Chris Weidman,Chris,Weidman,The All-American,188.0,185.0,198.1,Orthodox,1984-06-17,http://ufcstats.com/fighter-details/3a8176e15b9887c1
Mark Weir,Mark,Weir,The Wizard,188.0,185.0,,Southpaw,1967-09-19,http://ufcstats.com/fighter-details/9ccdd2ce45903f34
Christian Wellisch,Christian,Wellisch,The Hungarian Nightmare,188.0,234.0,195.6,Orthodox,1975-09-13,http://ufcstats.com/fighter-details/f1b2a4365799c48b
Malcolm Wellmaker,Malcolm,Wellmaker,The Machine,177.8,135.0,180.3,Switch,1994-06-04,http://ufcstats.com/fighter-details/2e45d08b3f2f02c8
Jeremiah Wells,Jeremiah,Wells,,175.3,170.0,188.0,Switch,1986-10-30,http://ufcstats.com/fighter-details/d66a46de8d705353
Fabricio Werdum,Fabricio,Werdum,Vai Cavalo,193.0,231.0,195.6,Orthodox,1977-07-30,http://ufcstats.com/fighter-details/492b202d2064e7a9
Mike Wessel,Mike,Wessel,Juggernaut,182.9,260.0,,Orthodox,1977-12-02,http://ufcstats.com/fighter-details/b51841e7c594090d
Dustin West,Dustin,West,,180.3,170.0,,,,http://ufcstats.com/fighter-details/5f5763b3a4de8dd4
Sheldon Westcott,Sheldon,Westcott,,185.4,170.0,180.3,Southpaw,1984-08-20,http://ufcstats.com/fighter-details/ec2d13a87d3d9541
Aaron Wetherspoon,Aaron,Wetherspoon,Slam,,170.0,,,,http://ufcstats.com/fighter-details/1ce7998e0a215caa
Coty Wheeler,Coty,Wheeler,Ox,167.6,135.0,170.2,Orthodox,1978-10-11,http://ufcstats.com/fighter-details/e57f0b06ea39e360
Vernon White,Vernon,White,Tiger,182.9,205.0,,Southpaw,1971-12-03,http://ufcstats.com/fighter-details/12458872d6afae1b
Steve White,Steve,White,,180.3,175.0,,,,http://ufcstats.com/fighter-details/d181689653115b6a
Alex White,Alex,White,The Spartan,182.9,155.0,180.3,Southpaw,1988-10-22,http://ufcstats.com/fighter-details/c17041f1bb5768d8
Craig White,Craig,White,The Thundercat,188.0,170.0,193.0,Orthodox,1990-07-01,http://ufcstats.com/fighter-details/3dd949593346dbc3
Patrik White,Patrik,White,Primetime,182.9,155.0,182.9,Orthodox,1993-06-11,http://ufcstats.com/fighter-details/4debc6c4c6249690
Robert Whiteford,Robert,Whiteford,The Hammer,175.3,145.0,175.3,Southpaw,1983-04-12,http://ufcstats.com/fighter-details/1dafccb62a0f98ec
Mike Whitehead,Mike,Whitehead,,185.4,205.0,,Orthodox,1981-06-29,http://ufcstats.com/fighter-details/22d1e00e1aabb7c9
Garett Whiteley,Garett,Whiteley,Goodnight,182.9,155.0,182.9,Orthodox,1980-12-13,http://ufcstats.com/fighter-details/129537073431e52e
Mitch Whitesel,Mitch,Whitesel,,175.3,185.0,,,1981-07-12,http://ufcstats.com/fighter-details/b6debbda44d4a5a0
Emily Whitmire,Emily,Whitmire,Spitfire,165.1,125.0,160.0,Orthodox,1991-05-24,http://ufcstats.com/fighter-details/b3d21b2610dcfaeb
Robert Whittaker,Robert,Whittaker,The Reaper,182.9,185.0,185.4,Orthodox,1990-12-20,http://ufcstats.com/fighter-details/e1147d3d2dabe1ce
Josh Wick,Josh,Wick,The White Mamba,175.3,155.0,175.3,Switch,1994-10-04,http://ufcstats.com/fighter-details/13935768cf8aeb86
Adam Wieczorek,Adam,Wieczorek,Siwy,195.6,250.0,205.7,Orthodox,1992-02-05,http://ufcstats.com/fighter-details/efa1f6b42c86793c
Orlando Wiet,Orlando,Wiet,The Gladiator,177.8,170.0,,Southpaw,,http://ufcstats.com/fighter-details/a6c2f5381d575920
Jonathan Wiezorek,Jonathan,Wiezorek,,190.5,250.0,,Southpaw,1978-02-10,http://ufcstats.com/fighter-details/60884f31ead1609c
Jakub Wiklacz,Jakub,Wiklacz,,177.8,135.0,182.9,Orthodox,1996-09-10,http://ufcstats.com/fighter-details/6902fcf0610dd303
Justin Wilcox,Justin,Wilcox,Silverback,167.6,155.0,,Orthodox,1979-03-12,http://ufcstats.com/fighter-details/4a482a0100cfcd0a
Joe Wilk,Joe,Wilk,The Nose,175.3,145.0,,,1982-04-12,http://ufcstats.com/fighter-details/781014fb7e8e647a
Aaron Wilkinson,Aaron,Wilkinson,The Daywalker,177.8,155.0,,Orthodox,1987-01-31,http://ufcstats.com/fighter-details/338a11d3674eb2d4
Mike Wilkinson,Mike,Wilkinson,The Warrior,170.2,145.0,167.6,Orthodox,1987-09-15,http://ufcstats.com/fighter-details/cfaf010d5b389c09
Rob Wilkinson,Rob,Wilkinson,Razor,190.5,185.0,203.2,Orthodox,1992-02-22,http://ufcstats.com/fighter-details/826475cc758e60e6
James Wilks,James,Wilks,Lightning,185.4,170.0,190.5,Orthodox,1978-05-04,http://ufcstats.com/fighter-details/852454c572675334
Tedd Williams,Tedd,Williams,,185.4,275.0,,Orthodox,1969-12-19,http://ufcstats.com/fighter-details/b63e800c18e011b5
Pete Williams,Pete,Williams,El Duro,190.5,235.0,,Orthodox,1975-07-10,http://ufcstats.com/fighter-details/6291ac0a3726732f
Rubin Williams,Rubin,Williams,Mr. Hollywood,185.4,185.0,,Orthodox,1976-04-09,http://ufcstats.com/fighter-details/6f812143641ceff8
Carter Williams,Carter,Williams,The Beast,185.4,265.0,,Orthodox,,http://ufcstats.com/fighter-details/b8e2f10efb6eca85
Patrick Williams,Patrick,Williams,The Animal,172.7,135.0,185.4,Orthodox,1981-09-07,http://ufcstats.com/fighter-details/39330403ad27c2bb
Tim Williams,Tim,Williams,The South Jersey Strangler,188.0,185.0,193.0,Orthodox,1986-07-03,http://ufcstats.com/fighter-details/990bd63726a577f8
Jordan Williams,Jordan,Williams,Bomaye,185.4,185.0,190.5,Southpaw,1990-10-13,http://ufcstats.com/fighter-details/e26bd53b751d61d9
Cole Williams,Cole,Williams,Havoc,182.9,170.0,185.4,Orthodox,1983-12-15,http://ufcstats.com/fighter-details/f9a20a17d712ef7c
Khaos Williams,Khaos,Williams,The OxFighter,182.9,170.0,195.6,Orthodox,1994-03-30,http://ufcstats.com/fighter-details/2558ae2e5671e318
Karl Williams,Karl,Williams,,190.5,235.0,200.7,Orthodox,1990-01-06,http://ufcstats.com/fighter-details/d35f734c56a89103
Tyshawn Williams,Tyshawn,Williams,,,145.0,,,1996-08-24,http://ufcstats.com/fighter-details/2e75399d5a934b0e
Karl Willis,Karl,Willis,,,,,,,http://ufcstats.com/fighter-details/95883dbdab4fcf0f
Justin Willis,Justin,Willis,Big Pretty,185.4,264.0,198.1,Southpaw,1987-07-19,http://ufcstats.com/fighter-details/ce1e867808ef5fce
Chris Wilson,Chris,Wilson,The Professor,185.4,170.0,190.5,Orthodox,1977-06-07,http://ufcstats.com/fighter-details/a56607a451e4c70d
Greg Wilson,Greg,Wilson,,,155.0,,,1988-10-02,http://ufcstats.com/fighter-details/9cc84087ee768342
Jonathan Wilson,Jonathan,Wilson,Johnny Bravo,188.0,205.0,190.5,Southpaw,1987-07-17,http://ufcstats.com/fighter-details/cd01f0b768a32475
Sean Wilson,Sean,Wilson,P-Town,172.7,145.0,,,1982-10-20,http://ufcstats.com/fighter-details/b8e6393c39cb9740
Westin Wilson,Westin,Wilson,,185.4,145.0,185.4,Southpaw,1989-01-24,http://ufcstats.com/fighter-details/7b3503352cd53abb
Damon Wilson,Damon,Wilson,The Nomad,175.3,145.0,175.3,Switch,1993-04-29,http://ufcstats.com/fighter-details/81254702b51cc832
Matt Wiman,Matt,Wiman,,177.8,155.0,172.7,Orthodox,1983-09-19,http://ufcstats.com/fighter-details/eb29176b03dfa888
Eddie Wineland,Eddie,Wineland,,170.2,135.0,175.3,Orthodox,1984-06-26,http://ufcstats.com/fighter-details/fc9a9559a05f2704
Deron Winn,Deron,Winn,,167.6,185.0,177.8,Orthodox,1989-06-13,http://ufcstats.com/fighter-details/483a953b18d73bb3
Andre Winner,Andre,Winner,,180.3,155.0,185.4,Orthodox,1981-11-09,http://ufcstats.com/fighter-details/b45d6b73f4ca4467
Anthony Wint,Anthony,Wint,Bow Down,,238.0,,,1995-09-14,http://ufcstats.com/fighter-details/b34976c022b24568
Eric Wisely,Eric,Wisely,Little Lee,172.7,145.0,,Southpaw,1984-07-25,http://ufcstats.com/fighter-details/53f84637dfffab7a
Keith Wisniewski,Keith,Wisniewski,The Polish Connection,182.9,170.0,,Orthodox,1981-10-25,http://ufcstats.com/fighter-details/cd12227edd3f134b
Jason Witt,Jason,Witt,The Vanilla Gorilla,177.8,170.0,177.8,Orthodox,1986-11-07,http://ufcstats.com/fighter-details/5f3805dda9661cba
Travis Wiuff,Travis,Wiuff,The Diesel,190.5,205.0,,Orthodox,1978-03-15,http://ufcstats.com/fighter-details/7f9f528cb72a6ed1
Ray Wizard,Ray,Wizard,,,,,,,http://ufcstats.com/fighter-details/ea0ad155451ed1f5
Karolina Wojcik,Karolina,Wojcik,Polish Assassin,157.5,115.0,,Orthodox,1994-12-09,http://ufcstats.com/fighter-details/b99b3620839ea911
Danyelle Wolf,Danyelle,Wolf,,180.3,145.0,177.8,Orthodox,1983-09-08,http://ufcstats.com/fighter-details/a7e3f02fe2b2fe30
Brandon Wolff,Brandon,Wolff,,175.3,170.0,,Orthodox,1975-10-18,http://ufcstats.com/fighter-details/aa79d5399571068e
Xue Do Won,Xue Do,Won,,170.2,165.0,,,,http://ufcstats.com/fighter-details/daa89f01e1c0f42a
Kwon Wonil,Kwon,Wonil,Pretty Boy,,135.0,,,1995-06-24,http://ufcstats.com/fighter-details/751aa58b7fb03c74
Joanne Wood,Joanne,Wood,JoJo,167.6,125.0,165.1,Orthodox,1985-12-23,http://ufcstats.com/fighter-details/12f91bfa8f1f723b
Nathaniel Wood,Nathaniel,Wood,The Last Kingsman,167.6,145.0,175.3,Orthodox,1993-05-08,http://ufcstats.com/fighter-details/329e403448756217
Val Woodburn,Val,Woodburn,The Animal,172.7,170.0,188.0,Orthodox,1993-08-10,http://ufcstats.com/fighter-details/7a47e068f8017019
Tyron Woodley,Tyron,Woodley,The Chosen One,175.3,170.0,188.0,Orthodox,1982-04-07,http://ufcstats.com/fighter-details/effd9de9937996f8
Salvador Woods,Salvador,Woods,,180.3,170.0,,,1985-02-05,http://ufcstats.com/fighter-details/8de471543d9c933e
Logan Woods,Logan,Woods,One Hit,,185.0,,,1994-05-30,http://ufcstats.com/fighter-details/133a9d2e6efd8a50
Sean Woodson,Sean,Woodson,The Sniper,188.0,145.0,198.1,Orthodox,1992-06-07,http://ufcstats.com/fighter-details/4682bc59d5f55145
Cal Worsham,Cal,Worsham,,180.3,230.0,,Orthodox,,http://ufcstats.com/fighter-details/de3ed2e152520c8d
Hunter Worsham,Hunter,Worsham,The Future,,185.0,,,,http://ufcstats.com/fighter-details/8fb808fc2e145bd6
Khama Worthy,Khama,Worthy,The Death Star,180.3,155.0,188.0,Orthodox,1986-10-15,http://ufcstats.com/fighter-details/78e501478a36a018
Eric Wray,Eric,Wray,,182.9,170.0,,Orthodox,,http://ufcstats.com/fighter-details/eb6edce3028f05c0
Justin Wren,Justin,Wren,The Viking,188.0,265.0,,Orthodox,1987-04-27,http://ufcstats.com/fighter-details/e78f601035d677f2
JW Wright,JW,Wright,,,130.0,,,1976-01-12,http://ufcstats.com/fighter-details/2a0b19a96f848eff
Chris Wright,Chris,Wright,,,,,,,http://ufcstats.com/fighter-details/7182146226dabe22
Jordan Wright,Jordan,Wright,The Beverly Hills Ninja,188.0,205.0,195.6,Orthodox,1991-10-07,http://ufcstats.com/fighter-details/c878270af633eb11
Marcin Wrzosek,Marcin,Wrzosek,The Polish Zombie,175.3,155.0,,,1987-10-14,http://ufcstats.com/fighter-details/aac6edb0d5e0b7e9
Wu Yanan,Wu,Yanan,Mulan,172.7,135.0,167.6,Orthodox,1996-04-18,http://ufcstats.com/fighter-details/fdbefee0827e1567
Wulijiburen,,Wulijiburen,Beast Master,175.3,135.0,175.3,Orthodox,1989-03-01,http://ufcstats.com/fighter-details/2296125b6c362355
Hailai Wushamo,Hailai,Wushamo,,,115.0,,,2000-09-03,http://ufcstats.com/fighter-details/78f4cad9548b79e1
Wuziazibieke Jiahefu,Wuziazibieke,Jiahefu,Prairie Kitty,175.3,145.0,177.8,Orthodox,1990-04-09,http://ufcstats.com/fighter-details/2d077e22886298be
Rubens Xavier,Rubens,Xavier,Macula,190.5,220.0,,Orthodox,,http://ufcstats.com/fighter-details/e6dac752a2418a88
Xiao Long,Xiao,Long,,172.7,135.0,177.8,Orthodox,1998-04-13,http://ufcstats.com/fighter-details/86bace9e4ad85542
Xie Bin,Xie,Bin,The Stalker,177.8,145.0,182.9,Orthodox,1998-02-28,http://ufcstats.com/fighter-details/e415ea6f8d41c917
Xiong Jingnan,Xiong,Jingnan,The Panda,,115.0,,,1988-01-12,http://ufcstats.com/fighter-details/2cdb479a0ef0ee1d
Jamie Yager,Jamie,Yager,The Chosyn 1,185.4,185.0,,Orthodox,1983-11-29,http://ufcstats.com/fighter-details/85248da6e9e2f7e7
Eddie Yagin,Eddie,Yagin,The Filipino Phenom,170.2,145.0,,Orthodox,1979-03-23,http://ufcstats.com/fighter-details/cc84b68f862b466f
Rani Yahya,Rani,Yahya,,167.6,135.0,170.2,Orthodox,1984-09-12,http://ufcstats.com/fighter-details/94527830000ab715
Mohammad Yahya,Mohammad,Yahya,The UAE Warrior,175.3,145.0,185.4,Switch,1994-05-23,http://ufcstats.com/fighter-details/3753714927f18437
Abdul Rakhman Yakhyaev,Abdul Rakhman,Yakhyaev,The Hunter,188.0,205.0,198.1,Orthodox,2001-01-03,http://ufcstats.com/fighter-details/95aff2fd8d09a5f0
Alexander Yakovlev,Alexander,Yakovlev,Russian Thunder,190.5,155.0,188.0,Southpaw,1984-07-18,http://ufcstats.com/fighter-details/d06f8869449ba7bd
Keiichiro Yamamiya,Keiichiro,Yamamiya,,180.3,185.0,,Southpaw,1972-07-12,http://ufcstats.com/fighter-details/6014d25e73b669c9
Kenichi Yamamoto,Kenichi,Yamamoto,,182.9,170.0,,Orthodox,1976-07-11,http://ufcstats.com/fighter-details/9f488f520ed25bbf
Yoshihisa Yamamoto,Yoshihisa,Yamamoto,,188.0,220.0,,Southpaw,1970-07-04,http://ufcstats.com/fighter-details/eed2b71d77d95416
Atsushi Yamamoto,Atsushi,Yamamoto,,167.6,139.0,,Orthodox,1980-10-02,http://ufcstats.com/fighter-details/351264d11286d09a
Norifumi Yamamoto,Norifumi,Yamamoto,Kid,162.6,135.0,167.6,Southpaw,1977-03-15,http://ufcstats.com/fighter-details/4834ff149dc9542a
Hiroko Yamanaka,Hiroko,Yamanaka,Cat's Eye,180.3,135.0,,,1978-10-24,http://ufcstats.com/fighter-details/283645128ae57eda
Goiti Yamauchi,Goiti,Yamauchi,,177.8,145.0,,,1993-01-05,http://ufcstats.com/fighter-details/9e1a7101fefe9746
Wataru Yamauchi,Wataru,Yamauchi,,167.6,125.0,172.7,Orthodox,1999-06-22,http://ufcstats.com/fighter-details/d8bf3df51ff3a270
Takeshi Yamazaki,Takeshi,Yamazaki,,172.7,139.0,,Southpaw,,http://ufcstats.com/fighter-details/d1d20e651e6cbc02
Yan Xiaonan,Yan,Xiaonan,,165.1,115.0,160.0,Orthodox,1989-06-16,http://ufcstats.com/fighter-details/c41d426cc7326d1b
Petr Yan,Petr,Yan,No Mercy,170.2,135.0,170.2,Switch,1993-02-11,http://ufcstats.com/fighter-details/d661ce4da776fc20
Yan Qihui,Yan,Qihui,Queen Kong,160.0,125.0,157.5,Orthodox,1996-10-21,http://ufcstats.com/fighter-details/5c9c2e247c836b67
Yuito Yanagawa,Yuito,Yanagawa,,,145.0,,,2000-10-16,http://ufcstats.com/fighter-details/7c592bf20095fd17
Adam Yandiev,Adam,Yandiev,Boroda,175.3,185.0,188.0,Orthodox,1988-08-07,http://ufcstats.com/fighter-details/0a95c474e61a6c44
Adrian Yanez,Adrian,Yanez,,170.2,135.0,177.8,Orthodox,1993-11-29,http://ufcstats.com/fighter-details/0232cabbc30a2372
Dongi Yang,Dongi,Yang,The Ox,177.8,185.0,185.4,Southpaw,1984-12-07,http://ufcstats.com/fighter-details/aed06011bf62237b
Jianping Yang,Jianping,Yang,,170.2,145.0,,Orthodox,1988-11-27,http://ufcstats.com/fighter-details/d3c554d6e11fc9d6
John Yannis,John,Yannis,,170.2,145.0,177.8,Southpaw,1994-07-07,http://ufcstats.com/fighter-details/450bcab0968562c4
Masutatsu Yano,Masutatsu,Yano,,175.3,198.0,,Orthodox,1975-07-11,http://ufcstats.com/fighter-details/d56caaa5e123f518
Emmanuel Yarborough,Emmanuel,Yarborough,,203.2,770.0,,Open Stance,1960-09-05,http://ufcstats.com/fighter-details/2299605af59fd309
Cale Yarbrough,Cale,Yarbrough,,185.4,185.0,,Orthodox,1986-12-27,http://ufcstats.com/fighter-details/a0b91014e9d16a76
Tadao Yasuda,Tadao,Yasuda,,193.0,310.0,,Orthodox,1963-10-09,http://ufcstats.com/fighter-details/49e7e05f902479ca
Yoshiaki Yatsu,Yoshiaki,Yatsu,,185.4,165.0,,Orthodox,1956-07-19,http://ufcstats.com/fighter-details/620be7e0712d431b
Chris Yee,Chris,Yee,,175.3,185.0,,,,http://ufcstats.com/fighter-details/920632ca1b78fae5
Yibugele,,Yibugele,Eagle,170.2,145.0,175.3,Southpaw,1989-11-13,http://ufcstats.com/fighter-details/cc2fcae2c0dc501d
Yin Shuai,Yin,Shuai,Black Panther,165.1,125.0,167.6,Southpaw,1997-01-01,http://ufcstats.com/fighter-details/a78dc3910554dbae
Yizha,,Yizha,,170.2,145.0,180.3,Orthodox,1997-01-08,http://ufcstats.com/fighter-details/3f11fd1751fa83b1
Ashley Yoder,Ashley,Yoder,SpiderMonkey,170.2,115.0,175.3,Southpaw,1987-10-20,http://ufcstats.com/fighter-details/b4c6c904a9ffc5e8
Hirotaka Yokoi,Hirotaka,Yokoi,Kaibatsu-Kun,180.3,205.0,,Orthodox,1978-06-08,http://ufcstats.com/fighter-details/35585d970300d45a
Kazunori Yokota,Kazunori,Yokota,,172.7,154.0,,Orthodox,1978-04-03,http://ufcstats.com/fighter-details/a8e8587a06e73c87
John Yoo,John,Yoo,,,135.0,,,,http://ufcstats.com/fighter-details/40eb2aef4d5577d4
SangHoon Yoo,SangHoon,Yoo,Assassin,182.9,170.0,188.0,Orthodox,1990-01-18,http://ufcstats.com/fighter-details/00b490982afd1b17
JooSang Yoo,JooSang,Yoo,Zombie Jr.,170.2,145.0,180.3,Orthodox,1994-01-21,http://ufcstats.com/fighter-details/a44020ea2e8cd026
Dong Sik Yoon,Dong Sik,Yoon,,182.9,185.0,,Orthodox,1972-08-24,http://ufcstats.com/fighter-details/ad99fa5325519169
ChangMin Yoon,ChangMin,Yoon,The Big Heart,172.7,145.0,177.8,Orthodox,1994-05-10,http://ufcstats.com/fighter-details/29ab96eae72bad9f
Yoshiyuki Yoshida,Yoshiyuki,Yoshida,Zenko,180.3,170.0,177.8,Southpaw,1974-05-10,http://ufcstats.com/fighter-details/ab8900ae1f1dfd4c
Hidehiko Yoshida,Hidehiko,Yoshida,,180.3,225.0,,Orthodox,1969-09-03,http://ufcstats.com/fighter-details/2eae41f61776c60f
Kai Yoshida,Kai,Yoshida,Scorpion,175.3,125.0,175.3,Southpaw,1999-10-10,http://ufcstats.com/fighter-details/2e517966267a468a
SuYoung You,SuYoung,You,Yoo-Jitsu,167.6,135.0,165.1,Orthodox,1995-12-11,http://ufcstats.com/fighter-details/a474aade8eb3a8f0
Kaitlin Young,Kaitlin,Young,,175.3,135.0,,Orthodox,1985-09-15,http://ufcstats.com/fighter-details/79ff6545b0abc685
Artenus Young,Artenus,Young,,,205.0,,,1980-07-16,http://ufcstats.com/fighter-details/8d4943a9ce9f521b
Trenell Young,Trenell,Young,Savant,167.6,145.0,,Orthodox,1976-06-19,http://ufcstats.com/fighter-details/bf5183e1c1afc3b2
Jason Young,Jason,Young,Shotgun,175.3,145.0,185.4,Orthodox,1986-06-28,http://ufcstats.com/fighter-details/f59e9e49ef85b469
Shane Young,Shane,Young,Smokin',172.7,145.0,182.9,Orthodox,1993-07-31,http://ufcstats.com/fighter-details/4cd8b03aee1d0138
Shanna Young,Shanna,Young,The Shanimal,170.2,125.0,165.1,Orthodox,1991-02-20,http://ufcstats.com/fighter-details/568bbad0eaced57c
Gauge Young,Gauge,Young,Gee Money,175.3,155.0,177.8,Orthodox,2000-07-14,http://ufcstats.com/fighter-details/b2a78df161bd67f9
Besam Yousef,Besam,Yousef,,180.3,170.0,,Orthodox,1985-03-25,http://ufcstats.com/fighter-details/98ec9f385cca47fc
Han Ten Yun,Han Ten,Yun,,180.3,220.0,,,,http://ufcstats.com/fighter-details/67ec58d7cf599835
Rob Yundt,Rob,Yundt,Monster,185.4,185.0,,Orthodox,1980-05-05,http://ufcstats.com/fighter-details/42078a86d3dd037b
Sodiq Yusuff,Sodiq,Yusuff,Super,175.3,155.0,180.3,Orthodox,1993-05-19,http://ufcstats.com/fighter-details/94426bb170c88115
Gilbert Yvel,Gilbert,Yvel,The Hurricane,188.0,225.0,195.6,Orthodox,1976-06-30,http://ufcstats.com/fighter-details/d29b5c4f22c6357d
Luke Zachrich,Luke,Zachrich,,188.0,185.0,188.0,Orthodox,1981-12-19,http://ufcstats.com/fighter-details/2284092f8b63273b
Anton Zafir,Anton,Zafir,The Professor,180.3,170.0,,Orthodox,1987-05-10,http://ufcstats.com/fighter-details/8c822811eedc11ad
Aiemann Zahabi,Aiemann,Zahabi,Icemann,172.7,135.0,172.7,Orthodox,1987-11-19,http://ufcstats.com/fighter-details/24656ef4d605c96f
Joao Zaiden,Joao,Zaiden,,,205.0,,,1993-03-16,http://ufcstats.com/fighter-details/6b614bda982f5214
Youssef Zalal,Youssef,Zalal,The Moroccan Devil,177.8,145.0,182.9,Switch,1996-09-04,http://ufcstats.com/fighter-details/52c2ae6d2f2d2613
Elizeu Zaleski dos Santos,Elizeu,Zaleski dos Santos,Capoeira,180.3,170.0,185.4,Orthodox,1986-12-11,http://ufcstats.com/fighter-details/8adcbd525fab8d9b
Zach Zane,Zach,Zane,The Hurricane,170.2,145.0,175.3,Southpaw,1989-12-14,http://ufcstats.com/fighter-details/cc3878d1ab41a5fa
Roger Zapata,Roger,Zapata,Viva,180.3,170.0,,Southpaw,1986-05-09,http://ufcstats.com/fighter-details/fe5ca7ef93c3f6a7
Marius Zaromskis,Marius,Zaromskis,The Whitemare,175.3,170.0,,Orthodox,1980-07-30,http://ufcstats.com/fighter-details/abcf7e55a0a9ed89
David Zawada,David,Zawada,Sagat,182.9,170.0,190.5,Orthodox,1990-08-01,http://ufcstats.com/fighter-details/3bb2dc8e87b10a46
Magomed Zaynukov,Magomed,Zaynukov,Wild Chanco,,155.0,,Orthodox,1995-01-02,http://ufcstats.com/fighter-details/04ff3a711504d6b3
Manolo Zecchini,Manolo,Zecchini,Angelo Veneziano,172.7,145.0,172.7,Orthodox,1996-10-22,http://ufcstats.com/fighter-details/fd7ab338e4953644
Joao Zeferino,Joao,Zeferino,The Brazilian Samurai,180.3,170.0,,Orthodox,1986-01-15,http://ufcstats.com/fighter-details/be4076c9e8d791e3
Daniel Zellhuber,Daniel,Zellhuber,Golden Boy,185.4,155.0,195.6,Switch,1999-07-07,http://ufcstats.com/fighter-details/4148802ae4a50768
Craig Zellner,Craig,Zellner,Big Z,188.0,205.0,,Orthodox,1976-09-09,http://ufcstats.com/fighter-details/3794e5e0bb0defb6
Rickson Zenidim,Rickson,Zenidim,The King,170.2,125.0,170.2,Orthodox,1999-02-17,http://ufcstats.com/fighter-details/c879d8620261b1a3
Roman Zentsov,Roman,Zentsov,The Russian Hammer,185.4,230.0,,Orthodox,1973-09-10,http://ufcstats.com/fighter-details/3144121470023e9a
Carlos Zevallos,Carlos,Zevallos,,182.9,205.0,,Orthodox,,http://ufcstats.com/fighter-details/cbf69fa846c7e3ee
Zhang Tiequan,Zhang,Tiequan,The Wolf,172.7,155.0,175.3,Orthodox,1978-07-25,http://ufcstats.com/fighter-details/c23e3d4875340d8d
Zhang Lipeng,Zhang,Lipeng,The Warrior,180.3,155.0,180.3,Southpaw,1990-03-10,http://ufcstats.com/fighter-details/7b310409440c9102
Zhang Weili,Zhang,Weili,Magnum,162.6,115.0,160.0,Switch,1989-08-13,http://ufcstats.com/fighter-details/1ebe20ebbfa15e29
Zhang Mingyang,Zhang,Mingyang,Mountain Tiger,188.0,205.0,190.5,Orthodox,1998-08-16,http://ufcstats.com/fighter-details/8a65fd9ba31fd3f7
Zhang Qinghe,Zhang,Qinghe,,170.2,135.0,170.2,Southpaw,2001-11-05,http://ufcstats.com/fighter-details/45c7979c71751fcf
Zhang Zhenyang,Zhang,Zhenyang,,,155.0,,,,http://ufcstats.com/fighter-details/286e1d61fb315355
Daermisi Zhawupasi,Daermisi,Zhawupasi,,172.7,135.0,172.7,Switch,1999-09-15,http://ufcstats.com/fighter-details/fd52e5f9ab25c94c
Daria Zhelezniakova,Daria,Zhelezniakova,Iron Lady,175.3,135.0,172.7,Orthodox,1996-01-23,http://ufcstats.com/fighter-details/07047eb7d17fb0a2
Yao Zhikui,Yao,Zhikui,The Conqueror,165.1,125.0,162.6,Orthodox,1991-02-07,http://ufcstats.com/fighter-details/5ea918ea81b7dee2
Zhou Kun,Zhou,Kun,Mandrill,,125.0,,,,http://ufcstats.com/fighter-details/d027fff39a34a9df
Zhu Kangjie,Zhu,Kangjie,,172.7,145.0,177.8,Orthodox,1996-01-16,http://ufcstats.com/fighter-details/6f4ec5aa3eced219
Zhalgas Zhumagulov,Zhalgas,Zhumagulov,,162.6,125.0,167.6,Switch,1988-08-29,http://ufcstats.com/fighter-details/55fa6ce3e522c8bb
Fares Ziam,Fares,Ziam,The Smile Killer,185.4,155.0,190.5,Orthodox,1997-03-21,http://ufcstats.com/fighter-details/1e4f273069fb9e85
Mike Zichelle,Mike,Zichelle,,,205.0,,,,http://ufcstats.com/fighter-details/6d3398b910461f2f
James Zikic,James,Zikic,The Messenger,188.0,205.0,,Orthodox,1977-03-01,http://ufcstats.com/fighter-details/4b4fc3ddc307bc73
Errol Zimmerman,Errol,Zimmerman,The Bonecrusher,190.5,185.0,,Orthodox,1986-04-20,http://ufcstats.com/fighter-details/0aa74d04c196800c
Cat Zingano,Cat,Zingano,Alpha,167.6,145.0,172.7,Southpaw,1982-07-01,http://ufcstats.com/fighter-details/3ecd936bd8814108
Igor Zinoviev,Igor,Zinoviev,Houdini,185.4,199.0,,Orthodox,,http://ufcstats.com/fighter-details/108afe61a26bcbf4
Dave Zitanick,Dave,Zitanick,,,170.0,,,1980-03-05,http://ufcstats.com/fighter-details/be124bdd60fab7d5
Alex Zuniga,Alex,Zuniga,,,145.0,,,,http://ufcstats.com/fighter-details/02d808afb96669de
George Zuniga,George,Zuniga,,175.3,185.0,,,,http://ufcstats.com/fighter-details/1291dd6b8ab4d952
Allan Zuniga,Allan,Zuniga,Tigre,170.2,155.0,177.8,Orthodox,1992-04-04,http://ufcstats.com/fighter-details/523af801b3429015
Brahyam Zurcher,Brahyam,Zurcher,El Jarretas,177.8,145.0,177.8,Orthodox,1996-03-10,http://ufcstats.com/fighter-details/392878af4680849f
Virgil Zwicker,Virgil,Zwicker,RezDog,188.0,205.0,188.0,,1982-06-26,http://ufcstats.com/fighter-details/0c277f3ff66b0208
